graph_id,family,n,arm,shots,call_idx,round_id,seed,boundary_on,k,p,angle_source,epsilon,incumbent_cut,num_interior_edges,num_boundary_edges,boundary_norm,boundary_max_abs,exact_best_cut,exact_improvement,headroom_positive,num_candidates,selected_candidate_index,s_eff,warmstart_overlap,best_sampled_cut,best_sampled_improvement,num_improving_samples,improving_sample_probability,accepted,accepted_improvement,new_cut
3-regular_n100_g0,3-regular,100,LS-only,,,,,,,,,,130.0,,,,,,,,,,,,,,,,,,130.0
3-regular_n100_g0,3-regular,100,QAOA-BF,32,0,0,100032,True,12,1,wurtz_lykov_3reg_p1,0.1,130.0,11,14,4.898979485566356,2.0,131.0,1.0,True,6,5,1.4348601079588785,0.3161440210996806,130.0,0.0,0,0.0,False,0.0,130.0
3-regular_n100_g0,3-regular,100,QAOA-NB,32,0,0,100032,False,12,1,wurtz_lykov_3reg_p1,0.1,130.0,11,14,0.0,0.0,131.0,1.0,True,6,5,1.0,0.15241636923846383,130.0,0.0,0,0.0,False,0.0,130.0
3-regular_n100_g0,3-regular,100,QAOA-BF,32,1,1,100033,True,12,1,wurtz_lykov_3reg_p1,0.1,130.0,11,14,5.291502622129181,2.0,130.0,0.0,False,6,0,1.4719601443879744,0.4355523174044294,130.0,0.0,0,0.0,False,0.0,130.0
3-regular_n100_g0,3-regular,100,QAOA-NB,32,1,1,100033,False,12,1,wurtz_lykov_3reg_p1,0.1,130.0,11,14,0.0,0.0,130.0,0.0,False,6,0,1.0,0.17604402706718542,130.0,0.0,0,0.0,False,0.0,130.0
3-regular_n100_g0,3-regular,100,QAOA-BF,32,2,2,100034,True,12,1,wurtz_lykov_3reg_p1,0.1,130.0,12,12,4.0,2.0,131.0,1.0,True,6,2,1.3228756555322954,0.37038214208756165,130.0,0.0,0,0.0,False,0.0,130.0
3-regular_n100_g0,3-regular,100,QAOA-NB,32,2,2,100034,False,12,1,wurtz_lykov_3reg_p1,0.1,130.0,12,12,0.0,0.0,131.0,1.0,True,6,2,1.0,0.2301968103635881,130.0,0.0,0,0.0,False,0.0,130.0
3-regular_n100_g0,3-regular,100,QAOA-BF,32,3,3,100035,True,12,1,wurtz_lykov_3reg_p1,0.1,130.0,12,12,4.242640687119285,2.0,131.0,1.0,True,6,0,1.2909944487358056,0.4250127838989007,131.0,1.0,1,0.03125,True,1.0,131.0
3-regular_n100_g0,3-regular,100,QAOA-NB,32,3,3,100035,False,12,1,wurtz_lykov_3reg_p1,0.1,130.0,12,12,0.0,0.0,131.0,1.0,True,6,0,1.0,0.2725252731169584,130.0,0.0,0,0.0,False,0.0,130.0
3-regular_n100_g0,3-regular,100,QAOA-BF,32,4,4,100036,True,12,1,wurtz_lykov_3reg_p1,0.1,130.0,12,12,4.242640687119285,2.0,130.0,0.0,False,6,0,1.2909944487358056,0.5256730535513989,130.0,0.0,0,0.0,False,0.0,130.0
3-regular_n100_g0,3-regular,100,QAOA-NB,32,4,4,100036,False,12,1,wurtz_lykov_3reg_p1,0.1,130.0,12,12,0.0,0.0,130.0,0.0,False,6,0,1.0,0.2867644773597133,130.0,0.0,0,0.0,False,0.0,130.0
3-regular_n100_g0,3-regular,100,QAOA-BF,32,5,5,100037,True,12,1,wurtz_lykov_3reg_p1,0.1,130.0,11,14,4.0,2.0,130.0,0.0,False,6,0,1.3416407864998738,0.4952997567901892,130.0,0.0,0,0.0,False,0.0,130.0
3-regular_n100_g0,3-regular,100,QAOA-NB,32,5,5,100037,False,12,1,wurtz_lykov_3reg_p1,0.1,130.0,11,14,0.0,0.0,130.0,0.0,False,6,0,1.0,0.36386562008926066,130.0,0.0,0,0.0,False,0.0,130.0
3-regular_n100_g0,3-regular,100,QAOA-BF,32,6,6,100038,True,12,1,wurtz_lykov_3reg_p1,0.1,130.0,11,14,4.47213595499958,2.0,131.0,1.0,True,6,5,1.3919410907075054,0.3649016603208151,130.0,0.0,0,0.0,False,0.0,130.0
3-regular_n100_g0,3-regular,100,QAOA-NB,32,6,6,100038,False,12,1,wurtz_lykov_3reg_p1,0.1,130.0,11,14,0.0,0.0,131.0,1.0,True,6,5,1.0,0.17604402706718536,130.0,0.0,0,0.0,False,0.0,130.0
3-regular_n100_g0,3-regular,100,QAOA-BF,32,7,7,100039,True,12,1,wurtz_lykov_3reg_p1,0.1,130.0,12,12,3.1622776601683795,2.0,132.0,2.0,True,6,1,1.1726039399558574,0.36061933153509573,130.0,0.0,0,0.0,False,0.0,130.0
3-regular_n100_g0,3-regular,100,QAOA-NB,32,7,7,100039,False,12,1,wurtz_lykov_3reg_p1,0.1,130.0,12,12,0.0,0.0,132.0,2.0,True,6,1,1.0,0.2725252731169584,130.0,0.0,0,0.0,False,0.0,130.0
3-regular_n100_g0,3-regular,100,QAOA-BF,128,0,0,100128,True,12,1,wurtz_lykov_3reg_p1,0.1,130.0,12,12,4.242640687119285,2.0,131.0,1.0,True,6,3,1.2909944487358056,0.4249671033485573,131.0,1.0,1,0.0078125,True,1.0,131.0
3-regular_n100_g0,3-regular,100,QAOA-NB,128,0,0,100128,False,12,1,wurtz_lykov_3reg_p1,0.1,130.0,12,12,0.0,0.0,131.0,1.0,True,6,3,1.0,0.26829748241761514,131.0,1.0,1,0.0078125,True,1.0,131.0
3-regular_n100_g0,3-regular,100,QAOA-BF,128,1,1,100129,True,12,1,wurtz_lykov_3reg_p1,0.1,130.0,11,14,5.291502622129181,2.0,131.0,1.0,True,6,0,1.4719601443879744,0.35507123784987055,130.0,0.0,0,0.0,False,0.0,130.0
3-regular_n100_g0,3-regular,100,QAOA-NB,128,1,1,100129,False,12,1,wurtz_lykov_3reg_p1,0.1,130.0,11,14,0.0,0.0,131.0,1.0,True,6,0,1.0,0.15211176553515351,130.0,0.0,0,0.0,False,0.0,130.0
3-regular_n100_g0,3-regular,100,QAOA-BF,128,2,2,100130,True,12,1,wurtz_lykov_3reg_p1,0.1,130.0,12,12,4.242640687119285,2.0,131.0,1.0,True,6,1,1.2909944487358056,0.42785161238863034,130.0,0.0,0,0.0,False,0.0,130.0
3-regular_n100_g0,3-regular,100,QAOA-NB,128,2,2,100130,False,12,1,wurtz_lykov_3reg_p1,0.1,130.0,12,12,0.0,0.0,131.0,1.0,True,6,1,1.0,0.24436999840762297,131.0,1.0,2,0.015625,True,1.0,131.0
3-regular_n100_g0,3-regular,100,QAOA-BF,128,3,3,100131,True,12,1,wurtz_lykov_3reg_p1,0.1,130.0,11,14,3.4641016151377544,2.0,130.0,0.0,False,6,0,1.2817398889233114,0.3581525471263467,130.0,0.0,0,0.0,False,0.0,130.0
3-regular_n100_g0,3-regular,100,QAOA-NB,128,3,3,100131,False,12,1,wurtz_lykov_3reg_p1,0.1,130.0,11,14,0.0,0.0,130.0,0.0,False,6,0,1.0,0.30738199378850956,130.0,0.0,0,0.0,False,0.0,130.0
3-regular_n100_g0,3-regular,100,QAOA-BF,128,4,4,100132,True,12,1,wurtz_lykov_3reg_p1,0.1,130.0,11,14,3.4641016151377544,2.0,132.0,2.0,True,6,4,1.2817398889233114,0.299332294094944,131.0,1.0,1,0.0078125,True,1.0,131.0
3-regular_n100_g0,3-regular,100,QAOA-NB,128,4,4,100132,False,12,1,wurtz_lykov_3reg_p1,0.1,130.0,11,14,0.0,0.0,132.0,2.0,True,6,4,1.0,0.21469703639132903,130.0,0.0,0,0.0,False,0.0,130.0
3-regular_n100_g0,3-regular,100,QAOA-BF,128,5,5,100133,True,12,1,wurtz_lykov_3reg_p1,0.1,130.0,11,14,4.47213595499958,2.0,130.0,0.0,False,6,0,1.3919410907075054,0.4340663885820738,130.0,0.0,0,0.0,False,0.0,130.0
3-regular_n100_g0,3-regular,100,QAOA-NB,128,5,5,100133,False,12,1,wurtz_lykov_3reg_p1,0.1,130.0,11,14,0.0,0.0,130.0,0.0,False,6,0,1.0,0.30738199378850956,130.0,0.0,0,0.0,False,0.0,130.0
3-regular_n100_g0,3-regular,100,QAOA-BF,128,6,6,100134,True,12,1,wurtz_lykov_3reg_p1,0.1,130.0,12,12,4.242640687119285,2.0,132.0,2.0,True,6,0,1.2909944487358056,0.34787281234475587,131.0,1.0,1,0.0078125,True,1.0,131.0
3-regular_n100_g0,3-regular,100,QAOA-NB,128,6,6,100134,False,12,1,wurtz_lykov_3reg_p1,0.1,130.0,12,12,0.0,0.0,132.0,2.0,True,6,0,1.0,0.1939204715570197,130.0,0.0,0,0.0,False,0.0,130.0
3-regular_n100_g0,3-regular,100,QAOA-BF,128,7,7,100135,True,12,1,wurtz_lykov_3reg_p1,0.1,130.0,11,14,4.0,2.0,130.0,0.0,False,6,0,1.3416407864998738,0.40029400719811303,130.0,0.0,0,0.0,False,0.0,130.0
3-regular_n100_g0,3-regular,100,QAOA-NB,128,7,7,100135,False,12,1,wurtz_lykov_3reg_p1,0.1,130.0,11,14,0.0,0.0,130.0,0.0,False,6,0,1.0,0.25339091442872763,130.0,0.0,0,0.0,False,0.0,130.0
3-regular_n100_g0,3-regular,100,QAOA-BF,512,0,0,100512,True,12,1,wurtz_lykov_3reg_p1,0.1,130.0,12,12,4.47213595499958,2.0,132.0,2.0,True,6,4,1.3719886811400708,0.3267108375639566,132.0,2.0,4,0.0078125,True,2.0,132.0
3-regular_n100_g0,3-regular,100,QAOA-NB,512,0,0,100512,False,12,1,wurtz_lykov_3reg_p1,0.1,130.0,12,12,0.0,0.0,132.0,2.0,True,6,4,1.0,0.20340504059379247,131.0,1.0,3,0.005859375,True,1.0,131.0
3-regular_n100_g0,3-regular,100,QAOA-BF,512,1,1,100513,True,12,1,wurtz_lykov_3reg_p1,0.1,130.0,12,12,4.242640687119285,2.0,130.0,0.0,False,6,0,1.2909944487358056,0.4253285645138492,130.0,0.0,0,0.0,False,0.0,130.0
3-regular_n100_g0,3-regular,100,QAOA-NB,512,1,1,100513,False,12,1,wurtz_lykov_3reg_p1,0.1,130.0,12,12,0.0,0.0,130.0,0.0,False,6,0,1.0,0.18823312781143522,130.0,0.0,0,0.0,False,0.0,130.0
3-regular_n100_g0,3-regular,100,QAOA-BF,512,2,2,100514,True,12,1,wurtz_lykov_3reg_p1,0.1,130.0,11,14,4.898979485566356,2.0,130.0,0.0,False,6,0,1.4348601079588785,0.48791370183722854,130.0,0.0,0,0.0,False,0.0,130.0
3-regular_n100_g0,3-regular,100,QAOA-NB,512,2,2,100514,False,12,1,wurtz_lykov_3reg_p1,0.1,130.0,11,14,0.0,0.0,130.0,0.0,False,6,0,1.0,0.24668078473388885,130.0,0.0,0,0.0,False,0.0,130.0
3-regular_n100_g0,3-regular,100,QAOA-BF,512,3,3,100515,True,12,1,wurtz_lykov_3reg_p1,0.1,130.0,11,14,4.0,2.0,131.0,1.0,True,6,0,1.3416407864998738,0.3203040001243232,130.0,0.0,0,0.0,False,0.0,130.0
3-regular_n100_g0,3-regular,100,QAOA-NB,512,3,3,100515,False,12,1,wurtz_lykov_3reg_p1,0.1,130.0,11,14,0.0,0.0,131.0,1.0,True,6,0,1.0,0.2716069211628067,130.0,0.0,0,0.0,False,0.0,130.0
3-regular_n100_g0,3-regular,100,QAOA-BF,512,4,4,100516,True,12,1,wurtz_lykov_3reg_p1,0.1,130.0,11,14,4.47213595499958,2.0,131.0,1.0,True,6,1,1.3919410907075054,0.3552059082244666,131.0,1.0,1,0.001953125,True,1.0,131.0
3-regular_n100_g0,3-regular,100,QAOA-NB,512,4,4,100516,False,12,1,wurtz_lykov_3reg_p1,0.1,130.0,11,14,0.0,0.0,131.0,1.0,True,6,1,1.0,0.21469703639132898,130.0,0.0,0,0.0,False,0.0,130.0
3-regular_n100_g0,3-regular,100,QAOA-BF,512,5,5,100517,True,12,1,wurtz_lykov_3reg_p1,0.1,130.0,12,12,4.0,2.0,131.0,1.0,True,6,3,1.3228756555322954,0.3703821420875615,131.0,1.0,4,0.0078125,True,1.0,131.0
3-regular_n100_g0,3-regular,100,QAOA-NB,512,5,5,100517,False,12,1,wurtz_lykov_3reg_p1,0.1,130.0,12,12,0.0,0.0,131.0,1.0,True,6,3,1.0,0.2301968103635881,131.0,1.0,3,0.005859375,True,1.0,131.0
3-regular_n100_g0,3-regular,100,QAOA-BF,512,6,6,100518,True,12,1,wurtz_lykov_3reg_p1,0.1,130.0,12,12,4.0,2.0,130.0,0.0,False,6,0,1.3228756555322954,0.3651822165893825,130.0,0.0,0,0.0,False,0.0,130.0
3-regular_n100_g0,3-regular,100,QAOA-NB,512,6,6,100518,False,12,1,wurtz_lykov_3reg_p1,0.1,130.0,12,12,0.0,0.0,130.0,0.0,False,6,0,1.0,0.23019681036358822,130.0,0.0,0,0.0,False,0.0,130.0
3-regular_n100_g0,3-regular,100,QAOA-BF,512,7,7,100519,True,12,1,wurtz_lykov_3reg_p1,0.1,130.0,11,14,4.47213595499958,2.0,131.0,1.0,True,6,1,1.3919410907075054,0.36008750046489524,131.0,1.0,2,0.00390625,True,1.0,131.0
3-regular_n100_g0,3-regular,100,QAOA-NB,512,7,7,100519,False,12,1,wurtz_lykov_3reg_p1,0.1,130.0,11,14,0.0,0.0,131.0,1.0,True,6,1,1.0,0.21422779858540467,130.0,0.0,0,0.0,False,0.0,130.0
3-regular_n100_g0,3-regular,100,QAOA-BF,2048,0,0,102048,True,12,1,wurtz_lykov_3reg_p1,0.1,130.0,12,12,4.242640687119285,2.0,131.0,1.0,True,6,3,1.2909944487358056,0.4295636113345177,131.0,1.0,18,0.0087890625,True,1.0,131.0
3-regular_n100_g0,3-regular,100,QAOA-NB,2048,0,0,102048,False,12,1,wurtz_lykov_3reg_p1,0.1,130.0,12,12,0.0,0.0,131.0,1.0,True,6,3,1.0,0.23876457512755309,131.0,1.0,14,0.0068359375,True,1.0,131.0
3-regular_n100_g0,3-regular,100,QAOA-BF,2048,1,1,102049,True,12,1,wurtz_lykov_3reg_p1,0.1,130.0,12,12,3.7416573867739413,2.0,131.0,1.0,True,6,3,1.2366938848016846,0.3464112684496078,130.0,0.0,0,0.0,False,0.0,130.0
3-regular_n100_g0,3-regular,100,QAOA-NB,2048,1,1,102049,False,12,1,wurtz_lykov_3reg_p1,0.1,130.0,12,12,0.0,0.0,131.0,1.0,True,6,3,1.0,0.21504781232213277,130.0,0.0,0,0.0,False,0.0,130.0
3-regular_n100_g0,3-regular,100,QAOA-BF,2048,2,2,102050,True,12,1,wurtz_lykov_3reg_p1,0.1,130.0,12,12,4.47213595499958,2.0,132.0,2.0,True,6,4,1.3719886811400708,0.32671083756395675,132.0,2.0,19,0.00927734375,True,2.0,132.0
3-regular_n100_g0,3-regular,100,QAOA-NB,2048,2,2,102050,False,12,1,wurtz_lykov_3reg_p1,0.1,130.0,12,12,0.0,0.0,132.0,2.0,True,6,4,1.0,0.2034050405937926,132.0,2.0,16,0.0078125,True,2.0,132.0
3-regular_n100_g0,3-regular,100,QAOA-BF,2048,3,3,102051,True,12,1,wurtz_lykov_3reg_p1,0.1,130.0,13,10,3.4641016151377544,2.0,132.0,2.0,True,6,5,1.1470786693528088,0.3625069442509637,132.0,2.0,28,0.013671875,True,2.0,132.0
3-regular_n100_g0,3-regular,100,QAOA-NB,2048,3,3,102051,False,12,1,wurtz_lykov_3reg_p1,0.1,130.0,13,10,0.0,0.0,132.0,2.0,True,6,5,1.0,0.27415705421334446,132.0,2.0,20,0.009765625,True,2.0,132.0
3-regular_n100_g0,3-regular,100,QAOA-BF,2048,4,4,102052,True,12,1,wurtz_lykov_3reg_p1,0.1,130.0,11,14,4.898979485566356,2.0,132.0,2.0,True,6,3,1.4348601079588785,0.2621884373379875,131.0,1.0,10,0.0048828125,True,1.0,131.0
3-regular_n100_g0,3-regular,100,QAOA-NB,2048,4,4,102052,False,12,1,wurtz_lykov_3reg_p1,0.1,130.0,11,14,0.0,0.0,132.0,2.0,True,6,3,1.0,0.08537194118154448,131.0,1.0,10,0.0048828125,True,1.0,131.0
3-regular_n100_g0,3-regular,100,QAOA-BF,2048,5,5,102053,True,12,1,wurtz_lykov_3reg_p1,0.1,130.0,11,14,3.4641016151377544,2.0,131.0,1.0,True,6,1,1.2817398889233114,0.3692039411329483,131.0,1.0,23,0.01123046875,True,1.0,131.0
3-regular_n100_g0,3-regular,100,QAOA-NB,2048,5,5,102053,False,12,1,wurtz_lykov_3reg_p1,0.1,130.0,11,14,0.0,0.0,131.0,1.0,True,6,1,1.0,0.3145145951776186,131.0,1.0,11,0.00537109375,True,1.0,131.0
3-regular_n100_g0,3-regular,100,QAOA-BF,2048,6,6,102054,True,12,1,wurtz_lykov_3reg_p1,0.1,130.0,12,12,4.69041575982343,2.0,131.0,1.0,True,6,4,1.3377121081198773,0.3781490339516325,131.0,1.0,15,0.00732421875,True,1.0,131.0
3-regular_n100_g0,3-regular,100,QAOA-NB,2048,6,6,102054,False,12,1,wurtz_lykov_3reg_p1,0.1,130.0,12,12,0.0,0.0,131.0,1.0,True,6,4,1.0,0.19392047155701966,131.0,1.0,5,0.00244140625,True,1.0,131.0
3-regular_n100_g0,3-regular,100,QAOA-BF,2048,7,7,102055,True,12,1,wurtz_lykov_3reg_p1,0.1,130.0,11,14,4.898979485566356,2.0,131.0,1.0,True,6,0,1.4348601079588785,0.3218921774125173,131.0,1.0,2,0.0009765625,True,1.0,131.0
3-regular_n100_g0,3-regular,100,QAOA-NB,2048,7,7,102055,False,12,1,wurtz_lykov_3reg_p1,0.1,130.0,11,14,0.0,0.0,131.0,1.0,True,6,0,1.0,0.11971611291522148,131.0,1.0,1,0.00048828125,True,1.0,131.0
3-regular_n100_g1,3-regular,100,LS-only,,,,,,,,,,128.0,,,,,,,,,,,,,,,,,,128.0
3-regular_n100_g1,3-regular,100,QAOA-BF,32,0,0,100132,True,12,1,wurtz_lykov_3reg_p1,0.1,128.0,11,14,4.47213595499958,2.0,131.0,3.0,True,6,1,1.3919410907075054,0.24273447421510852,128.0,0.0,0,0.0,False,0.0,128.0
3-regular_n100_g1,3-regular,100,QAOA-NB,32,0,0,100132,False,12,1,wurtz_lykov_3reg_p1,0.1,128.0,11,14,0.0,0.0,131.0,3.0,True,6,1,1.0,0.10823810098934239,128.0,0.0,0,0.0,False,0.0,128.0
3-regular_n100_g1,3-regular,100,QAOA-BF,32,1,1,100133,True,12,1,wurtz_lykov_3reg_p1,0.1,128.0,11,14,4.47213595499958,2.0,128.0,0.0,False,6,0,1.3919410907075054,0.4388852067209063,128.0,0.0,0,0.0,False,0.0,128.0
3-regular_n100_g1,3-regular,100,QAOA-NB,32,1,1,100133,False,12,1,wurtz_lykov_3reg_p1,0.1,128.0,11,14,0.0,0.0,128.0,0.0,False,6,0,1.0,0.3145145951776186,128.0,0.0,0,0.0,False,0.0,128.0
3-regular_n100_g1,3-regular,100,QAOA-BF,32,2,2,100134,True,12,1,wurtz_lykov_3reg_p1,0.1,128.0,11,14,4.898979485566356,2.0,128.0,0.0,False,6,0,1.4348601079588785,0.3977004082227864,128.0,0.0,0,0.0,False,0.0,128.0
3-regular_n100_g1,3-regular,100,QAOA-NB,32,2,2,100134,False,12,1,wurtz_lykov_3reg_p1,0.1,128.0,11,14,0.0,0.0,128.0,0.0,False,6,0,1.0,0.17604402706718547,128.0,0.0,0,0.0,False,0.0,128.0
3-regular_n100_g1,3-regular,100,QAOA-BF,32,3,3,100135,True,12,1,wurtz_lykov_3reg_p1,0.1,128.0,13,10,4.0,2.0,130.0,2.0,True,6,2,1.2041594578792296,0.3950656473792634,128.0,0.0,0,0.0,False,0.0,128.0
3-regular_n100_g1,3-regular,100,QAOA-NB,32,3,3,100135,False,12,1,wurtz_lykov_3reg_p1,0.1,128.0,13,10,0.0,0.0,130.0,2.0,True,6,2,1.0,0.3092707391457026,128.0,0.0,0,0.0,False,0.0,128.0
3-regular_n100_g1,3-regular,100,QAOA-BF,32,4,4,100136,True,12,1,wurtz_lykov_3reg_p1,0.1,128.0,13,10,3.4641016151377544,2.0,130.0,2.0,True,6,0,1.1470786693528088,0.3307063009858956,128.0,0.0,0,0.0,False,0.0,128.0
3-regular_n100_g1,3-regular,100,QAOA-NB,32,4,4,100136,False,12,1,wurtz_lykov_3reg_p1,0.1,128.0,13,10,0.0,0.0,130.0,2.0,True,6,0,1.0,0.27448010294698627,129.0,1.0,1,0.03125,True,1.0,129.0
3-regular_n100_g1,3-regular,100,QAOA-BF,32,5,5,100137,True,12,1,wurtz_lykov_3reg_p1,0.1,128.0,12,12,3.7416573867739413,2.0,130.0,2.0,True,6,5,1.2366938848016846,0.28638198567653816,129.0,1.0,1,0.03125,True,1.0,129.0
3-regular_n100_g1,3-regular,100,QAOA-NB,32,5,5,100137,False,12,1,wurtz_lykov_3reg_p1,0.1,128.0,12,12,0.0,0.0,130.0,2.0,True,6,5,1.0,0.17265706902537925,128.0,0.0,0,0.0,False,0.0,128.0
3-regular_n100_g1,3-regular,100,QAOA-BF,32,6,6,100138,True,12,1,wurtz_lykov_3reg_p1,0.1,128.0,11,14,4.898979485566356,2.0,129.0,1.0,True,6,0,1.4348601079588785,0.3205402802806953,128.0,0.0,0,0.0,False,0.0,128.0
3-regular_n100_g1,3-regular,100,QAOA-NB,32,6,6,100138,False,12,1,wurtz_lykov_3reg_p1,0.1,128.0,11,14,0.0,0.0,129.0,1.0,True,6,0,1.0,0.15241636923846383,128.0,0.0,0,0.0,False,0.0,128.0
3-regular_n100_g1,3-regular,100,QAOA-BF,32,7,7,100139,True,12,1,wurtz_lykov_3reg_p1,0.1,128.0,11,14,4.0,2.0,128.0,0.0,False,6,0,1.3416407864998738,0.3278080939448751,128.0,0.0,0,0.0,False,0.0,128.0
3-regular_n100_g1,3-regular,100,QAOA-NB,32,7,7,100139,False,12,1,wurtz_lykov_3reg_p1,0.1,128.0,11,14,0.0,0.0,128.0,0.0,False,6,0,1.0,0.21422779858540467,128.0,0.0,0,0.0,False,0.0,128.0
3-regular_n100_g1,3-regular,100,QAOA-BF,128,0,0,100228,True,12,1,wurtz_lykov_3reg_p1,0.1,128.0,13,10,4.242640687119285,2.0,130.0,2.0,True,6,5,1.2773327473170102,0.3449082995462445,129.0,1.0,1,0.0078125,True,1.0,129.0
3-regular_n100_g1,3-regular,100,QAOA-NB,128,0,0,100228,False,12,1,wurtz_lykov_3reg_p1,0.1,128.0,13,10,0.0,0.0,130.0,2.0,True,6,5,1.0,0.23218611527459987,130.0,2.0,2,0.015625,True,2.0,130.0
3-regular_n100_g1,3-regular,100,QAOA-BF,128,1,1,100229,True,12,1,wurtz_lykov_3reg_p1,0.1,128.0,11,14,4.47213595499958,2.0,131.0,3.0,True,6,1,1.3919410907075054,0.24272352141071718,130.0,2.0,2,0.015625,True,2.0,130.0
3-regular_n100_g1,3-regular,100,QAOA-NB,128,1,1,100229,False,12,1,wurtz_lykov_3reg_p1,0.1,128.0,11,14,0.0,0.0,131.0,3.0,True,6,1,1.0,0.10823810098934239,130.0,2.0,2,0.015625,True,2.0,130.0
3-regular_n100_g1,3-regular,100,QAOA-BF,128,2,2,100230,True,12,1,wurtz_lykov_3reg_p1,0.1,128.0,12,12,4.242640687119285,2.0,130.0,2.0,True,6,4,1.2909944487358056,0.4137492721412494,130.0,2.0,3,0.0234375,True,2.0,130.0
3-regular_n100_g1,3-regular,100,QAOA-NB,128,2,2,100230,False,12,1,wurtz_lykov_3reg_p1,0.1,128.0,12,12,0.0,0.0,130.0,2.0,True,6,4,1.0,0.2898864591699789,128.0,0.0,0,0.0,False,0.0,128.0
3-regular_n100_g1,3-regular,100,QAOA-BF,128,3,3,100231,True,12,1,wurtz_lykov_3reg_p1,0.1,128.0,12,12,4.898979485566356,2.0,130.0,2.0,True,6,1,1.4142135623730951,0.36277533476315243,129.0,1.0,1,0.0078125,True,1.0,129.0
3-regular_n100_g1,3-regular,100,QAOA-NB,128,3,3,100231,False,12,1,wurtz_lykov_3reg_p1,0.1,128.0,12,12,0.0,0.0,130.0,2.0,True,6,1,1.0,0.16390197486392097,128.0,0.0,0,0.0,False,0.0,128.0
3-regular_n100_g1,3-regular,100,QAOA-BF,128,4,4,100232,True,12,1,wurtz_lykov_3reg_p1,0.1,128.0,11,14,3.4641016151377544,2.0,131.0,3.0,True,6,2,1.2817398889233114,0.25127303650925986,129.0,1.0,2,0.015625,True,1.0,129.0
3-regular_n100_g1,3-regular,100,QAOA-NB,128,4,4,100232,False,12,1,wurtz_lykov_3reg_p1,0.1,128.0,11,14,0.0,0.0,131.0,3.0,True,6,2,1.0,0.19289914765349228,130.0,2.0,1,0.0078125,True,2.0,130.0
3-regular_n100_g1,3-regular,100,QAOA-BF,128,5,5,100233,True,12,1,wurtz_lykov_3reg_p1,0.1,128.0,12,12,4.0,2.0,130.0,2.0,True,6,1,1.3228756555322954,0.3076387862921747,129.0,1.0,1,0.0078125,True,1.0,129.0
3-regular_n100_g1,3-regular,100,QAOA-NB,128,5,5,100233,False,12,1,wurtz_lykov_3reg_p1,0.1,128.0,12,12,0.0,0.0,130.0,2.0,True,6,1,1.0,0.16390197486392116,129.0,1.0,1,0.0078125,True,1.0,129.0
3-regular_n100_g1,3-regular,100,QAOA-BF,128,6,6,100234,True,12,1,wurtz_lykov_3reg_p1,0.1,128.0,11,14,4.0,2.0,129.0,1.0,True,6,0,1.3416407864998738,0.3249870568745159,128.0,0.0,0,0.0,False,0.0,128.0
3-regular_n100_g1,3-regular,100,QAOA-NB,128,6,6,100234,False,12,1,wurtz_lykov_3reg_p1,0.1,128.0,11,14,0.0,0.0,129.0,1.0,True,6,0,1.0,0.2716069211628067,129.0,1.0,2,0.015625,True,1.0,129.0
3-regular_n100_g1,3-regular,100,QAOA-BF,128,7,7,100235,True,12,1,wurtz_lykov_3reg_p1,0.1,128.0,13,10,4.0,2.0,130.0,2.0,True,6,1,1.2041594578792296,0.3546672229875471,130.0,2.0,3,0.0234375,True,2.0,130.0
3-regular_n100_g1,3-regular,100,QAOA-NB,128,7,7,100235,False,12,1,wurtz_lykov_3reg_p1,0.1,128.0,13,10,0.0,0.0,130.0,2.0,True,6,1,1.0,0.27427349254161665,130.0,2.0,3,0.0234375,True,2.0,130.0
3-regular_n100_g1,3-regular,100,QAOA-BF,512,0,0,100612,True,12,1,wurtz_lykov_3reg_p1,0.1,128.0,12,12,4.69041575982343,2.0,130.0,2.0,True,6,3,1.3377121081198773,0.42203061805239106,130.0,2.0,4,0.0078125,True,2.0,130.0
3-regular_n100_g1,3-regular,100,QAOA-NB,512,0,0,100612,False,12,1,wurtz_lykov_3reg_p1,0.1,128.0,12,12,0.0,0.0,130.0,2.0,True,6,3,1.0,0.19950864509353758,130.0,2.0,2,0.00390625,True,2.0,130.0
3-regular_n100_g1,3-regular,100,QAOA-BF,512,1,1,100613,True,12,1,wurtz_lykov_3reg_p1,0.1,128.0,11,14,4.47213595499958,2.0,128.0,0.0,False,6,0,1.3919410907075054,0.4404331253991834,128.0,0.0,0,0.0,False,0.0,128.0
3-regular_n100_g1,3-regular,100,QAOA-NB,512,1,1,100613,False,12,1,wurtz_lykov_3reg_p1,0.1,128.0,11,14,0.0,0.0,128.0,0.0,False,6,0,1.0,0.2529047219308405,128.0,0.0,0,0.0,False,0.0,128.0
3-regular_n100_g1,3-regular,100,QAOA-BF,512,2,2,100614,True,12,1,wurtz_lykov_3reg_p1,0.1,128.0,11,14,4.47213595499958,2.0,128.0,0.0,False,6,0,1.3919410907075054,0.44016214562935674,128.0,0.0,0,0.0,False,0.0,128.0
3-regular_n100_g1,3-regular,100,QAOA-NB,512,2,2,100614,False,12,1,wurtz_lykov_3reg_p1,0.1,128.0,11,14,0.0,0.0,128.0,0.0,False,6,0,1.0,0.2529047219308405,128.0,0.0,0,0.0,False,0.0,128.0
3-regular_n100_g1,3-regular,100,QAOA-BF,512,3,3,100615,True,12,1,wurtz_lykov_3reg_p1,0.1,128.0,12,12,4.242640687119285,2.0,130.0,2.0,True,6,2,1.2909944487358056,0.3107998908052033,130.0,2.0,8,0.015625,True,2.0,130.0
3-regular_n100_g1,3-regular,100,QAOA-NB,512,3,3,100615,False,12,1,wurtz_lykov_3reg_p1,0.1,128.0,12,12,0.0,0.0,130.0,2.0,True,6,2,1.0,0.2168531616431093,130.0,2.0,6,0.01171875,True,2.0,130.0
3-regular_n100_g1,3-regular,100,QAOA-BF,512,4,4,100616,True,12,1,wurtz_lykov_3reg_p1,0.1,128.0,12,12,4.242640687119285,2.0,129.0,1.0,True,6,0,1.2909944487358056,0.3690737612660824,128.0,0.0,0,0.0,False,0.0,128.0
3-regular_n100_g1,3-regular,100,QAOA-NB,512,4,4,100616,False,12,1,wurtz_lykov_3reg_p1,0.1,128.0,12,12,0.0,0.0,129.0,1.0,True,6,0,1.0,0.24903687603748448,128.0,0.0,0,0.0,False,0.0,128.0
3-regular_n100_g1,3-regular,100,QAOA-BF,512,5,5,100617,True,12,1,wurtz_lykov_3reg_p1,0.1,128.0,12,12,4.242640687119285,2.0,130.0,2.0,True,6,4,1.2909944487358056,0.3099524856569237,128.0,0.0,0,0.0,False,0.0,128.0
3-regular_n100_g1,3-regular,100,QAOA-NB,512,5,5,100617,False,12,1,wurtz_lykov_3reg_p1,0.1,128.0,12,12,0.0,0.0,130.0,2.0,True,6,4,1.0,0.14056400536125882,128.0,0.0,0,0.0,False,0.0,128.0
3-regular_n100_g1,3-regular,100,QAOA-BF,512,6,6,100618,True,12,1,wurtz_lykov_3reg_p1,0.1,128.0,12,12,4.47213595499958,2.0,130.0,2.0,True,6,5,1.3719886811400708,0.3275297915165577,129.0,1.0,6,0.01171875,True,1.0,129.0
3-regular_n100_g1,3-regular,100,QAOA-NB,512,6,6,100618,False,12,1,wurtz_lykov_3reg_p1,0.1,128.0,12,12,0.0,0.0,130.0,2.0,True,6,5,1.0,0.20345305924136448,130.0,2.0,4,0.0078125,True,2.0,130.0
3-regular_n100_g1,3-regular,100,QAOA-BF,512,7,7,100619,True,12,1,wurtz_lykov_3reg_p1,0.1,128.0,11,14,4.47213595499958,2.0,131.0,3.0,True,6,5,1.3919410907075054,0.24272352141071718,130.0,2.0,8,0.015625,True,2.0,130.0
3-regular_n100_g1,3-regular,100,QAOA-NB,512,7,7,100619,False,12,1,wurtz_lykov_3reg_p1,0.1,128.0,11,14,0.0,0.0,131.0,3.0,True,6,5,1.0,0.10823810098934242,130.0,2.0,4,0.0078125,True,2.0,130.0
3-regular_n100_g1,3-regular,100,QAOA-BF,2048,0,0,102148,True,12,1,wurtz_lykov_3reg_p1,0.1,128.0,12,12,4.0,2.0,128.0,0.0,False,6,0,1.3228756555322954,0.5589764448645375,128.0,0.0,0,0.0,False,0.0,128.0
3-regular_n100_g1,3-regular,100,QAOA-NB,2048,0,0,102148,False,12,1,wurtz_lykov_3reg_p1,0.1,128.0,12,12,0.0,0.0,128.0,0.0,False,6,0,1.0,0.4008424693937784,128.0,0.0,0,0.0,False,0.0,128.0
3-regular_n100_g1,3-regular,100,QAOA-BF,2048,1,1,102149,True,12,1,wurtz_lykov_3reg_p1,0.1,128.0,13,10,4.0,2.0,129.0,1.0,True,6,1,1.3060943124220303,0.3394643143009754,129.0,1.0,17,0.00830078125,True,1.0,129.0
3-regular_n100_g1,3-regular,100,QAOA-NB,2048,1,1,102149,False,12,1,wurtz_lykov_3reg_p1,0.1,128.0,13,10,0.0,0.0,129.0,1.0,True,6,1,1.0,0.17199640488517365,129.0,1.0,9,0.00439453125,True,1.0,129.0
3-regular_n100_g1,3-regular,100,QAOA-BF,2048,2,2,102150,True,12,1,wurtz_lykov_3reg_p1,0.1,128.0,11,14,4.898979485566356,2.0,129.0,1.0,True,6,5,1.4348601079588785,0.32033895351049113,129.0,1.0,15,0.00732421875,True,1.0,129.0
3-regular_n100_g1,3-regular,100,QAOA-NB,2048,2,2,102150,False,12,1,wurtz_lykov_3reg_p1,0.1,128.0,11,14,0.0,0.0,129.0,1.0,True,6,5,1.0,0.15241636923846386,129.0,1.0,9,0.00439453125,True,1.0,129.0
3-regular_n100_g1,3-regular,100,QAOA-BF,2048,3,3,102151,True,12,1,wurtz_lykov_3reg_p1,0.1,128.0,13,10,3.4641016151377544,2.0,130.0,2.0,True,6,0,1.1470786693528088,0.312932181863053,130.0,2.0,26,0.0126953125,True,2.0,130.0
3-regular_n100_g1,3-regular,100,QAOA-NB,2048,3,3,102151,False,12,1,wurtz_lykov_3reg_p1,0.1,128.0,13,10,0.0,0.0,130.0,2.0,True,6,0,1.0,0.17335127712888398,130.0,2.0,45,0.02197265625,True,2.0,130.0
3-regular_n100_g1,3-regular,100,QAOA-BF,2048,4,4,102152,True,12,1,wurtz_lykov_3reg_p1,0.1,128.0,11,14,4.47213595499958,2.0,129.0,1.0,True,6,1,1.3919410907075054,0.36008750046489524,129.0,1.0,10,0.0048828125,True,1.0,129.0
3-regular_n100_g1,3-regular,100,QAOA-NB,2048,4,4,102152,False,12,1,wurtz_lykov_3reg_p1,0.1,128.0,11,14,0.0,0.0,129.0,1.0,True,6,1,1.0,0.21422779858540478,129.0,1.0,12,0.005859375,True,1.0,129.0
3-regular_n100_g1,3-regular,100,QAOA-BF,2048,5,5,102153,True,12,1,wurtz_lykov_3reg_p1,0.1,128.0,12,12,4.69041575982343,2.0,128.0,0.0,False,6,0,1.3377121081198773,0.7153530214555683,128.0,0.0,0,0.0,False,0.0,128.0
3-regular_n100_g1,3-regular,100,QAOA-NB,2048,5,5,102153,False,12,1,wurtz_lykov_3reg_p1,0.1,128.0,12,12,0.0,0.0,128.0,0.0,False,6,0,1.0,0.4255834169749922,128.0,0.0,0,0.0,False,0.0,128.0
3-regular_n100_g1,3-regular,100,QAOA-BF,2048,6,6,102154,True,12,1,wurtz_lykov_3reg_p1,0.1,128.0,11,14,4.0,2.0,129.0,1.0,True,6,1,1.3416407864998738,0.33232655237048336,129.0,1.0,14,0.0068359375,True,1.0,129.0
3-regular_n100_g1,3-regular,100,QAOA-NB,2048,6,6,102154,False,12,1,wurtz_lykov_3reg_p1,0.1,128.0,11,14,0.0,0.0,129.0,1.0,True,6,1,1.0,0.21422779858540472,129.0,1.0,9,0.00439453125,True,1.0,129.0
3-regular_n100_g1,3-regular,100,QAOA-BF,2048,7,7,102155,True,12,1,wurtz_lykov_3reg_p1,0.1,128.0,12,12,4.69041575982343,2.0,130.0,2.0,True,6,1,1.3377121081198773,0.4154625831604383,130.0,2.0,20,0.009765625,True,2.0,130.0
3-regular_n100_g1,3-regular,100,QAOA-NB,2048,7,7,102155,False,12,1,wurtz_lykov_3reg_p1,0.1,128.0,12,12,0.0,0.0,130.0,2.0,True,6,1,1.0,0.24407700869848878,130.0,2.0,3,0.00146484375,True,2.0,130.0
3-regular_n100_g2,3-regular,100,LS-only,,,,,,,,,,124.0,,,,,,,,,,,,,,,,,,124.0
3-regular_n100_g2,3-regular,100,QAOA-BF,32,0,0,100232,True,12,1,wurtz_lykov_3reg_p1,0.1,124.0,12,12,2.449489742783178,2.0,125.0,1.0,True,6,3,1.0954451150103321,0.32922309714727366,124.0,0.0,0,0.0,False,0.0,124.0
3-regular_n100_g2,3-regular,100,QAOA-NB,32,0,0,100232,False,12,1,wurtz_lykov_3reg_p1,0.1,124.0,12,12,0.0,0.0,125.0,1.0,True,6,3,1.0,0.2691465894002399,124.0,0.0,0,0.0,False,0.0,124.0
3-regular_n100_g2,3-regular,100,QAOA-BF,32,1,1,100233,True,12,1,wurtz_lykov_3reg_p1,0.1,124.0,11,14,4.898979485566356,2.0,126.0,2.0,True,6,2,1.4348601079588785,0.2621884373379874,124.0,0.0,0,0.0,False,0.0,124.0
3-regular_n100_g2,3-regular,100,QAOA-NB,32,1,1,100233,False,12,1,wurtz_lykov_3reg_p1,0.1,124.0,11,14,0.0,0.0,126.0,2.0,True,6,2,1.0,0.08537194118154451,124.0,0.0,0,0.0,False,0.0,124.0
3-regular_n100_g2,3-regular,100,QAOA-BF,32,2,2,100234,True,12,1,wurtz_lykov_3reg_p1,0.1,124.0,11,14,4.0,2.0,125.0,1.0,True,6,2,1.3416407864998738,0.32168331286437934,124.0,0.0,0,0.0,False,0.0,124.0
3-regular_n100_g2,3-regular,100,QAOA-NB,32,2,2,100234,False,12,1,wurtz_lykov_3reg_p1,0.1,124.0,11,14,0.0,0.0,125.0,1.0,True,6,2,1.0,0.21876830154728008,124.0,0.0,0,0.0,False,0.0,124.0
3-regular_n100_g2,3-regular,100,QAOA-BF,32,3,3,100235,True,12,1,wurtz_lykov_3reg_p1,0.1,124.0,12,12,4.47213595499958,2.0,125.0,1.0,True,6,1,1.3719886811400708,0.32947967860940774,124.0,0.0,0,0.0,False,0.0,124.0
3-regular_n100_g2,3-regular,100,QAOA-NB,32,3,3,100235,False,12,1,wurtz_lykov_3reg_p1,0.1,124.0,12,12,0.0,0.0,125.0,1.0,True,6,1,1.0,0.16043410779456269,124.0,0.0,0,0.0,False,0.0,124.0
3-regular_n100_g2,3-regular,100,QAOA-BF,32,4,4,100236,True,12,1,wurtz_lykov_3reg_p1,0.1,124.0,12,12,3.7416573867739413,2.0,126.0,2.0,True,6,3,1.2366938848016846,0.32266889890455924,125.0,1.0,1,0.03125,True,1.0,125.0
3-regular_n100_g2,3-regular,100,QAOA-NB,32,4,4,100236,False,12,1,wurtz_lykov_3reg_p1,0.1,124.0,12,12,0.0,0.0,126.0,2.0,True,6,3,1.0,0.16678897439873505,124.0,0.0,0,0.0,False,0.0,124.0
3-regular_n100_g2,3-regular,100,QAOA-BF,32,5,5,100237,True,12,1,wurtz_lykov_3reg_p1,0.1,124.0,11,14,4.47213595499958,2.0,126.0,2.0,True,6,2,1.3919410907075054,0.2934355619575083,124.0,0.0,0,0.0,False,0.0,124.0
3-regular_n100_g2,3-regular,100,QAOA-NB,32,5,5,100237,False,12,1,wurtz_lykov_3reg_p1,0.1,124.0,11,14,0.0,0.0,126.0,2.0,True,6,2,1.0,0.1521117655351534,124.0,0.0,0,0.0,False,0.0,124.0
3-regular_n100_g2,3-regular,100,QAOA-BF,32,6,6,100238,True,12,1,wurtz_lykov_3reg_p1,0.1,124.0,11,14,3.4641016151377544,2.0,125.0,1.0,True,6,1,1.2817398889233114,0.3701399278955189,124.0,0.0,0,0.0,False,0.0,124.0
3-regular_n100_g2,3-regular,100,QAOA-NB,32,6,6,100238,False,12,1,wurtz_lykov_3reg_p1,0.1,124.0,11,14,0.0,0.0,125.0,1.0,True,6,1,1.0,0.30738199378850956,124.0,0.0,0,0.0,False,0.0,124.0
3-regular_n100_g2,3-regular,100,QAOA-BF,32,7,7,100239,True,12,1,wurtz_lykov_3reg_p1,0.1,124.0,11,14,4.898979485566356,2.0,126.0,2.0,True,6,1,1.4348601079588785,0.31835990600242886,124.0,0.0,0,0.0,False,0.0,124.0
3-regular_n100_g2,3-regular,100,QAOA-NB,32,7,7,100239,False,12,1,wurtz_lykov_3reg_p1,0.1,124.0,11,14,0.0,0.0,126.0,2.0,True,6,1,1.0,0.19289914765349223,125.0,1.0,1,0.03125,True,1.0,125.0
3-regular_n100_g2,3-regular,100,QAOA-BF,128,0,0,100328,True,12,1,wurtz_lykov_3reg_p1,0.1,124.0,12,12,2.8284271247461903,2.0,125.0,1.0,True,6,0,1.1952286093343936,0.30391234823416036,124.0,0.0,0,0.0,False,0.0,124.0
3-regular_n100_g2,3-regular,100,QAOA-NB,128,0,0,100328,False,12,1,wurtz_lykov_3reg_p1,0.1,124.0,12,12,0.0,0.0,125.0,1.0,True,6,0,1.0,0.2864264754160905,124.0,0.0,0,0.0,False,0.0,124.0
3-regular_n100_g2,3-regular,100,QAOA-BF,128,1,1,100329,True,12,1,wurtz_lykov_3reg_p1,0.1,124.0,12,12,3.7416573867739413,2.0,126.0,2.0,True,6,0,1.2366938848016846,0.32027852301941034,124.0,0.0,0,0.0,False,0.0,124.0
3-regular_n100_g2,3-regular,100,QAOA-NB,128,1,1,100329,False,12,1,wurtz_lykov_3reg_p1,0.1,124.0,12,12,0.0,0.0,126.0,2.0,True,6,0,1.0,0.1569953177119289,125.0,1.0,1,0.0078125,True,1.0,125.0
3-regular_n100_g2,3-regular,100,QAOA-BF,128,2,2,100330,True,12,1,wurtz_lykov_3reg_p1,0.1,124.0,11,14,4.0,2.0,125.0,1.0,True,6,1,1.3416407864998738,0.3272944259945479,124.0,0.0,0,0.0,False,0.0,124.0
3-regular_n100_g2,3-regular,100,QAOA-NB,128,2,2,100330,False,12,1,wurtz_lykov_3reg_p1,0.1,124.0,11,14,0.0,0.0,125.0,1.0,True,6,1,1.0,0.21422779858540472,125.0,1.0,1,0.0078125,True,1.0,125.0
3-regular_n100_g2,3-regular,100,QAOA-BF,128,3,3,100331,True,12,1,wurtz_lykov_3reg_p1,0.1,124.0,11,14,4.898979485566356,2.0,125.0,1.0,True,6,1,1.4348601079588785,0.3162644167952832,124.0,0.0,0,0.0,False,0.0,124.0
3-regular_n100_g2,3-regular,100,QAOA-NB,128,3,3,100331,False,12,1,wurtz_lykov_3reg_p1,0.1,124.0,11,14,0.0,0.0,125.0,1.0,True,6,1,1.0,0.15241636923846383,124.0,0.0,0,0.0,False,0.0,124.0
3-regular_n100_g2,3-regular,100,QAOA-BF,128,4,4,100332,True,12,1,wurtz_lykov_3reg_p1,0.1,124.0,12,12,4.242640687119285,2.0,124.0,0.0,False,6,0,1.2909944487358056,0.34781993802038746,124.0,0.0,0,0.0,False,0.0,124.0
3-regular_n100_g2,3-regular,100,QAOA-NB,128,4,4,100332,False,12,1,wurtz_lykov_3reg_p1,0.1,124.0,12,12,0.0,0.0,124.0,0.0,False,6,0,1.0,0.1631989040407465,124.0,0.0,0,0.0,False,0.0,124.0
3-regular_n100_g2,3-regular,100,QAOA-BF,128,5,5,100333,True,12,1,wurtz_lykov_3reg_p1,0.1,124.0,11,14,2.8284271247461903,2.0,126.0,2.0,True,6,3,1.2089410496539776,0.2776269052981393,124.0,0.0,0,0.0,False,0.0,124.0
3-regular_n100_g2,3-regular,100,QAOA-NB,128,5,5,100333,False,12,1,wurtz_lykov_3reg_p1,0.1,124.0,11,14,0.0,0.0,126.0,2.0,True,6,3,1.0,0.2142277985854046,124.0,0.0,0,0.0,False,0.0,124.0
3-regular_n100_g2,3-regular,100,QAOA-BF,128,6,6,100334,True,12,1,wurtz_lykov_3reg_p1,0.1,124.0,12,12,4.242640687119285,2.0,125.0,1.0,True,6,0,1.2909944487358056,0.3754209569374371,124.0,0.0,0,0.0,False,0.0,124.0
3-regular_n100_g2,3-regular,100,QAOA-NB,128,6,6,100334,False,12,1,wurtz_lykov_3reg_p1,0.1,124.0,12,12,0.0,0.0,125.0,1.0,True,6,0,1.0,0.24400294650018495,124.0,0.0,0,0.0,False,0.0,124.0
3-regular_n100_g2,3-regular,100,QAOA-BF,128,7,7,100335,True,12,1,wurtz_lykov_3reg_p1,0.1,124.0,11,14,4.47213595499958,2.0,125.0,1.0,True,6,2,1.3919410907075054,0.29098569013139014,124.0,0.0,0,0.0,False,0.0,124.0
3-regular_n100_g2,3-regular,100,QAOA-NB,128,7,7,100335,False,12,1,wurtz_lykov_3reg_p1,0.1,124.0,11,14,0.0,0.0,125.0,1.0,True,6,2,1.0,0.12249482871625032,124.0,0.0,0,0.0,False,0.0,124.0
3-regular_n100_g2,3-regular,100,QAOA-BF,512,0,0,100712,True,12,1,wurtz_lykov_3reg_p1,0.1,124.0,12,12,4.242640687119285,2.0,125.0,1.0,True,6,4,1.2909944487358056,0.3755396587998465,125.0,1.0,3,0.005859375,True,1.0,125.0
3-regular_n100_g2,3-regular,100,QAOA-NB,512,0,0,100712,False,12,1,wurtz_lykov_3reg_p1,0.1,124.0,12,12,0.0,0.0,125.0,1.0,True,6,4,1.0,0.24610754900248766,125.0,1.0,2,0.00390625,True,1.0,125.0
3-regular_n100_g2,3-regular,100,QAOA-BF,512,1,1,100713,True,12,1,wurtz_lykov_3reg_p1,0.1,124.0,11,14,3.4641016151377544,2.0,125.0,1.0,True,6,1,1.2817398889233114,0.2999648537270413,124.0,0.0,0,0.0,False,0.0,124.0
3-regular_n100_g2,3-regular,100,QAOA-NB,512,1,1,100713,False,12,1,wurtz_lykov_3reg_p1,0.1,124.0,11,14,0.0,0.0,125.0,1.0,True,6,1,1.0,0.2142277985854046,124.0,0.0,0,0.0,False,0.0,124.0
3-regular_n100_g2,3-regular,100,QAOA-BF,512,2,2,100714,True,12,1,wurtz_lykov_3reg_p1,0.1,124.0,11,14,2.8284271247461903,2.0,125.0,1.0,True,6,0,1.2089410496539776,0.3364642296116376,124.0,0.0,0,0.0,False,0.0,124.0
3-regular_n100_g2,3-regular,100,QAOA-NB,512,2,2,100714,False,12,1,wurtz_lykov_3reg_p1,0.1,124.0,11,14,0.0,0.0,125.0,1.0,True,6,0,1.0,0.3018724157119838,125.0,1.0,1,0.001953125,True,1.0,125.0
3-regular_n100_g2,3-regular,100,QAOA-BF,512,3,3,100715,True,12,1,wurtz_lykov_3reg_p1,0.1,124.0,12,12,4.242640687119285,2.0,125.0,1.0,True,6,4,1.2909944487358056,0.42475833073774666,125.0,1.0,7,0.013671875,True,1.0,125.0
3-regular_n100_g2,3-regular,100,QAOA-NB,512,3,3,100715,False,12,1,wurtz_lykov_3reg_p1,0.1,124.0,12,12,0.0,0.0,125.0,1.0,True,6,4,1.0,0.2730900959887056,125.0,1.0,4,0.0078125,True,1.0,125.0
3-regular_n100_g2,3-regular,100,QAOA-BF,512,4,4,100716,True,12,1,wurtz_lykov_3reg_p1,0.1,124.0,12,12,3.7416573867739413,2.0,126.0,2.0,True,6,5,1.2366938848016846,0.3183404624977456,126.0,2.0,2,0.00390625,True,2.0,126.0
3-regular_n100_g2,3-regular,100,QAOA-NB,512,4,4,100716,False,12,1,wurtz_lykov_3reg_p1,0.1,124.0,12,12,0.0,0.0,126.0,2.0,True,6,5,1.0,0.19146206825444362,124.0,0.0,0,0.0,False,0.0,124.0
3-regular_n100_g2,3-regular,100,QAOA-BF,512,5,5,100717,True,12,1,wurtz_lykov_3reg_p1,0.1,124.0,12,12,3.7416573867739413,2.0,126.0,2.0,True,6,1,1.2366938848016846,0.31464531164181764,126.0,2.0,8,0.015625,True,2.0,126.0
3-regular_n100_g2,3-regular,100,QAOA-NB,512,5,5,100717,False,12,1,wurtz_lykov_3reg_p1,0.1,124.0,12,12,0.0,0.0,126.0,2.0,True,6,1,1.0,0.24191304647630574,126.0,2.0,4,0.0078125,True,2.0,126.0
3-regular_n100_g2,3-regular,100,QAOA-BF,512,6,6,100718,True,12,1,wurtz_lykov_3reg_p1,0.1,124.0,11,14,4.47213595499958,2.0,125.0,1.0,True,6,2,1.3919410907075054,0.29098569013139014,124.0,0.0,0,0.0,False,0.0,124.0
3-regular_n100_g2,3-regular,100,QAOA-NB,512,6,6,100718,False,12,1,wurtz_lykov_3reg_p1,0.1,124.0,11,14,0.0,0.0,125.0,1.0,True,6,2,1.0,0.1224948287162504,124.0,0.0,0,0.0,False,0.0,124.0
3-regular_n100_g2,3-regular,100,QAOA-BF,512,7,7,100719,True,12,1,wurtz_lykov_3reg_p1,0.1,124.0,11,14,4.47213595499958,2.0,126.0,2.0,True,6,5,1.3919410907075054,0.2985687471694421,125.0,1.0,3,0.005859375,True,1.0,125.0
3-regular_n100_g2,3-regular,100,QAOA-NB,512,7,7,100719,False,12,1,wurtz_lykov_3reg_p1,0.1,124.0,11,14,0.0,0.0,126.0,2.0,True,6,5,1.0,0.12249482871625036,124.0,0.0,0,0.0,False,0.0,124.0
3-regular_n100_g2,3-regular,100,QAOA-BF,2048,0,0,102248,True,12,1,wurtz_lykov_3reg_p1,0.1,124.0,11,14,4.47213595499958,2.0,125.0,1.0,True,6,3,1.3919410907075054,0.2917042820433205,125.0,1.0,1,0.00048828125,True,1.0,125.0
3-regular_n100_g2,3-regular,100,QAOA-NB,2048,0,0,102248,False,12,1,wurtz_lykov_3reg_p1,0.1,124.0,11,14,0.0,0.0,125.0,1.0,True,6,3,1.0,0.11971611291522148,124.0,0.0,0,0.0,False,0.0,124.0
3-regular_n100_g2,3-regular,100,QAOA-BF,2048,1,1,102249,True,12,1,wurtz_lykov_3reg_p1,0.1,124.0,11,14,4.47213595499958,2.0,126.0,2.0,True,6,0,1.3919410907075054,0.2935364589289471,126.0,2.0,12,0.005859375,True,2.0,126.0
3-regular_n100_g2,3-regular,100,QAOA-NB,2048,1,1,102249,False,12,1,wurtz_lykov_3reg_p1,0.1,124.0,11,14,0.0,0.0,126.0,2.0,True,6,0,1.0,0.15241636923846386,126.0,2.0,14,0.0068359375,True,2.0,126.0
3-regular_n100_g2,3-regular,100,QAOA-BF,2048,2,2,102250,True,12,1,wurtz_lykov_3reg_p1,0.1,124.0,12,12,4.69041575982343,2.0,125.0,1.0,True,6,2,1.3377121081198773,0.31469607342814654,125.0,1.0,2,0.0009765625,True,1.0,125.0
3-regular_n100_g2,3-regular,100,QAOA-NB,2048,2,2,102250,False,12,1,wurtz_lykov_3reg_p1,0.1,124.0,12,12,0.0,0.0,125.0,1.0,True,6,2,1.0,0.09565855911370234,124.0,0.0,0,0.0,False,0.0,124.0
3-regular_n100_g2,3-regular,100,QAOA-BF,2048,3,3,102251,True,12,1,wurtz_lykov_3reg_p1,0.1,124.0,11,14,4.47213595499958,2.0,126.0,2.0,True,6,1,1.3919410907075054,0.2934355619575083,126.0,2.0,31,0.01513671875,True,2.0,126.0
3-regular_n100_g2,3-regular,100,QAOA-NB,2048,3,3,102251,False,12,1,wurtz_lykov_3reg_p1,0.1,124.0,11,14,0.0,0.0,126.0,2.0,True,6,1,1.0,0.1521117655351534,126.0,2.0,16,0.0078125,True,2.0,126.0
3-regular_n100_g2,3-regular,100,QAOA-BF,2048,4,4,102252,True,12,1,wurtz_lykov_3reg_p1,0.1,124.0,12,12,2.8284271247461903,2.0,125.0,1.0,True,6,1,1.1952286093343936,0.30391234823416036,125.0,1.0,1,0.00048828125,True,1.0,125.0
3-regular_n100_g2,3-regular,100,QAOA-NB,2048,4,4,102252,False,12,1,wurtz_lykov_3reg_p1,0.1,124.0,12,12,0.0,0.0,125.0,1.0,True,6,1,1.0,0.2864264754160905,124.0,0.0,0,0.0,False,0.0,124.0
3-regular_n100_g2,3-regular,100,QAOA-BF,2048,5,5,102253,True,12,1,wurtz_lykov_3reg_p1,0.1,124.0,12,12,4.242640687119285,2.0,125.0,1.0,True,6,0,1.2909944487358056,0.37553965879984635,125.0,1.0,9,0.00439453125,True,1.0,125.0
3-regular_n100_g2,3-regular,100,QAOA-NB,2048,5,5,102253,False,12,1,wurtz_lykov_3reg_p1,0.1,124.0,12,12,0.0,0.0,125.0,1.0,True,6,0,1.0,0.24610754900248782,125.0,1.0,7,0.00341796875,True,1.0,125.0
3-regular_n100_g2,3-regular,100,QAOA-BF,2048,6,6,102254,True,12,1,wurtz_lykov_3reg_p1,0.1,124.0,11,14,4.898979485566356,2.0,126.0,2.0,True,6,2,1.4348601079588785,0.2644216764438734,126.0,2.0,22,0.0107421875,True,2.0,126.0
3-regular_n100_g2,3-regular,100,QAOA-NB,2048,6,6,102254,False,12,1,wurtz_lykov_3reg_p1,0.1,124.0,11,14,0.0,0.0,126.0,2.0,True,6,2,1.0,0.10823810098934242,125.0,1.0,14,0.0068359375,True,1.0,125.0
3-regular_n100_g2,3-regular,100,QAOA-BF,2048,7,7,102255,True,12,1,wurtz_lykov_3reg_p1,0.1,124.0,12,12,4.242640687119285,2.0,125.0,1.0,True,6,1,1.2909944487358056,0.34358775230437466,125.0,1.0,2,0.0009765625,True,1.0,125.0
3-regular_n100_g2,3-regular,100,QAOA-NB,2048,7,7,102255,False,12,1,wurtz_lykov_3reg_p1,0.1,124.0,12,12,0.0,0.0,125.0,1.0,True,6,1,1.0,0.19146206825444362,124.0,0.0,0,0.0,False,0.0,124.0
3-regular_n100_g3,3-regular,100,LS-only,,,,,,,,,,125.0,,,,,,,,,,,,,,,,,,125.0
3-regular_n100_g3,3-regular,100,QAOA-BF,32,0,0,100332,True,12,1,wurtz_lykov_3reg_p1,0.1,125.0,11,14,3.4641016151377544,2.0,127.0,2.0,True,6,1,1.2817398889233114,0.2993322940949441,125.0,0.0,0,0.0,False,0.0,125.0
3-regular_n100_g3,3-regular,100,QAOA-NB,32,0,0,100332,False,12,1,wurtz_lykov_3reg_p1,0.1,125.0,11,14,0.0,0.0,127.0,2.0,True,6,1,1.0,0.21469703639132892,125.0,0.0,0,0.0,False,0.0,125.0
3-regular_n100_g3,3-regular,100,QAOA-BF,32,1,1,100333,True,12,1,wurtz_lykov_3reg_p1,0.1,125.0,12,12,3.1622776601683795,2.0,127.0,2.0,True,6,4,1.1726039399558574,0.26733812049341643,125.0,0.0,0,0.0,False,0.0,125.0
3-regular_n100_g3,3-regular,100,QAOA-NB,32,1,1,100333,False,12,1,wurtz_lykov_3reg_p1,0.1,125.0,12,12,0.0,0.0,127.0,2.0,True,6,4,1.0,0.2419130464763058,126.0,1.0,1,0.03125,True,1.0,126.0
3-regular_n100_g3,3-regular,100,QAOA-BF,32,2,2,100334,True,12,1,wurtz_lykov_3reg_p1,0.1,125.0,11,14,4.0,2.0,126.0,1.0,True,6,0,1.3416407864998738,0.3274337800748804,125.0,0.0,0,0.0,False,0.0,125.0
3-regular_n100_g3,3-regular,100,QAOA-NB,32,2,2,100334,False,12,1,wurtz_lykov_3reg_p1,0.1,125.0,11,14,0.0,0.0,126.0,1.0,True,6,0,1.0,0.21422779858540472,125.0,0.0,0,0.0,False,0.0,125.0
3-regular_n100_g3,3-regular,100,QAOA-BF,32,3,3,100335,True,12,1,wurtz_lykov_3reg_p1,0.1,125.0,11,14,3.4641016151377544,2.0,125.0,0.0,False,6,0,1.2817398889233114,0.37192902916192766,125.0,0.0,0,0.0,False,0.0,125.0
3-regular_n100_g3,3-regular,100,QAOA-NB,32,3,3,100335,False,12,1,wurtz_lykov_3reg_p1,0.1,125.0,11,14,0.0,0.0,125.0,0.0,False,6,0,1.0,0.2533909144287275,125.0,0.0,0,0.0,False,0.0,125.0
3-regular_n100_g3,3-regular,100,QAOA-BF,32,4,4,100336,True,12,1,wurtz_lykov_3reg_p1,0.1,125.0,12,12,3.1622776601683795,2.0,128.0,3.0,True,6,3,1.1726039399558574,0.26741465290232264,125.0,0.0,0,0.0,False,0.0,125.0
3-regular_n100_g3,3-regular,100,QAOA-NB,32,4,4,100336,False,12,1,wurtz_lykov_3reg_p1,0.1,125.0,12,12,0.0,0.0,128.0,3.0,True,6,3,1.0,0.2419130464763058,125.0,0.0,0,0.0,False,0.0,125.0
3-regular_n100_g3,3-regular,100,QAOA-BF,32,5,5,100337,True,12,1,wurtz_lykov_3reg_p1,0.1,125.0,11,14,4.0,2.0,126.0,1.0,True,6,1,1.3416407864998738,0.32743378007488055,125.0,0.0,0,0.0,False,0.0,125.0
3-regular_n100_g3,3-regular,100,QAOA-NB,32,5,5,100337,False,12,1,wurtz_lykov_3reg_p1,0.1,125.0,11,14,0.0,0.0,126.0,1.0,True,6,1,1.0,0.21422779858540478,125.0,0.0,0,0.0,False,0.0,125.0
3-regular_n100_g3,3-regular,100,QAOA-BF,32,6,6,100338,True,12,1,wurtz_lykov_3reg_p1,0.1,125.0,12,12,2.0,2.0,127.0,2.0,True,6,2,1.1094003924504583,0.2961995072564658,126.0,1.0,1,0.03125,True,1.0,126.0
3-regular_n100_g3,3-regular,100,QAOA-NB,32,6,6,100338,False,12,1,wurtz_lykov_3reg_p1,0.1,125.0,12,12,0.0,0.0,127.0,2.0,True,6,2,1.0,0.2866099924727879,125.0,0.0,0,0.0,False,0.0,125.0
3-regular_n100_g3,3-regular,100,QAOA-BF,32,7,7,100339,True,12,1,wurtz_lykov_3reg_p1,0.1,125.0,11,14,4.0,2.0,126.0,1.0,True,6,1,1.3416407864998738,0.3226083223146334,125.0,0.0,0,0.0,False,0.0,125.0
3-regular_n100_g3,3-regular,100,QAOA-NB,32,7,7,100339,False,12,1,wurtz_lykov_3reg_p1,0.1,125.0,11,14,0.0,0.0,126.0,1.0,True,6,1,1.0,0.21469703639132898,125.0,0.0,0,0.0,False,0.0,125.0
3-regular_n100_g3,3-regular,100,QAOA-BF,128,0,0,100428,True,12,1,wurtz_lykov_3reg_p1,0.1,125.0,12,12,3.7416573867739413,2.0,127.0,2.0,True,6,3,1.2366938848016846,0.32381385748437463,125.0,0.0,0,0.0,False,0.0,125.0
3-regular_n100_g3,3-regular,100,QAOA-NB,128,0,0,100428,False,12,1,wurtz_lykov_3reg_p1,0.1,125.0,12,12,0.0,0.0,127.0,2.0,True,6,3,1.0,0.19485872296579484,125.0,0.0,0,0.0,False,0.0,125.0
3-regular_n100_g3,3-regular,100,QAOA-BF,128,1,1,100429,True,12,1,wurtz_lykov_3reg_p1,0.1,125.0,11,14,4.47213595499958,2.0,126.0,1.0,True,6,1,1.3919410907075054,0.3552059082244666,125.0,0.0,0,0.0,False,0.0,125.0
3-regular_n100_g3,3-regular,100,QAOA-NB,128,1,1,100429,False,12,1,wurtz_lykov_3reg_p1,0.1,125.0,11,14,0.0,0.0,126.0,1.0,True,6,1,1.0,0.21469703639132898,125.0,0.0,0,0.0,False,0.0,125.0
3-regular_n100_g3,3-regular,100,QAOA-BF,128,2,2,100430,True,12,1,wurtz_lykov_3reg_p1,0.1,125.0,11,14,3.4641016151377544,2.0,125.0,0.0,False,6,0,1.2817398889233114,0.45175691641823223,125.0,0.0,0,0.0,False,0.0,125.0
3-regular_n100_g3,3-regular,100,QAOA-NB,128,2,2,100430,False,12,1,wurtz_lykov_3reg_p1,0.1,125.0,11,14,0.0,0.0,125.0,0.0,False,6,0,1.0,0.36386562008926054,125.0,0.0,0,0.0,False,0.0,125.0
3-regular_n100_g3,3-regular,100,QAOA-BF,128,3,3,100431,True,12,1,wurtz_lykov_3reg_p1,0.1,125.0,11,14,4.47213595499958,2.0,127.0,2.0,True,6,3,1.3919410907075054,0.293536458928947,126.0,1.0,3,0.0234375,True,1.0,126.0
3-regular_n100_g3,3-regular,100,QAOA-NB,128,3,3,100431,False,12,1,wurtz_lykov_3reg_p1,0.1,125.0,11,14,0.0,0.0,127.0,2.0,True,6,3,1.0,0.15241636923846386,125.0,0.0,0,0.0,False,0.0,125.0
3-regular_n100_g3,3-regular,100,QAOA-BF,128,4,4,100432,True,12,1,wurtz_lykov_3reg_p1,0.1,125.0,11,14,4.0,2.0,128.0,3.0,True,6,4,1.3416407864998738,0.26700552596436306,126.0,1.0,1,0.0078125,True,1.0,126.0
3-regular_n100_g3,3-regular,100,QAOA-NB,128,4,4,100432,False,12,1,wurtz_lykov_3reg_p1,0.1,125.0,11,14,0.0,0.0,128.0,3.0,True,6,4,1.0,0.1521117655351534,125.0,0.0,0,0.0,False,0.0,125.0
3-regular_n100_g3,3-regular,100,QAOA-BF,128,5,5,100433,True,12,1,wurtz_lykov_3reg_p1,0.1,125.0,11,14,4.0,2.0,126.0,1.0,True,6,0,1.3416407864998738,0.32743378007488066,126.0,1.0,1,0.0078125,True,1.0,126.0
3-regular_n100_g3,3-regular,100,QAOA-NB,128,5,5,100433,False,12,1,wurtz_lykov_3reg_p1,0.1,125.0,11,14,0.0,0.0,126.0,1.0,True,6,0,1.0,0.21422779858540467,126.0,1.0,2,0.015625,True,1.0,126.0
3-regular_n100_g3,3-regular,100,QAOA-BF,128,6,6,100434,True,12,1,wurtz_lykov_3reg_p1,0.1,125.0,12,12,4.242640687119285,2.0,127.0,2.0,True,6,1,1.2909944487358056,0.2845097064273415,125.0,0.0,0,0.0,False,0.0,125.0
3-regular_n100_g3,3-regular,100,QAOA-NB,128,6,6,100434,False,12,1,wurtz_lykov_3reg_p1,0.1,125.0,12,12,0.0,0.0,127.0,2.0,True,6,1,1.0,0.12056397690932562,125.0,0.0,0,0.0,False,0.0,125.0
3-regular_n100_g3,3-regular,100,QAOA-BF,128,7,7,100435,True,12,1,wurtz_lykov_3reg_p1,0.1,125.0,12,12,3.7416573867739413,2.0,127.0,2.0,True,6,3,1.2366938848016846,0.28392806361118483,126.0,1.0,3,0.0234375,True,1.0,126.0
3-regular_n100_g3,3-regular,100,QAOA-NB,128,7,7,100435,False,12,1,wurtz_lykov_3reg_p1,0.1,125.0,12,12,0.0,0.0,127.0,2.0,True,6,3,1.0,0.24347757322562716,126.0,1.0,1,0.0078125,True,1.0,126.0
3-regular_n100_g3,3-regular,100,QAOA-BF,512,0,0,100812,True,12,1,wurtz_lykov_3reg_p1,0.1,125.0,11,14,4.47213595499958,2.0,127.0,2.0,True,6,3,1.3919410907075054,0.2976494060002386,127.0,2.0,6,0.01171875,True,2.0,127.0
3-regular_n100_g3,3-regular,100,QAOA-NB,512,0,0,100812,False,12,1,wurtz_lykov_3reg_p1,0.1,125.0,11,14,0.0,0.0,127.0,2.0,True,6,3,1.0,0.1521117655351534,127.0,2.0,5,0.009765625,True,2.0,127.0
3-regular_n100_g3,3-regular,100,QAOA-BF,512,1,1,100813,True,12,1,wurtz_lykov_3reg_p1,0.1,125.0,12,12,3.4641016151377544,2.0,127.0,2.0,True,6,2,1.2649110640673518,0.2806981848965601,127.0,2.0,4,0.0078125,True,2.0,127.0
3-regular_n100_g3,3-regular,100,QAOA-NB,512,1,1,100813,False,12,1,wurtz_lykov_3reg_p1,0.1,125.0,12,12,0.0,0.0,127.0,2.0,True,6,2,1.0,0.20348415651949114,126.0,1.0,10,0.01953125,True,1.0,126.0
3-regular_n100_g3,3-regular,100,QAOA-BF,512,2,2,100814,True,12,1,wurtz_lykov_3reg_p1,0.1,125.0,12,12,4.242640687119285,2.0,127.0,2.0,True,6,2,1.2909944487358056,0.2847278940750142,126.0,1.0,4,0.0078125,True,1.0,126.0
3-regular_n100_g3,3-regular,100,QAOA-NB,512,2,2,100814,False,12,1,wurtz_lykov_3reg_p1,0.1,125.0,12,12,0.0,0.0,127.0,2.0,True,6,2,1.0,0.11651222733451476,126.0,1.0,4,0.0078125,True,1.0,126.0
3-regular_n100_g3,3-regular,100,QAOA-BF,512,3,3,100815,True,12,1,wurtz_lykov_3reg_p1,0.1,125.0,12,12,3.4641016151377544,2.0,127.0,2.0,True,6,1,1.2649110640673518,0.28069818489656023,127.0,2.0,7,0.013671875,True,2.0,127.0
3-regular_n100_g3,3-regular,100,QAOA-NB,512,3,3,100815,False,12,1,wurtz_lykov_3reg_p1,0.1,125.0,12,12,0.0,0.0,127.0,2.0,True,6,1,1.0,0.20348415651949103,126.0,1.0,7,0.013671875,True,1.0,126.0
3-regular_n100_g3,3-regular,100,QAOA-BF,512,4,4,100816,True,12,1,wurtz_lykov_3reg_p1,0.1,125.0,11,14,4.47213595499958,2.0,126.0,1.0,True,6,1,1.3919410907075054,0.36490166032081495,126.0,1.0,5,0.009765625,True,1.0,126.0
3-regular_n100_g3,3-regular,100,QAOA-NB,512,4,4,100816,False,12,1,wurtz_lykov_3reg_p1,0.1,125.0,11,14,0.0,0.0,126.0,1.0,True,6,1,1.0,0.17604402706718536,126.0,1.0,7,0.013671875,True,1.0,126.0
3-regular_n100_g3,3-regular,100,QAOA-BF,512,5,5,100817,True,12,1,wurtz_lykov_3reg_p1,0.1,125.0,11,14,4.0,2.0,128.0,3.0,True,6,1,1.3416407864998738,0.2750918230783902,128.0,3.0,9,0.017578125,True,3.0,128.0
3-regular_n100_g3,3-regular,100,QAOA-NB,512,5,5,100817,False,12,1,wurtz_lykov_3reg_p1,0.1,125.0,11,14,0.0,0.0,128.0,3.0,True,6,1,1.0,0.1524163692384639,127.0,2.0,6,0.01171875,True,2.0,127.0
3-regular_n100_g3,3-regular,100,QAOA-BF,512,6,6,100818,True,12,1,wurtz_lykov_3reg_p1,0.1,125.0,11,14,4.0,2.0,126.0,1.0,True,6,2,1.3416407864998738,0.3312040820832064,126.0,1.0,4,0.0078125,True,1.0,126.0
3-regular_n100_g3,3-regular,100,QAOA-NB,512,6,6,100818,False,12,1,wurtz_lykov_3reg_p1,0.1,125.0,11,14,0.0,0.0,126.0,1.0,True,6,2,1.0,0.21876830154727991,126.0,1.0,1,0.001953125,True,1.0,126.0
3-regular_n100_g3,3-regular,100,QAOA-BF,512,7,7,100819,True,12,1,wurtz_lykov_3reg_p1,0.1,125.0,11,14,4.898979485566356,2.0,127.0,2.0,True,6,4,1.4348601079588785,0.32394495358715963,127.0,2.0,2,0.00390625,True,2.0,127.0
3-regular_n100_g3,3-regular,100,QAOA-NB,512,7,7,100819,False,12,1,wurtz_lykov_3reg_p1,0.1,125.0,11,14,0.0,0.0,127.0,2.0,True,6,4,1.0,0.15211176553515351,126.0,1.0,4,0.0078125,True,1.0,126.0
3-regular_n100_g3,3-regular,100,QAOA-BF,2048,0,0,102348,True,12,1,wurtz_lykov_3reg_p1,0.1,125.0,12,12,3.7416573867739413,2.0,127.0,2.0,True,6,3,1.2366938848016846,0.2694077787257528,127.0,2.0,39,0.01904296875,True,2.0,127.0
3-regular_n100_g3,3-regular,100,QAOA-NB,2048,0,0,102348,False,12,1,wurtz_lykov_3reg_p1,0.1,125.0,12,12,0.0,0.0,127.0,2.0,True,6,3,1.0,0.12096538606332574,127.0,2.0,32,0.015625,True,2.0,127.0
3-regular_n100_g3,3-regular,100,QAOA-BF,2048,1,1,102349,True,12,1,wurtz_lykov_3reg_p1,0.1,125.0,12,12,3.7416573867739413,2.0,128.0,3.0,True,6,3,1.2366938848016846,0.26642557737570216,128.0,3.0,25,0.01220703125,True,3.0,128.0
3-regular_n100_g3,3-regular,100,QAOA-NB,2048,1,1,102349,False,12,1,wurtz_lykov_3reg_p1,0.1,125.0,12,12,0.0,0.0,128.0,3.0,True,6,3,1.0,0.1551697134495447,128.0,3.0,22,0.0107421875,True,3.0,128.0
3-regular_n100_g3,3-regular,100,QAOA-BF,2048,2,2,102350,True,12,1,wurtz_lykov_3reg_p1,0.1,125.0,11,14,4.0,2.0,126.0,1.0,True,6,0,1.3416407864998738,0.324986482474379,126.0,1.0,16,0.0078125,True,1.0,126.0
3-regular_n100_g3,3-regular,100,QAOA-NB,2048,2,2,102350,False,12,1,wurtz_lykov_3reg_p1,0.1,125.0,11,14,0.0,0.0,126.0,1.0,True,6,0,1.0,0.2716069211628066,126.0,1.0,11,0.00537109375,True,1.0,126.0
3-regular_n100_g3,3-regular,100,QAOA-BF,2048,3,3,102351,True,12,1,wurtz_lykov_3reg_p1,0.1,125.0,11,14,4.0,2.0,128.0,3.0,True,6,3,1.3416407864998738,0.26700552596436306,127.0,2.0,24,0.01171875,True,2.0,127.0
3-regular_n100_g3,3-regular,100,QAOA-NB,2048,3,3,102351,False,12,1,wurtz_lykov_3reg_p1,0.1,125.0,11,14,0.0,0.0,128.0,3.0,True,6,3,1.0,0.1521117655351534,127.0,2.0,19,0.00927734375,True,2.0,127.0
3-regular_n100_g3,3-regular,100,QAOA-BF,2048,4,4,102352,True,12,1,wurtz_lykov_3reg_p1,0.1,125.0,11,14,4.47213595499958,2.0,126.0,1.0,True,6,1,1.3919410907075054,0.3481832292526885,125.0,0.0,0,0.0,False,0.0,125.0
3-regular_n100_g3,3-regular,100,QAOA-NB,2048,4,4,102352,False,12,1,wurtz_lykov_3reg_p1,0.1,125.0,11,14,0.0,0.0,126.0,1.0,True,6,1,1.0,0.2716069211628067,125.0,0.0,0,0.0,False,0.0,125.0
3-regular_n100_g3,3-regular,100,QAOA-BF,2048,5,5,102353,True,12,1,wurtz_lykov_3reg_p1,0.1,125.0,12,12,3.1622776601683795,2.0,128.0,3.0,True,6,0,1.1726039399558574,0.2674146529023224,128.0,3.0,47,0.02294921875,True,3.0,128.0
3-regular_n100_g3,3-regular,100,QAOA-NB,2048,5,5,102353,False,12,1,wurtz_lykov_3reg_p1,0.1,125.0,12,12,0.0,0.0,128.0,3.0,True,6,0,1.0,0.24191304647630574,128.0,3.0,50,0.0244140625,True,3.0,128.0
3-regular_n100_g3,3-regular,100,QAOA-BF,2048,6,6,102354,True,12,1,wurtz_lykov_3reg_p1,0.1,125.0,12,12,3.4641016151377544,2.0,127.0,2.0,True,6,5,1.2649110640673518,0.2806981848965601,126.0,1.0,27,0.01318359375,True,1.0,126.0
3-regular_n100_g3,3-regular,100,QAOA-NB,2048,6,6,102354,False,12,1,wurtz_lykov_3reg_p1,0.1,125.0,12,12,0.0,0.0,127.0,2.0,True,6,5,1.0,0.2034841565194911,127.0,2.0,26,0.0126953125,True,2.0,127.0
3-regular_n100_g3,3-regular,100,QAOA-BF,2048,7,7,102355,True,12,1,wurtz_lykov_3reg_p1,0.1,125.0,11,14,4.47213595499958,2.0,126.0,1.0,True,6,3,1.3919410907075054,0.29400409064194083,126.0,1.0,11,0.00537109375,True,1.0,126.0
3-regular_n100_g3,3-regular,100,QAOA-NB,2048,7,7,102355,False,12,1,wurtz_lykov_3reg_p1,0.1,125.0,11,14,0.0,0.0,126.0,1.0,True,6,3,1.0,0.15211176553515351,126.0,1.0,7,0.00341796875,True,1.0,126.0
3-regular_n100_g4,3-regular,100,LS-only,,,,,,,,,,126.0,,,,,,,,,,,,,,,,,,126.0
3-regular_n100_g4,3-regular,100,QAOA-BF,32,0,0,100432,True,12,1,wurtz_lykov_3reg_p1,0.1,126.0,11,14,4.898979485566356,2.0,127.0,1.0,True,6,2,1.4348601079588785,0.31892929046851864,126.0,0.0,0,0.0,False,0.0,126.0
3-regular_n100_g4,3-regular,100,QAOA-NB,32,0,0,100432,False,12,1,wurtz_lykov_3reg_p1,0.1,126.0,11,14,0.0,0.0,127.0,1.0,True,6,2,1.0,0.19289914765349223,126.0,0.0,0,0.0,False,0.0,126.0
3-regular_n100_g4,3-regular,100,QAOA-BF,32,1,1,100433,True,12,1,wurtz_lykov_3reg_p1,0.1,126.0,11,14,4.0,2.0,127.0,1.0,True,6,0,1.3416407864998738,0.3271962245163453,126.0,0.0,0,0.0,False,0.0,126.0
3-regular_n100_g4,3-regular,100,QAOA-NB,32,1,1,100433,False,12,1,wurtz_lykov_3reg_p1,0.1,126.0,11,14,0.0,0.0,127.0,1.0,True,6,0,1.0,0.21469703639132898,126.0,0.0,0,0.0,False,0.0,126.0
3-regular_n100_g4,3-regular,100,QAOA-BF,32,2,2,100434,True,12,1,wurtz_lykov_3reg_p1,0.1,126.0,11,14,3.4641016151377544,2.0,127.0,1.0,True,6,3,1.2817398889233114,0.3084453087467854,127.0,1.0,1,0.03125,True,1.0,127.0
3-regular_n100_g4,3-regular,100,QAOA-NB,32,2,2,100434,False,12,1,wurtz_lykov_3reg_p1,0.1,126.0,11,14,0.0,0.0,127.0,1.0,True,6,3,1.0,0.21876830154728003,126.0,0.0,0,0.0,False,0.0,126.0
3-regular_n100_g4,3-regular,100,QAOA-BF,32,3,3,100435,True,12,1,wurtz_lykov_3reg_p1,0.1,126.0,13,10,4.0,2.0,127.0,1.0,True,6,2,1.2041594578792296,0.42432136851105423,127.0,1.0,1,0.03125,True,1.0,127.0
3-regular_n100_g4,3-regular,100,QAOA-NB,32,3,3,100435,False,12,1,wurtz_lykov_3reg_p1,0.1,126.0,13,10,0.0,0.0,127.0,1.0,True,6,2,1.0,0.33658250637672954,126.0,0.0,0,0.0,False,0.0,126.0
3-regular_n100_g4,3-regular,100,QAOA-BF,32,4,4,100436,True,12,1,wurtz_lykov_3reg_p1,0.1,126.0,11,14,4.47213595499958,2.0,127.0,1.0,True,6,1,1.3919410907075054,0.29390215754683274,126.0,0.0,0,0.0,False,0.0,126.0
3-regular_n100_g4,3-regular,100,QAOA-NB,32,4,4,100436,False,12,1,wurtz_lykov_3reg_p1,0.1,126.0,11,14,0.0,0.0,127.0,1.0,True,6,1,1.0,0.15241636923846386,126.0,0.0,0,0.0,False,0.0,126.0
3-regular_n100_g4,3-regular,100,QAOA-BF,32,5,5,100437,True,12,1,wurtz_lykov_3reg_p1,0.1,126.0,11,14,4.0,2.0,127.0,1.0,True,6,1,1.3416407864998738,0.3322122719771742,126.0,0.0,0,0.0,False,0.0,126.0
3-regular_n100_g4,3-regular,100,QAOA-NB,32,5,5,100437,False,12,1,wurtz_lykov_3reg_p1,0.1,126.0,11,14,0.0,0.0,127.0,1.0,True,6,1,1.0,0.21469703639132898,126.0,0.0,0,0.0,False,0.0,126.0
3-regular_n100_g4,3-regular,100,QAOA-BF,32,6,6,100438,True,12,1,wurtz_lykov_3reg_p1,0.1,126.0,12,12,4.47213595499958,2.0,127.0,1.0,True,6,0,1.3719886811400708,0.3226430810071044,126.0,0.0,0,0.0,False,0.0,126.0
3-regular_n100_g4,3-regular,100,QAOA-NB,32,6,6,100438,False,12,1,wurtz_lykov_3reg_p1,0.1,126.0,12,12,0.0,0.0,127.0,1.0,True,6,0,1.0,0.20379823135163172,126.0,0.0,0,0.0,False,0.0,126.0
3-regular_n100_g4,3-regular,100,QAOA-BF,32,7,7,100439,True,12,1,wurtz_lykov_3reg_p1,0.1,126.0,12,12,4.69041575982343,2.0,127.0,1.0,True,6,2,1.3377121081198773,0.3745003140639395,126.0,0.0,0,0.0,False,0.0,126.0
3-regular_n100_g4,3-regular,100,QAOA-NB,32,7,7,100439,False,12,1,wurtz_lykov_3reg_p1,0.1,126.0,12,12,0.0,0.0,127.0,1.0,True,6,2,1.0,0.2168531616431093,126.0,0.0,0,0.0,False,0.0,126.0
3-regular_n100_g4,3-regular,100,QAOA-BF,128,0,0,100528,True,12,1,wurtz_lykov_3reg_p1,0.1,126.0,12,12,4.242640687119285,2.0,128.0,2.0,True,6,1,1.2909944487358056,0.31393074410547717,127.0,1.0,7,0.0546875,True,1.0,127.0
3-regular_n100_g4,3-regular,100,QAOA-NB,128,0,0,100528,False,12,1,wurtz_lykov_3reg_p1,0.1,126.0,12,12,0.0,0.0,128.0,2.0,True,6,1,1.0,0.19114067102411686,127.0,1.0,2,0.015625,True,1.0,127.0
3-regular_n100_g4,3-regular,100,QAOA-BF,128,1,1,100529,True,12,1,wurtz_lykov_3reg_p1,0.1,126.0,11,14,4.0,2.0,127.0,1.0,True,6,2,1.3416407864998738,0.3203040001243232,126.0,0.0,0,0.0,False,0.0,126.0
3-regular_n100_g4,3-regular,100,QAOA-NB,128,1,1,100529,False,12,1,wurtz_lykov_3reg_p1,0.1,126.0,11,14,0.0,0.0,127.0,1.0,True,6,2,1.0,0.2716069211628066,126.0,0.0,0,0.0,False,0.0,126.0
3-regular_n100_g4,3-regular,100,QAOA-BF,128,2,2,100530,True,12,1,wurtz_lykov_3reg_p1,0.1,126.0,12,12,4.0,2.0,127.0,1.0,True,6,4,1.3228756555322954,0.29967950165916624,126.0,0.0,0,0.0,False,0.0,126.0
3-regular_n100_g4,3-regular,100,QAOA-NB,128,2,2,100530,False,12,1,wurtz_lykov_3reg_p1,0.1,126.0,12,12,0.0,0.0,127.0,1.0,True,6,4,1.0,0.16043410779456269,126.0,0.0,0,0.0,False,0.0,126.0
3-regular_n100_g4,3-regular,100,QAOA-BF,128,3,3,100531,True,12,1,wurtz_lykov_3reg_p1,0.1,126.0,11,14,4.0,2.0,127.0,1.0,True,6,0,1.3416407864998738,0.32499037210478493,127.0,1.0,2,0.015625,True,1.0,127.0
3-regular_n100_g4,3-regular,100,QAOA-NB,128,3,3,100531,False,12,1,wurtz_lykov_3reg_p1,0.1,126.0,11,14,0.0,0.0,127.0,1.0,True,6,0,1.0,0.2716069211628066,127.0,1.0,1,0.0078125,True,1.0,127.0
3-regular_n100_g4,3-regular,100,QAOA-BF,128,4,4,100532,True,12,1,wurtz_lykov_3reg_p1,0.1,126.0,11,14,4.898979485566356,2.0,127.0,1.0,True,6,0,1.4348601079588785,0.3201378680165374,127.0,1.0,1,0.0078125,True,1.0,127.0
3-regular_n100_g4,3-regular,100,QAOA-NB,128,4,4,100532,False,12,1,wurtz_lykov_3reg_p1,0.1,126.0,11,14,0.0,0.0,127.0,1.0,True,6,0,1.0,0.15241636923846386,126.0,0.0,0,0.0,False,0.0,126.0
3-regular_n100_g4,3-regular,100,QAOA-BF,128,5,5,100533,True,12,1,wurtz_lykov_3reg_p1,0.1,126.0,11,14,4.898979485566356,2.0,126.0,0.0,False,6,0,1.4348601079588785,0.3931227150675815,126.0,0.0,0,0.0,False,0.0,126.0
3-regular_n100_g4,3-regular,100,QAOA-NB,128,5,5,100533,False,12,1,wurtz_lykov_3reg_p1,0.1,126.0,11,14,0.0,0.0,126.0,0.0,False,6,0,1.0,0.17604402706718542,126.0,0.0,0,0.0,False,0.0,126.0
3-regular_n100_g4,3-regular,100,QAOA-BF,128,6,6,100534,True,12,1,wurtz_lykov_3reg_p1,0.1,126.0,11,14,4.0,2.0,127.0,1.0,True,6,2,1.3416407864998738,0.3203040001243232,126.0,0.0,0,0.0,False,0.0,126.0
3-regular_n100_g4,3-regular,100,QAOA-NB,128,6,6,100534,False,12,1,wurtz_lykov_3reg_p1,0.1,126.0,11,14,0.0,0.0,127.0,1.0,True,6,2,1.0,0.2716069211628066,126.0,0.0,0,0.0,False,0.0,126.0
3-regular_n100_g4,3-regular,100,QAOA-BF,128,7,7,100535,True,12,1,wurtz_lykov_3reg_p1,0.1,126.0,12,12,4.69041575982343,2.0,127.0,1.0,True,6,0,1.3377121081198773,0.3784577609029899,127.0,1.0,1,0.0078125,True,1.0,127.0
3-regular_n100_g4,3-regular,100,QAOA-NB,128,7,7,100535,False,12,1,wurtz_lykov_3reg_p1,0.1,126.0,12,12,0.0,0.0,127.0,1.0,True,6,0,1.0,0.19071229782565532,126.0,0.0,0,0.0,False,0.0,126.0
3-regular_n100_g4,3-regular,100,QAOA-BF,512,0,0,100912,True,12,1,wurtz_lykov_3reg_p1,0.1,126.0,11,14,3.4641016151377544,2.0,127.0,1.0,True,6,0,1.2817398889233114,0.3656707115742986,126.0,0.0,0,0.0,False,0.0,126.0
3-regular_n100_g4,3-regular,100,QAOA-NB,512,0,0,100912,False,12,1,wurtz_lykov_3reg_p1,0.1,126.0,11,14,0.0,0.0,127.0,1.0,True,6,0,1.0,0.3018724157119838,126.0,0.0,0,0.0,False,0.0,126.0
3-regular_n100_g4,3-regular,100,QAOA-BF,512,1,1,100913,True,12,1,wurtz_lykov_3reg_p1,0.1,126.0,12,12,2.8284271247461903,2.0,126.0,0.0,False,6,0,1.1952286093343936,0.30685463260292023,126.0,0.0,0,0.0,False,0.0,126.0
3-regular_n100_g4,3-regular,100,QAOA-NB,512,1,1,100913,False,12,1,wurtz_lykov_3reg_p1,0.1,126.0,12,12,0.0,0.0,126.0,0.0,False,6,0,1.0,0.23019681036358822,126.0,0.0,0,0.0,False,0.0,126.0
3-regular_n100_g4,3-regular,100,QAOA-BF,512,2,2,100914,True,12,1,wurtz_lykov_3reg_p1,0.1,126.0,11,14,3.4641016151377544,2.0,127.0,1.0,True,6,4,1.2817398889233114,0.3054885944173174,127.0,1.0,1,0.001953125,True,1.0,127.0
3-regular_n100_g4,3-regular,100,QAOA-NB,512,2,2,100914,False,12,1,wurtz_lykov_3reg_p1,0.1,126.0,11,14,0.0,0.0,127.0,1.0,True,6,4,1.0,0.17604402706718536,127.0,1.0,2,0.00390625,True,1.0,127.0
3-regular_n100_g4,3-regular,100,QAOA-BF,512,3,3,100915,True,12,1,wurtz_lykov_3reg_p1,0.1,126.0,11,14,4.47213595499958,2.0,128.0,2.0,True,6,5,1.3919410907075054,0.2976494060002386,128.0,2.0,7,0.013671875,True,2.0,128.0
3-regular_n100_g4,3-regular,100,QAOA-NB,512,3,3,100915,False,12,1,wurtz_lykov_3reg_p1,0.1,126.0,11,14,0.0,0.0,128.0,2.0,True,6,5,1.0,0.1521117655351534,127.0,1.0,3,0.005859375,True,1.0,127.0
3-regular_n100_g4,3-regular,100,QAOA-BF,512,4,4,100916,True,12,1,wurtz_lykov_3reg_p1,0.1,126.0,12,12,3.1622776601683795,2.0,127.0,1.0,True,6,1,1.1726039399558574,0.2942976272522132,127.0,1.0,6,0.01171875,True,1.0,127.0
3-regular_n100_g4,3-regular,100,QAOA-NB,512,4,4,100916,False,12,1,wurtz_lykov_3reg_p1,0.1,126.0,12,12,0.0,0.0,127.0,1.0,True,6,1,1.0,0.21336459523520312,127.0,1.0,2,0.00390625,True,1.0,127.0
3-regular_n100_g4,3-regular,100,QAOA-BF,512,5,5,100917,True,12,1,wurtz_lykov_3reg_p1,0.1,126.0,11,14,5.291502622129181,2.0,126.0,0.0,False,6,0,1.4719601443879744,0.5390580845004506,126.0,0.0,0,0.0,False,0.0,126.0
3-regular_n100_g4,3-regular,100,QAOA-NB,512,5,5,100917,False,12,1,wurtz_lykov_3reg_p1,0.1,126.0,11,14,0.0,0.0,126.0,0.0,False,6,0,1.0,0.2529047219308405,126.0,0.0,0,0.0,False,0.0,126.0
3-regular_n100_g4,3-regular,100,QAOA-BF,512,6,6,100918,True,12,1,wurtz_lykov_3reg_p1,0.1,126.0,11,14,3.4641016151377544,2.0,127.0,1.0,True,6,5,1.2817398889233114,0.3656707115742986,126.0,0.0,0,0.0,False,0.0,126.0
3-regular_n100_g4,3-regular,100,QAOA-NB,512,6,6,100918,False,12,1,wurtz_lykov_3reg_p1,0.1,126.0,11,14,0.0,0.0,127.0,1.0,True,6,5,1.0,0.3018724157119838,126.0,0.0,0,0.0,False,0.0,126.0
3-regular_n100_g4,3-regular,100,QAOA-BF,512,7,7,100919,True,12,1,wurtz_lykov_3reg_p1,0.1,126.0,12,12,4.242640687119285,2.0,127.0,1.0,True,6,1,1.2909944487358056,0.2886181283518867,127.0,1.0,8,0.015625,True,1.0,127.0
3-regular_n100_g4,3-regular,100,QAOA-NB,512,7,7,100919,False,12,1,wurtz_lykov_3reg_p1,0.1,126.0,12,12,0.0,0.0,127.0,1.0,True,6,1,1.0,0.12096538606332581,127.0,1.0,3,0.005859375,True,1.0,127.0
3-regular_n100_g4,3-regular,100,QAOA-BF,2048,0,0,102448,True,12,1,wurtz_lykov_3reg_p1,0.1,126.0,11,14,3.4641016151377544,2.0,127.0,1.0,True,6,0,1.2817398889233114,0.3054885944173168,127.0,1.0,14,0.0068359375,True,1.0,127.0
3-regular_n100_g4,3-regular,100,QAOA-NB,2048,0,0,102448,False,12,1,wurtz_lykov_3reg_p1,0.1,126.0,11,14,0.0,0.0,127.0,1.0,True,6,0,1.0,0.17604402706718542,127.0,1.0,7,0.00341796875,True,1.0,127.0
3-regular_n100_g4,3-regular,100,QAOA-BF,2048,1,1,102449,True,12,1,wurtz_lykov_3reg_p1,0.1,126.0,12,12,3.7416573867739413,2.0,126.0,0.0,False,6,0,1.2366938848016846,0.38326938809193406,126.0,0.0,0,0.0,False,0.0,126.0
3-regular_n100_g4,3-regular,100,QAOA-NB,2048,1,1,102449,False,12,1,wurtz_lykov_3reg_p1,0.1,126.0,12,12,0.0,0.0,126.0,0.0,False,6,0,1.0,0.25300232681865875,126.0,0.0,0,0.0,False,0.0,126.0
3-regular_n100_g4,3-regular,100,QAOA-BF,2048,2,2,102450,True,12,1,wurtz_lykov_3reg_p1,0.1,126.0,11,14,4.0,2.0,127.0,1.0,True,6,4,1.3416407864998738,0.2675730191428925,127.0,1.0,15,0.00732421875,True,1.0,127.0
3-regular_n100_g4,3-regular,100,QAOA-NB,2048,2,2,102450,False,12,1,wurtz_lykov_3reg_p1,0.1,126.0,11,14,0.0,0.0,127.0,1.0,True,6,4,1.0,0.15241636923846386,127.0,1.0,11,0.00537109375,True,1.0,127.0
3-regular_n100_g4,3-regular,100,QAOA-BF,2048,3,3,102451,True,12,1,wurtz_lykov_3reg_p1,0.1,126.0,11,14,4.898979485566356,2.0,127.0,1.0,True,6,0,1.4348601079588785,0.26438317218378987,127.0,1.0,25,0.01220703125,True,1.0,127.0
3-regular_n100_g4,3-regular,100,QAOA-NB,2048,3,3,102451,False,12,1,wurtz_lykov_3reg_p1,0.1,126.0,11,14,0.0,0.0,127.0,1.0,True,6,0,1.0,0.10823810098934242,127.0,1.0,7,0.00341796875,True,1.0,127.0
3-regular_n100_g4,3-regular,100,QAOA-BF,2048,4,4,102452,True,12,1,wurtz_lykov_3reg_p1,0.1,126.0,11,14,4.898979485566356,2.0,127.0,1.0,True,6,4,1.4348601079588785,0.3202448669809636,127.0,1.0,11,0.00537109375,True,1.0,127.0
3-regular_n100_g4,3-regular,100,QAOA-NB,2048,4,4,102452,False,12,1,wurtz_lykov_3reg_p1,0.1,126.0,11,14,0.0,0.0,127.0,1.0,True,6,4,1.0,0.15211176553515346,127.0,1.0,8,0.00390625,True,1.0,127.0
3-regular_n100_g4,3-regular,100,QAOA-BF,2048,5,5,102453,True,12,1,wurtz_lykov_3reg_p1,0.1,126.0,11,14,4.0,2.0,126.0,0.0,False,6,0,1.3416407864998738,0.4015704908937654,126.0,0.0,0,0.0,False,0.0,126.0
3-regular_n100_g4,3-regular,100,QAOA-NB,2048,5,5,102453,False,12,1,wurtz_lykov_3reg_p1,0.1,126.0,11,14,0.0,0.0,126.0,0.0,False,6,0,1.0,0.24668078473388885,126.0,0.0,0,0.0,False,0.0,126.0
3-regular_n100_g4,3-regular,100,QAOA-BF,2048,6,6,102454,True,12,1,wurtz_lykov_3reg_p1,0.1,126.0,12,12,4.69041575982343,2.0,127.0,1.0,True,6,0,1.3377121081198773,0.3745003140639394,127.0,1.0,24,0.01171875,True,1.0,127.0
3-regular_n100_g4,3-regular,100,QAOA-NB,2048,6,6,102454,False,12,1,wurtz_lykov_3reg_p1,0.1,126.0,12,12,0.0,0.0,127.0,1.0,True,6,0,1.0,0.21685316164310925,127.0,1.0,10,0.0048828125,True,1.0,127.0
3-regular_n100_g4,3-regular,100,QAOA-BF,2048,7,7,102455,True,12,1,wurtz_lykov_3reg_p1,0.1,126.0,12,12,4.69041575982343,2.0,127.0,1.0,True,6,0,1.3377121081198773,0.3784577609029899,127.0,1.0,17,0.00830078125,True,1.0,127.0
3-regular_n100_g4,3-regular,100,QAOA-NB,2048,7,7,102455,False,12,1,wurtz_lykov_3reg_p1,0.1,126.0,12,12,0.0,0.0,127.0,1.0,True,6,0,1.0,0.19071229782565532,127.0,1.0,8,0.00390625,True,1.0,127.0
3-regular_n100_g5,3-regular,100,LS-only,,,,,,,,,,123.0,,,,,,,,,,,,,,,,,,123.0
3-regular_n100_g5,3-regular,100,QAOA-BF,32,0,0,100532,True,12,1,wurtz_lykov_3reg_p1,0.1,123.0,11,14,4.47213595499958,2.0,125.0,2.0,True,6,1,1.3919410907075054,0.2935364589289472,124.0,1.0,1,0.03125,True,1.0,124.0
3-regular_n100_g5,3-regular,100,QAOA-NB,32,0,0,100532,False,12,1,wurtz_lykov_3reg_p1,0.1,123.0,11,14,0.0,0.0,125.0,2.0,True,6,1,1.0,0.1524163692384639,123.0,0.0,0,0.0,False,0.0,123.0
3-regular_n100_g5,3-regular,100,QAOA-BF,32,1,1,100533,True,12,1,wurtz_lykov_3reg_p1,0.1,123.0,11,14,4.47213595499958,2.0,125.0,2.0,True,6,2,1.3919410907075054,0.2899088126960256,123.0,0.0,0,0.0,False,0.0,123.0
3-regular_n100_g5,3-regular,100,QAOA-NB,32,1,1,100533,False,12,1,wurtz_lykov_3reg_p1,0.1,123.0,11,14,0.0,0.0,125.0,2.0,True,6,2,1.0,0.15241636923846374,123.0,0.0,0,0.0,False,0.0,123.0
3-regular_n100_g5,3-regular,100,QAOA-BF,32,2,2,100534,True,12,1,wurtz_lykov_3reg_p1,0.1,123.0,11,14,2.8284271247461903,2.0,126.0,3.0,True,6,3,1.2089410496539776,0.23718397013340453,123.0,0.0,0,0.0,False,0.0,123.0
3-regular_n100_g5,3-regular,100,QAOA-NB,32,2,2,100534,False,12,1,wurtz_lykov_3reg_p1,0.1,123.0,11,14,0.0,0.0,126.0,3.0,True,6,3,1.0,0.1524163692384639,123.0,0.0,0,0.0,False,0.0,123.0
3-regular_n100_g5,3-regular,100,QAOA-BF,32,3,3,100535,True,12,1,wurtz_lykov_3reg_p1,0.1,123.0,11,14,4.0,2.0,126.0,3.0,True,6,3,1.3416407864998738,0.2750918230783902,123.0,0.0,0,0.0,False,0.0,123.0
3-regular_n100_g5,3-regular,100,QAOA-NB,32,3,3,100535,False,12,1,wurtz_lykov_3reg_p1,0.1,123.0,11,14,0.0,0.0,126.0,3.0,True,6,3,1.0,0.1524163692384639,123.0,0.0,0,0.0,False,0.0,123.0
3-regular_n100_g5,3-regular,100,QAOA-BF,32,4,4,100536,True,12,1,wurtz_lykov_3reg_p1,0.1,123.0,11,14,4.0,2.0,125.0,2.0,True,6,2,1.3416407864998738,0.3318768538176645,123.0,0.0,0,0.0,False,0.0,123.0
3-regular_n100_g5,3-regular,100,QAOA-NB,32,4,4,100536,False,12,1,wurtz_lykov_3reg_p1,0.1,123.0,11,14,0.0,0.0,125.0,2.0,True,6,2,1.0,0.21422779858540472,123.0,0.0,0,0.0,False,0.0,123.0
3-regular_n100_g5,3-regular,100,QAOA-BF,32,5,5,100537,True,12,1,wurtz_lykov_3reg_p1,0.1,123.0,11,14,4.0,2.0,124.0,1.0,True,6,2,1.3416407864998738,0.32637083363467184,123.0,0.0,0,0.0,False,0.0,123.0
3-regular_n100_g5,3-regular,100,QAOA-NB,32,5,5,100537,False,12,1,wurtz_lykov_3reg_p1,0.1,123.0,11,14,0.0,0.0,124.0,1.0,True,6,2,1.0,0.21876830154727997,123.0,0.0,0,0.0,False,0.0,123.0
3-regular_n100_g5,3-regular,100,QAOA-BF,32,6,6,100538,True,12,1,wurtz_lykov_3reg_p1,0.1,123.0,12,12,2.8284271247461903,2.0,126.0,3.0,True,6,0,1.1952286093343936,0.2603742612419552,124.0,1.0,1,0.03125,True,1.0,124.0
3-regular_n100_g5,3-regular,100,QAOA-NB,32,6,6,100538,False,12,1,wurtz_lykov_3reg_p1,0.1,123.0,12,12,0.0,0.0,126.0,3.0,True,6,0,1.0,0.2034841565194911,124.0,1.0,1,0.03125,True,1.0,124.0
3-regular_n100_g5,3-regular,100,QAOA-BF,32,7,7,100539,True,12,1,wurtz_lykov_3reg_p1,0.1,123.0,11,14,4.47213595499958,2.0,126.0,3.0,True,6,3,1.3919410907075054,0.24272352141071712,123.0,0.0,0,0.0,False,0.0,123.0
3-regular_n100_g5,3-regular,100,QAOA-NB,32,7,7,100539,False,12,1,wurtz_lykov_3reg_p1,0.1,123.0,11,14,0.0,0.0,126.0,3.0,True,6,3,1.0,0.10823810098934242,123.0,0.0,0,0.0,False,0.0,123.0
3-regular_n100_g5,3-regular,100,QAOA-BF,128,0,0,100628,True,12,1,wurtz_lykov_3reg_p1,0.1,123.0,11,14,4.47213595499958,2.0,125.0,2.0,True,6,2,1.3919410907075054,0.2935364589289471,124.0,1.0,5,0.0390625,True,1.0,124.0
3-regular_n100_g5,3-regular,100,QAOA-NB,128,0,0,100628,False,12,1,wurtz_lykov_3reg_p1,0.1,123.0,11,14,0.0,0.0,125.0,2.0,True,6,2,1.0,0.15241636923846386,124.0,1.0,1,0.0078125,True,1.0,124.0
3-regular_n100_g5,3-regular,100,QAOA-BF,128,1,1,100629,True,12,1,wurtz_lykov_3reg_p1,0.1,123.0,11,14,3.4641016151377544,2.0,125.0,2.0,True,6,0,1.2817398889233114,0.24941896914860867,124.0,1.0,2,0.015625,True,1.0,124.0
3-regular_n100_g5,3-regular,100,QAOA-NB,128,1,1,100629,False,12,1,wurtz_lykov_3reg_p1,0.1,123.0,11,14,0.0,0.0,125.0,2.0,True,6,0,1.0,0.1524163692384639,123.0,0.0,0,0.0,False,0.0,123.0
3-regular_n100_g5,3-regular,100,QAOA-BF,128,2,2,100630,True,12,1,wurtz_lykov_3reg_p1,0.1,123.0,11,14,2.8284271247461903,2.0,125.0,2.0,True,6,5,1.2089410496539776,0.28457673214459484,123.0,0.0,0,0.0,False,0.0,123.0
3-regular_n100_g5,3-regular,100,QAOA-NB,128,2,2,100630,False,12,1,wurtz_lykov_3reg_p1,0.1,123.0,11,14,0.0,0.0,125.0,2.0,True,6,5,1.0,0.17604402706718536,123.0,0.0,0,0.0,False,0.0,123.0
3-regular_n100_g5,3-regular,100,QAOA-BF,128,3,3,100631,True,12,1,wurtz_lykov_3reg_p1,0.1,123.0,12,12,3.7416573867739413,2.0,126.0,3.0,True,6,3,1.2366938848016846,0.2828462485739895,124.0,1.0,3,0.0234375,True,1.0,124.0
3-regular_n100_g5,3-regular,100,QAOA-NB,128,3,3,100631,False,12,1,wurtz_lykov_3reg_p1,0.1,123.0,12,12,0.0,0.0,126.0,3.0,True,6,3,1.0,0.218906497599428,126.0,3.0,4,0.03125,True,3.0,126.0
3-regular_n100_g5,3-regular,100,QAOA-BF,128,4,4,100632,True,12,1,wurtz_lykov_3reg_p1,0.1,123.0,11,14,4.0,2.0,125.0,2.0,True,6,2,1.3416407864998738,0.2713325187170842,125.0,2.0,1,0.0078125,True,2.0,125.0
3-regular_n100_g5,3-regular,100,QAOA-NB,128,4,4,100632,False,12,1,wurtz_lykov_3reg_p1,0.1,123.0,11,14,0.0,0.0,125.0,2.0,True,6,2,1.0,0.15241636923846377,123.0,0.0,0,0.0,False,0.0,123.0
3-regular_n100_g5,3-regular,100,QAOA-BF,128,5,5,100633,True,12,1,wurtz_lykov_3reg_p1,0.1,123.0,12,12,3.7416573867739413,2.0,126.0,3.0,True,6,5,1.2366938848016846,0.2817664880376912,123.0,0.0,0,0.0,False,0.0,123.0
3-regular_n100_g5,3-regular,100,QAOA-NB,128,5,5,100633,False,12,1,wurtz_lykov_3reg_p1,0.1,123.0,12,12,0.0,0.0,126.0,3.0,True,6,5,1.0,0.1948587229657949,124.0,1.0,1,0.0078125,True,1.0,124.0
3-regular_n100_g5,3-regular,100,QAOA-BF,128,6,6,100634,True,12,1,wurtz_lykov_3reg_p1,0.1,123.0,12,12,3.7416573867739413,2.0,126.0,3.0,True,6,5,1.2366938848016846,0.2868186669379606,124.0,1.0,3,0.0234375,True,1.0,124.0
3-regular_n100_g5,3-regular,100,QAOA-NB,128,6,6,100634,False,12,1,wurtz_lykov_3reg_p1,0.1,123.0,12,12,0.0,0.0,126.0,3.0,True,6,5,1.0,0.1939204715570196,123.0,0.0,0,0.0,False,0.0,123.0
3-regular_n100_g5,3-regular,100,QAOA-BF,128,7,7,100635,True,12,1,wurtz_lykov_3reg_p1,0.1,123.0,11,14,4.898979485566356,2.0,125.0,2.0,True,6,0,1.4348601079588785,0.3238568419663586,124.0,1.0,5,0.0390625,True,1.0,124.0
3-regular_n100_g5,3-regular,100,QAOA-NB,128,7,7,100635,False,12,1,wurtz_lykov_3reg_p1,0.1,123.0,11,14,0.0,0.0,125.0,2.0,True,6,0,1.0,0.15241636923846386,123.0,0.0,0,0.0,False,0.0,123.0
3-regular_n100_g5,3-regular,100,QAOA-BF,512,0,0,101012,True,12,1,wurtz_lykov_3reg_p1,0.1,123.0,12,12,3.1622776601683795,2.0,125.0,2.0,True,6,4,1.1726039399558574,0.30001669042728646,125.0,2.0,9,0.017578125,True,2.0,125.0
3-regular_n100_g5,3-regular,100,QAOA-NB,512,0,0,101012,False,12,1,wurtz_lykov_3reg_p1,0.1,123.0,12,12,0.0,0.0,125.0,2.0,True,6,4,1.0,0.218906497599428,124.0,1.0,4,0.0078125,True,1.0,124.0
3-regular_n100_g5,3-regular,100,QAOA-BF,512,1,1,101013,True,12,1,wurtz_lykov_3reg_p1,0.1,123.0,12,12,2.449489742783178,2.0,124.0,1.0,True,6,0,1.0954451150103321,0.3206269718027865,123.0,0.0,0,0.0,False,0.0,123.0
3-regular_n100_g5,3-regular,100,QAOA-NB,512,1,1,101013,False,12,1,wurtz_lykov_3reg_p1,0.1,123.0,12,12,0.0,0.0,124.0,1.0,True,6,0,1.0,0.26829748241761514,123.0,0.0,0,0.0,False,0.0,123.0
3-regular_n100_g5,3-regular,100,QAOA-BF,512,2,2,101014,True,12,1,wurtz_lykov_3reg_p1,0.1,123.0,11,14,3.4641016151377544,2.0,124.0,1.0,True,6,1,1.2817398889233114,0.300898504522909,123.0,0.0,0,0.0,False,0.0,123.0
3-regular_n100_g5,3-regular,100,QAOA-NB,512,2,2,101014,False,12,1,wurtz_lykov_3reg_p1,0.1,123.0,11,14,0.0,0.0,124.0,1.0,True,6,1,1.0,0.17604402706718547,123.0,0.0,0,0.0,False,0.0,123.0
3-regular_n100_g5,3-regular,100,QAOA-BF,512,3,3,101015,True,12,1,wurtz_lykov_3reg_p1,0.1,123.0,12,12,4.242640687119285,2.0,125.0,2.0,True,6,4,1.2909944487358056,0.2847278940750143,124.0,1.0,5,0.009765625,True,1.0,124.0
3-regular_n100_g5,3-regular,100,QAOA-NB,512,3,3,101015,False,12,1,wurtz_lykov_3reg_p1,0.1,123.0,12,12,0.0,0.0,125.0,2.0,True,6,4,1.0,0.11651222733451483,124.0,1.0,1,0.001953125,True,1.0,124.0
3-regular_n100_g5,3-regular,100,QAOA-BF,512,4,4,101016,True,12,1,wurtz_lykov_3reg_p1,0.1,123.0,11,14,4.0,2.0,125.0,2.0,True,6,3,1.3416407864998738,0.27505812554096903,125.0,2.0,4,0.0078125,True,2.0,125.0
3-regular_n100_g5,3-regular,100,QAOA-NB,512,4,4,101016,False,12,1,wurtz_lykov_3reg_p1,0.1,123.0,11,14,0.0,0.0,125.0,2.0,True,6,3,1.0,0.1524163692384639,125.0,2.0,7,0.013671875,True,2.0,125.0
3-regular_n100_g5,3-regular,100,QAOA-BF,512,5,5,101017,True,12,1,wurtz_lykov_3reg_p1,0.1,123.0,12,12,3.1622776601683795,2.0,126.0,3.0,True,6,1,1.1726039399558574,0.25215288825590715,124.0,1.0,7,0.013671875,True,1.0,124.0
3-regular_n100_g5,3-regular,100,QAOA-NB,512,5,5,101017,False,12,1,wurtz_lykov_3reg_p1,0.1,123.0,12,12,0.0,0.0,126.0,3.0,True,6,1,1.0,0.15381820849492572,125.0,2.0,7,0.013671875,True,2.0,125.0
3-regular_n100_g5,3-regular,100,QAOA-BF,512,6,6,101018,True,12,1,wurtz_lykov_3reg_p1,0.1,123.0,11,14,4.898979485566356,2.0,125.0,2.0,True,6,2,1.4348601079588785,0.26251949866701396,123.0,0.0,0,0.0,False,0.0,123.0
3-regular_n100_g5,3-regular,100,QAOA-NB,512,6,6,101018,False,12,1,wurtz_lykov_3reg_p1,0.1,123.0,11,14,0.0,0.0,125.0,2.0,True,6,2,1.0,0.08537194118154451,123.0,0.0,0,0.0,False,0.0,123.0
3-regular_n100_g5,3-regular,100,QAOA-BF,512,7,7,101019,True,12,1,wurtz_lykov_3reg_p1,0.1,123.0,12,12,1.4142135623730951,1.0,125.0,2.0,True,6,3,1.0,0.3235229085096374,123.0,0.0,0,0.0,False,0.0,123.0
3-regular_n100_g5,3-regular,100,QAOA-NB,512,7,7,101019,False,12,1,wurtz_lykov_3reg_p1,0.1,123.0,12,12,0.0,0.0,125.0,2.0,True,6,3,1.0,0.25340180045958766,123.0,0.0,0,0.0,False,0.0,123.0
3-regular_n100_g5,3-regular,100,QAOA-BF,2048,0,0,102548,True,12,1,wurtz_lykov_3reg_p1,0.1,123.0,11,14,4.0,2.0,126.0,3.0,True,6,1,1.3416407864998738,0.22462972829925512,126.0,3.0,38,0.0185546875,True,3.0,126.0
3-regular_n100_g5,3-regular,100,QAOA-NB,2048,0,0,102548,False,12,1,wurtz_lykov_3reg_p1,0.1,123.0,11,14,0.0,0.0,126.0,3.0,True,6,1,1.0,0.10823810098934239,126.0,3.0,35,0.01708984375,True,3.0,126.0
3-regular_n100_g5,3-regular,100,QAOA-BF,2048,1,1,102549,True,12,1,wurtz_lykov_3reg_p1,0.1,123.0,12,12,3.7416573867739413,2.0,126.0,3.0,True,6,4,1.2366938848016846,0.26515452544335416,125.0,2.0,22,0.0107421875,True,2.0,125.0
3-regular_n100_g5,3-regular,100,QAOA-NB,2048,1,1,102549,False,12,1,wurtz_lykov_3reg_p1,0.1,123.0,12,12,0.0,0.0,126.0,3.0,True,6,4,1.0,0.12257096622112454,124.0,1.0,6,0.0029296875,True,1.0,124.0
3-regular_n100_g5,3-regular,100,QAOA-BF,2048,2,2,102550,True,12,1,wurtz_lykov_3reg_p1,0.1,123.0,11,14,4.0,2.0,125.0,2.0,True,6,1,1.3416407864998738,0.3269482005053502,124.0,1.0,21,0.01025390625,True,1.0,124.0
3-regular_n100_g5,3-regular,100,QAOA-NB,2048,2,2,102550,False,12,1,wurtz_lykov_3reg_p1,0.1,123.0,11,14,0.0,0.0,125.0,2.0,True,6,1,1.0,0.21469703639132903,125.0,2.0,10,0.0048828125,True,2.0,125.0
3-regular_n100_g5,3-regular,100,QAOA-BF,2048,3,3,102551,True,12,1,wurtz_lykov_3reg_p1,0.1,123.0,11,14,4.898979485566356,2.0,126.0,3.0,True,6,0,1.4348601079588785,0.2639583519274304,126.0,3.0,35,0.01708984375,True,3.0,126.0
3-regular_n100_g5,3-regular,100,QAOA-NB,2048,3,3,102551,False,12,1,wurtz_lykov_3reg_p1,0.1,123.0,11,14,0.0,0.0,126.0,3.0,True,6,0,1.0,0.10823810098934235,125.0,2.0,22,0.0107421875,True,2.0,125.0
3-regular_n100_g5,3-regular,100,QAOA-BF,2048,4,4,102552,True,12,1,wurtz_lykov_3reg_p1,0.1,123.0,11,14,4.898979485566356,2.0,125.0,2.0,True,6,5,1.4348601079588785,0.31835990600242886,125.0,2.0,26,0.0126953125,True,2.0,125.0
3-regular_n100_g5,3-regular,100,QAOA-NB,2048,4,4,102552,False,12,1,wurtz_lykov_3reg_p1,0.1,123.0,11,14,0.0,0.0,125.0,2.0,True,6,5,1.0,0.19289914765349223,125.0,2.0,28,0.013671875,True,2.0,125.0
3-regular_n100_g5,3-regular,100,QAOA-BF,2048,5,5,102553,True,12,1,wurtz_lykov_3reg_p1,0.1,123.0,12,12,4.47213595499958,2.0,125.0,2.0,True,6,1,1.3719886811400708,0.27085696648326857,125.0,2.0,43,0.02099609375,True,2.0,125.0
3-regular_n100_g5,3-regular,100,QAOA-NB,2048,5,5,102553,False,12,1,wurtz_lykov_3reg_p1,0.1,123.0,12,12,0.0,0.0,125.0,2.0,True,6,1,1.0,0.1445171802928505,124.0,1.0,14,0.0068359375,True,1.0,124.0
3-regular_n100_g5,3-regular,100,QAOA-BF,2048,6,6,102554,True,12,1,wurtz_lykov_3reg_p1,0.1,123.0,11,14,3.4641016151377544,2.0,124.0,1.0,True,6,0,1.2817398889233114,0.3692039411329484,124.0,1.0,20,0.009765625,True,1.0,124.0
3-regular_n100_g5,3-regular,100,QAOA-NB,2048,6,6,102554,False,12,1,wurtz_lykov_3reg_p1,0.1,123.0,11,14,0.0,0.0,124.0,1.0,True,6,0,1.0,0.3145145951776186,124.0,1.0,17,0.00830078125,True,1.0,124.0
3-regular_n100_g5,3-regular,100,QAOA-BF,2048,7,7,102555,True,12,1,wurtz_lykov_3reg_p1,0.1,123.0,11,14,3.4641016151377544,2.0,125.0,2.0,True,6,0,1.2817398889233114,0.24986095058762878,124.0,1.0,14,0.0068359375,True,1.0,124.0
3-regular_n100_g5,3-regular,100,QAOA-NB,2048,7,7,102555,False,12,1,wurtz_lykov_3reg_p1,0.1,123.0,11,14,0.0,0.0,125.0,2.0,True,6,0,1.0,0.15241636923846383,124.0,1.0,5,0.00244140625,True,1.0,124.0
3-regular_n100_g6,3-regular,100,LS-only,,,,,,,,,,131.0,,,,,,,,,,,,,,,,,,131.0
3-regular_n100_g6,3-regular,100,QAOA-BF,32,0,0,100632,True,12,1,wurtz_lykov_3reg_p1,0.1,131.0,12,12,4.69041575982343,2.0,132.0,1.0,True,6,2,1.3377121081198773,0.4163959015490813,132.0,1.0,1,0.03125,True,1.0,132.0
3-regular_n100_g6,3-regular,100,QAOA-NB,32,0,0,100632,False,12,1,wurtz_lykov_3reg_p1,0.1,131.0,12,12,0.0,0.0,132.0,1.0,True,6,2,1.0,0.2688851527517922,132.0,1.0,1,0.03125,True,1.0,132.0
3-regular_n100_g6,3-regular,100,QAOA-BF,32,1,1,100633,True,12,1,wurtz_lykov_3reg_p1,0.1,131.0,12,12,4.898979485566356,2.0,132.0,1.0,True,6,5,1.4142135623730951,0.361901009071949,131.0,0.0,0,0.0,False,0.0,131.0
3-regular_n100_g6,3-regular,100,QAOA-NB,32,1,1,100633,False,12,1,wurtz_lykov_3reg_p1,0.1,131.0,12,12,0.0,0.0,132.0,1.0,True,6,5,1.0,0.20337364292098242,131.0,0.0,0,0.0,False,0.0,131.0
3-regular_n100_g6,3-regular,100,QAOA-BF,32,2,2,100634,True,12,1,wurtz_lykov_3reg_p1,0.1,131.0,12,12,4.47213595499958,2.0,132.0,1.0,True,6,2,1.3719886811400708,0.333925917670622,131.0,0.0,0,0.0,False,0.0,131.0
3-regular_n100_g6,3-regular,100,QAOA-NB,32,2,2,100634,False,12,1,wurtz_lykov_3reg_p1,0.1,131.0,12,12,0.0,0.0,132.0,1.0,True,6,2,1.0,0.16039984434446466,131.0,0.0,0,0.0,False,0.0,131.0
3-regular_n100_g6,3-regular,100,QAOA-BF,32,3,3,100635,True,12,1,wurtz_lykov_3reg_p1,0.1,131.0,11,14,4.47213595499958,2.0,133.0,2.0,True,6,1,1.3919410907075054,0.28949822832033356,131.0,0.0,0,0.0,False,0.0,131.0
3-regular_n100_g6,3-regular,100,QAOA-NB,32,3,3,100635,False,12,1,wurtz_lykov_3reg_p1,0.1,131.0,11,14,0.0,0.0,133.0,2.0,True,6,1,1.0,0.15241636923846383,131.0,0.0,0,0.0,False,0.0,131.0
3-regular_n100_g6,3-regular,100,QAOA-BF,32,4,4,100636,True,12,1,wurtz_lykov_3reg_p1,0.1,131.0,12,12,4.47213595499958,2.0,132.0,1.0,True,6,2,1.3719886811400708,0.327247023376787,131.0,0.0,0,0.0,False,0.0,131.0
3-regular_n100_g6,3-regular,100,QAOA-NB,32,4,4,100636,False,12,1,wurtz_lykov_3reg_p1,0.1,131.0,12,12,0.0,0.0,132.0,1.0,True,6,2,1.0,0.20340504059379252,131.0,0.0,0,0.0,False,0.0,131.0
3-regular_n100_g6,3-regular,100,QAOA-BF,32,5,5,100637,True,12,1,wurtz_lykov_3reg_p1,0.1,131.0,12,12,4.69041575982343,2.0,132.0,1.0,True,6,2,1.3377121081198773,0.3390792096043205,131.0,0.0,0,0.0,False,0.0,131.0
3-regular_n100_g6,3-regular,100,QAOA-NB,32,5,5,100637,False,12,1,wurtz_lykov_3reg_p1,0.1,131.0,12,12,0.0,0.0,132.0,1.0,True,6,2,1.0,0.17509781321018578,131.0,0.0,0,0.0,False,0.0,131.0
3-regular_n100_g6,3-regular,100,QAOA-BF,32,6,6,100638,True,12,1,wurtz_lykov_3reg_p1,0.1,131.0,11,14,4.47213595499958,2.0,133.0,2.0,True,6,0,1.3919410907075054,0.28949822832033356,131.0,0.0,0,0.0,False,0.0,131.0
3-regular_n100_g6,3-regular,100,QAOA-NB,32,6,6,100638,False,12,1,wurtz_lykov_3reg_p1,0.1,131.0,11,14,0.0,0.0,133.0,2.0,True,6,0,1.0,0.15241636923846383,131.0,0.0,0,0.0,False,0.0,131.0
3-regular_n100_g6,3-regular,100,QAOA-BF,32,7,7,100639,True,12,1,wurtz_lykov_3reg_p1,0.1,131.0,12,12,4.47213595499958,2.0,132.0,1.0,True,6,0,1.3719886811400708,0.327247023376787,131.0,0.0,0,0.0,False,0.0,131.0
3-regular_n100_g6,3-regular,100,QAOA-NB,32,7,7,100639,False,12,1,wurtz_lykov_3reg_p1,0.1,131.0,12,12,0.0,0.0,132.0,1.0,True,6,0,1.0,0.20340504059379252,131.0,0.0,0,0.0,False,0.0,131.0
3-regular_n100_g6,3-regular,100,QAOA-BF,128,0,0,100728,True,12,1,wurtz_lykov_3reg_p1,0.1,131.0,11,14,4.47213595499958,2.0,131.0,0.0,False,6,0,1.3919410907075054,0.5453490887334422,131.0,0.0,0,0.0,False,0.0,131.0
3-regular_n100_g6,3-regular,100,QAOA-NB,128,0,0,100728,False,12,1,wurtz_lykov_3reg_p1,0.1,131.0,11,14,0.0,0.0,131.0,0.0,False,6,0,1.0,0.36386562008926066,131.0,0.0,0,0.0,False,0.0,131.0
3-regular_n100_g6,3-regular,100,QAOA-BF,128,1,1,100729,True,12,1,wurtz_lykov_3reg_p1,0.1,131.0,12,12,4.242640687119285,2.0,132.0,1.0,True,6,1,1.2909944487358056,0.3442522381742801,132.0,1.0,1,0.0078125,True,1.0,132.0
3-regular_n100_g6,3-regular,100,QAOA-NB,128,1,1,100729,False,12,1,wurtz_lykov_3reg_p1,0.1,131.0,12,12,0.0,0.0,132.0,1.0,True,6,1,1.0,0.21851441061439278,131.0,0.0,0,0.0,False,0.0,131.0
3-regular_n100_g6,3-regular,100,QAOA-BF,128,2,2,100730,True,12,1,wurtz_lykov_3reg_p1,0.1,131.0,12,12,4.69041575982343,2.0,132.0,1.0,True,6,1,1.3377121081198773,0.3390792096043205,132.0,1.0,1,0.0078125,True,1.0,132.0
3-regular_n100_g6,3-regular,100,QAOA-NB,128,2,2,100730,False,12,1,wurtz_lykov_3reg_p1,0.1,131.0,12,12,0.0,0.0,132.0,1.0,True,6,1,1.0,0.17509781321018575,131.0,0.0,0,0.0,False,0.0,131.0
3-regular_n100_g6,3-regular,100,QAOA-BF,128,3,3,100731,True,12,1,wurtz_lykov_3reg_p1,0.1,131.0,12,12,4.47213595499958,2.0,132.0,1.0,True,6,5,1.3719886811400708,0.327247023376787,132.0,1.0,1,0.0078125,True,1.0,132.0
3-regular_n100_g6,3-regular,100,QAOA-NB,128,3,3,100731,False,12,1,wurtz_lykov_3reg_p1,0.1,131.0,12,12,0.0,0.0,132.0,1.0,True,6,5,1.0,0.2034050405937924,131.0,0.0,0,0.0,False,0.0,131.0
3-regular_n100_g6,3-regular,100,QAOA-BF,128,4,4,100732,True,12,1,wurtz_lykov_3reg_p1,0.1,131.0,11,14,4.47213595499958,2.0,131.0,0.0,False,6,0,1.3919410907075054,0.441849646261738,131.0,0.0,0,0.0,False,0.0,131.0
3-regular_n100_g6,3-regular,100,QAOA-NB,128,4,4,100732,False,12,1,wurtz_lykov_3reg_p1,0.1,131.0,11,14,0.0,0.0,131.0,0.0,False,6,0,1.0,0.24668078473388885,131.0,0.0,0,0.0,False,0.0,131.0
3-regular_n100_g6,3-regular,100,QAOA-BF,128,5,5,100733,True,12,1,wurtz_lykov_3reg_p1,0.1,131.0,11,14,4.47213595499958,2.0,131.0,0.0,False,6,0,1.3919410907075054,0.36537905196073983,131.0,0.0,0,0.0,False,0.0,131.0
3-regular_n100_g6,3-regular,100,QAOA-NB,128,5,5,100733,False,12,1,wurtz_lykov_3reg_p1,0.1,131.0,11,14,0.0,0.0,131.0,0.0,False,6,0,1.0,0.17604402706718542,131.0,0.0,0,0.0,False,0.0,131.0
3-regular_n100_g6,3-regular,100,QAOA-BF,128,6,6,100734,True,12,1,wurtz_lykov_3reg_p1,0.1,131.0,11,14,4.898979485566356,2.0,131.0,0.0,False,6,0,1.4348601079588785,0.39770040822278585,131.0,0.0,0,0.0,False,0.0,131.0
3-regular_n100_g6,3-regular,100,QAOA-NB,128,6,6,100734,False,12,1,wurtz_lykov_3reg_p1,0.1,131.0,11,14,0.0,0.0,131.0,0.0,False,6,0,1.0,0.17604402706718542,131.0,0.0,0,0.0,False,0.0,131.0
3-regular_n100_g6,3-regular,100,QAOA-BF,128,7,7,100735,True,12,1,wurtz_lykov_3reg_p1,0.1,131.0,11,14,4.47213595499958,2.0,131.0,0.0,False,6,0,1.3919410907075054,0.44029200207939867,131.0,0.0,0,0.0,False,0.0,131.0
3-regular_n100_g6,3-regular,100,QAOA-NB,128,7,7,100735,False,12,1,wurtz_lykov_3reg_p1,0.1,131.0,11,14,0.0,0.0,131.0,0.0,False,6,0,1.0,0.2533909144287275,131.0,0.0,0,0.0,False,0.0,131.0
3-regular_n100_g6,3-regular,100,QAOA-BF,512,0,0,101112,True,12,1,wurtz_lykov_3reg_p1,0.1,131.0,11,14,4.0,2.0,131.0,0.0,False,6,0,1.3416407864998738,0.4952620289919613,131.0,0.0,0,0.0,False,0.0,131.0
3-regular_n100_g6,3-regular,100,QAOA-NB,512,0,0,101112,False,12,1,wurtz_lykov_3reg_p1,0.1,131.0,11,14,0.0,0.0,131.0,0.0,False,6,0,1.0,0.36386562008926066,131.0,0.0,0,0.0,False,0.0,131.0
3-regular_n100_g6,3-regular,100,QAOA-BF,512,1,1,101113,True,12,1,wurtz_lykov_3reg_p1,0.1,131.0,12,12,4.47213595499958,2.0,132.0,1.0,True,6,4,1.3719886811400708,0.3328606249304482,132.0,1.0,4,0.0078125,True,1.0,132.0
3-regular_n100_g6,3-regular,100,QAOA-NB,512,1,1,101113,False,12,1,wurtz_lykov_3reg_p1,0.1,131.0,12,12,0.0,0.0,132.0,1.0,True,6,4,1.0,0.1638451877649099,132.0,1.0,1,0.001953125,True,1.0,132.0
3-regular_n100_g6,3-regular,100,QAOA-BF,512,2,2,101114,True,12,1,wurtz_lykov_3reg_p1,0.1,131.0,11,14,4.0,2.0,131.0,0.0,False,6,0,1.3416407864998738,0.4002940071981133,131.0,0.0,0,0.0,False,0.0,131.0
3-regular_n100_g6,3-regular,100,QAOA-NB,512,2,2,101114,False,12,1,wurtz_lykov_3reg_p1,0.1,131.0,11,14,0.0,0.0,131.0,0.0,False,6,0,1.0,0.2533909144287275,131.0,0.0,0,0.0,False,0.0,131.0
3-regular_n100_g6,3-regular,100,QAOA-BF,512,3,3,101115,True,12,1,wurtz_lykov_3reg_p1,0.1,131.0,12,12,4.69041575982343,2.0,131.0,0.0,False,6,0,1.3377121081198773,0.4672568095893888,131.0,0.0,0,0.0,False,0.0,131.0
3-regular_n100_g6,3-regular,100,QAOA-NB,512,3,3,101115,False,12,1,wurtz_lykov_3reg_p1,0.1,131.0,12,12,0.0,0.0,131.0,0.0,False,6,0,1.0,0.23876457512755309,131.0,0.0,0,0.0,False,0.0,131.0
3-regular_n100_g6,3-regular,100,QAOA-BF,512,4,4,101116,True,12,1,wurtz_lykov_3reg_p1,0.1,131.0,11,14,4.47213595499958,2.0,131.0,0.0,False,6,0,1.3919410907075054,0.3596387958192283,131.0,0.0,0,0.0,False,0.0,131.0
3-regular_n100_g6,3-regular,100,QAOA-NB,512,4,4,101116,False,12,1,wurtz_lykov_3reg_p1,0.1,131.0,11,14,0.0,0.0,131.0,0.0,False,6,0,1.0,0.21876830154728008,131.0,0.0,0,0.0,False,0.0,131.0
3-regular_n100_g6,3-regular,100,QAOA-BF,512,5,5,101117,True,12,1,wurtz_lykov_3reg_p1,0.1,131.0,12,12,4.69041575982343,2.0,131.0,0.0,False,6,0,1.3377121081198773,0.5719487015420109,131.0,0.0,0,0.0,False,0.0,131.0
3-regular_n100_g6,3-regular,100,QAOA-NB,512,5,5,101117,False,12,1,wurtz_lykov_3reg_p1,0.1,131.0,12,12,0.0,0.0,131.0,0.0,False,6,0,1.0,0.34627301736996363,131.0,0.0,0,0.0,False,0.0,131.0
3-regular_n100_g6,3-regular,100,QAOA-BF,512,6,6,101118,True,12,1,wurtz_lykov_3reg_p1,0.1,131.0,11,14,4.47213595499958,2.0,131.0,0.0,False,6,0,1.3919410907075054,0.360345330783265,131.0,0.0,0,0.0,False,0.0,131.0
3-regular_n100_g6,3-regular,100,QAOA-NB,512,6,6,101118,False,12,1,wurtz_lykov_3reg_p1,0.1,131.0,11,14,0.0,0.0,131.0,0.0,False,6,0,1.0,0.17604402706718542,131.0,0.0,0,0.0,False,0.0,131.0
3-regular_n100_g6,3-regular,100,QAOA-BF,512,7,7,101119,True,12,1,wurtz_lykov_3reg_p1,0.1,131.0,12,12,3.4641016151377544,2.0,131.0,0.0,False,6,0,1.2649110640673518,0.4035579102237083,131.0,0.0,0,0.0,False,0.0,131.0
3-regular_n100_g6,3-regular,100,QAOA-NB,512,7,7,101119,False,12,1,wurtz_lykov_3reg_p1,0.1,131.0,12,12,0.0,0.0,131.0,0.0,False,6,0,1.0,0.33828575109782566,131.0,0.0,0,0.0,False,0.0,131.0
3-regular_n100_g6,3-regular,100,QAOA-BF,2048,0,0,102648,True,12,1,wurtz_lykov_3reg_p1,0.1,131.0,12,12,3.1622776601683795,2.0,131.0,0.0,False,6,0,1.1726039399558574,0.3884876892578669,131.0,0.0,0,0.0,False,0.0,131.0
3-regular_n100_g6,3-regular,100,QAOA-NB,2048,0,0,102648,False,12,1,wurtz_lykov_3reg_p1,0.1,131.0,12,12,0.0,0.0,131.0,0.0,False,6,0,1.0,0.2900592110937594,131.0,0.0,0,0.0,False,0.0,131.0
3-regular_n100_g6,3-regular,100,QAOA-BF,2048,1,1,102649,True,12,1,wurtz_lykov_3reg_p1,0.1,131.0,12,12,4.242640687119285,2.0,131.0,0.0,False,6,0,1.2909944487358056,0.41068104331241373,131.0,0.0,0,0.0,False,0.0,131.0
3-regular_n100_g6,3-regular,100,QAOA-NB,2048,1,1,102649,False,12,1,wurtz_lykov_3reg_p1,0.1,131.0,12,12,0.0,0.0,131.0,0.0,False,6,0,1.0,0.274835356832327,131.0,0.0,0,0.0,False,0.0,131.0
3-regular_n100_g6,3-regular,100,QAOA-BF,2048,2,2,102650,True,12,1,wurtz_lykov_3reg_p1,0.1,131.0,11,14,4.898979485566356,2.0,131.0,0.0,False,6,0,1.4348601079588785,0.39312271506758106,131.0,0.0,0,0.0,False,0.0,131.0
3-regular_n100_g6,3-regular,100,QAOA-NB,2048,2,2,102650,False,12,1,wurtz_lykov_3reg_p1,0.1,131.0,11,14,0.0,0.0,131.0,0.0,False,6,0,1.0,0.17604402706718542,131.0,0.0,0,0.0,False,0.0,131.0
3-regular_n100_g6,3-regular,100,QAOA-BF,2048,3,3,102651,True,12,1,wurtz_lykov_3reg_p1,0.1,131.0,11,14,4.898979485566356,2.0,131.0,0.0,False,6,0,1.4348601079588785,0.48671398743744787,131.0,0.0,0,0.0,False,0.0,131.0
3-regular_n100_g6,3-regular,100,QAOA-NB,2048,3,3,102651,False,12,1,wurtz_lykov_3reg_p1,0.1,131.0,11,14,0.0,0.0,131.0,0.0,False,6,0,1.0,0.25339091442872763,131.0,0.0,0,0.0,False,0.0,131.0
3-regular_n100_g6,3-regular,100,QAOA-BF,2048,4,4,102652,True,12,1,wurtz_lykov_3reg_p1,0.1,131.0,12,12,4.242640687119285,2.0,131.0,0.0,False,6,0,1.2909944487358056,0.41068104331241373,131.0,0.0,0,0.0,False,0.0,131.0
3-regular_n100_g6,3-regular,100,QAOA-NB,2048,4,4,102652,False,12,1,wurtz_lykov_3reg_p1,0.1,131.0,12,12,0.0,0.0,131.0,0.0,False,6,0,1.0,0.274835356832327,131.0,0.0,0,0.0,False,0.0,131.0
3-regular_n100_g6,3-regular,100,QAOA-BF,2048,5,5,102653,True,12,1,wurtz_lykov_3reg_p1,0.1,131.0,12,12,4.242640687119285,2.0,132.0,1.0,True,6,3,1.2909944487358056,0.37199056401333136,132.0,1.0,20,0.009765625,True,1.0,132.0
3-regular_n100_g6,3-regular,100,QAOA-NB,2048,5,5,102653,False,12,1,wurtz_lykov_3reg_p1,0.1,131.0,12,12,0.0,0.0,132.0,1.0,True,6,3,1.0,0.3120253958677629,132.0,1.0,5,0.00244140625,True,1.0,132.0
3-regular_n100_g6,3-regular,100,QAOA-BF,2048,6,6,102654,True,12,1,wurtz_lykov_3reg_p1,0.1,131.0,11,14,4.47213595499958,2.0,131.0,0.0,False,6,0,1.3919410907075054,0.44148478656444756,131.0,0.0,0,0.0,False,0.0,131.0
3-regular_n100_g6,3-regular,100,QAOA-NB,2048,6,6,102654,False,12,1,wurtz_lykov_3reg_p1,0.1,131.0,11,14,0.0,0.0,131.0,0.0,False,6,0,1.0,0.3018724157119837,131.0,0.0,0,0.0,False,0.0,131.0
3-regular_n100_g6,3-regular,100,QAOA-BF,2048,7,7,102655,True,12,1,wurtz_lykov_3reg_p1,0.1,131.0,13,10,4.0,2.0,131.0,0.0,False,6,0,1.2041594578792296,0.6137572464192115,131.0,0.0,0,0.0,False,0.0,131.0
3-regular_n100_g6,3-regular,100,QAOA-NB,2048,7,7,102655,False,12,1,wurtz_lykov_3reg_p1,0.1,131.0,13,10,0.0,0.0,131.0,0.0,False,6,0,1.0,0.3237333682799007,131.0,0.0,0,0.0,False,0.0,131.0
3-regular_n100_g7,3-regular,100,LS-only,,,,,,,,,,127.0,,,,,,,,,,,,,,,,,,127.0
3-regular_n100_g7,3-regular,100,QAOA-BF,32,0,0,100732,True,12,1,wurtz_lykov_3reg_p1,0.1,127.0,12,12,4.242640687119285,2.0,128.0,1.0,True,6,0,1.2909944487358056,0.34775314472676155,128.0,1.0,1,0.03125,True,1.0,128.0
3-regular_n100_g7,3-regular,100,QAOA-NB,32,0,0,100732,False,12,1,wurtz_lykov_3reg_p1,0.1,127.0,12,12,0.0,0.0,128.0,1.0,True,6,0,1.0,0.17269816440966695,127.0,0.0,0,0.0,False,0.0,127.0
3-regular_n100_g7,3-regular,100,QAOA-BF,32,1,1,100733,True,12,1,wurtz_lykov_3reg_p1,0.1,127.0,14,8,2.449489742783178,2.0,128.0,1.0,True,6,1,1.0846522890932808,0.5011101314205435,128.0,1.0,1,0.03125,True,1.0,128.0
3-regular_n100_g7,3-regular,100,QAOA-NB,32,1,1,100733,False,12,1,wurtz_lykov_3reg_p1,0.1,127.0,14,8,0.0,0.0,128.0,1.0,True,6,1,1.0,0.4334699849009002,128.0,1.0,1,0.03125,True,1.0,128.0
3-regular_n100_g7,3-regular,100,QAOA-BF,32,2,2,100734,True,12,1,wurtz_lykov_3reg_p1,0.1,127.0,14,8,2.8284271247461903,2.0,127.0,0.0,False,6,0,1.0760551736979407,0.37226542049026773,127.0,0.0,0,0.0,False,0.0,127.0
3-regular_n100_g7,3-regular,100,QAOA-NB,32,2,2,100734,False,12,1,wurtz_lykov_3reg_p1,0.1,127.0,14,8,0.0,0.0,127.0,0.0,False,6,0,1.0,0.22406426452778888,127.0,0.0,0,0.0,False,0.0,127.0
3-regular_n100_g7,3-regular,100,QAOA-BF,32,3,3,100735,True,12,1,wurtz_lykov_3reg_p1,0.1,127.0,12,12,4.0,2.0,129.0,2.0,True,6,5,1.3228756555322954,0.3012804253760763,128.0,1.0,1,0.03125,True,1.0,128.0
3-regular_n100_g7,3-regular,100,QAOA-NB,32,3,3,100735,False,12,1,wurtz_lykov_3reg_p1,0.1,127.0,12,12,0.0,0.0,129.0,2.0,True,6,5,1.0,0.20340504059379266,127.0,0.0,0,0.0,False,0.0,127.0
3-regular_n100_g7,3-regular,100,QAOA-BF,32,4,4,100736,True,12,1,wurtz_lykov_3reg_p1,0.1,127.0,14,8,3.1622776601683795,2.0,129.0,2.0,True,6,0,1.1547005383792515,0.4018331053291792,127.0,0.0,0,0.0,False,0.0,127.0
3-regular_n100_g7,3-regular,100,QAOA-NB,32,4,4,100736,False,12,1,wurtz_lykov_3reg_p1,0.1,127.0,14,8,0.0,0.0,129.0,2.0,True,6,0,1.0,0.3247137121949292,127.0,0.0,0,0.0,False,0.0,127.0
3-regular_n100_g7,3-regular,100,QAOA-BF,32,5,5,100737,True,12,1,wurtz_lykov_3reg_p1,0.1,127.0,11,14,4.0,2.0,128.0,1.0,True,6,3,1.3416407864998738,0.32246185749433914,127.0,0.0,0,0.0,False,0.0,127.0
3-regular_n100_g7,3-regular,100,QAOA-NB,32,5,5,100737,False,12,1,wurtz_lykov_3reg_p1,0.1,127.0,11,14,0.0,0.0,128.0,1.0,True,6,3,1.0,0.21422779858540467,127.0,0.0,0,0.0,False,0.0,127.0
3-regular_n100_g7,3-regular,100,QAOA-BF,32,6,6,100738,True,12,1,wurtz_lykov_3reg_p1,0.1,127.0,13,10,3.4641016151377544,2.0,128.0,1.0,True,6,2,1.25,0.3026123954299361,127.0,0.0,0,0.0,False,0.0,127.0
3-regular_n100_g7,3-regular,100,QAOA-NB,32,6,6,100738,False,12,1,wurtz_lykov_3reg_p1,0.1,127.0,13,10,0.0,0.0,128.0,1.0,True,6,2,1.0,0.21511249460093607,127.0,0.0,0,0.0,False,0.0,127.0
3-regular_n100_g7,3-regular,100,QAOA-BF,32,7,7,100739,True,12,1,wurtz_lykov_3reg_p1,0.1,127.0,12,12,4.898979485566356,2.0,129.0,2.0,True,6,3,1.4142135623730951,0.29507096525188353,128.0,1.0,2,0.0625,True,1.0,128.0
3-regular_n100_g7,3-regular,100,QAOA-NB,32,7,7,100739,False,12,1,wurtz_lykov_3reg_p1,0.1,127.0,12,12,0.0,0.0,129.0,2.0,True,6,3,1.0,0.14443802243376735,128.0,1.0,1,0.03125,True,1.0,128.0
3-regular_n100_g7,3-regular,100,QAOA-BF,128,0,0,100828,True,12,1,wurtz_lykov_3reg_p1,0.1,127.0,14,8,3.1622776601683795,2.0,129.0,2.0,True,6,0,1.1547005383792515,0.4018331053291792,128.0,1.0,5,0.0390625,True,1.0,128.0
3-regular_n100_g7,3-regular,100,QAOA-NB,128,0,0,100828,False,12,1,wurtz_lykov_3reg_p1,0.1,127.0,14,8,0.0,0.0,129.0,2.0,True,6,0,1.0,0.3247137121949292,128.0,1.0,5,0.0390625,True,1.0,128.0
3-regular_n100_g7,3-regular,100,QAOA-BF,128,1,1,100829,True,12,1,wurtz_lykov_3reg_p1,0.1,127.0,13,10,3.4641016151377544,2.0,128.0,1.0,True,6,1,1.25,0.3026123954299361,127.0,0.0,0,0.0,False,0.0,127.0
3-regular_n100_g7,3-regular,100,QAOA-NB,128,1,1,100829,False,12,1,wurtz_lykov_3reg_p1,0.1,127.0,13,10,0.0,0.0,128.0,1.0,True,6,1,1.0,0.21511249460093612,127.0,0.0,0,0.0,False,0.0,127.0
3-regular_n100_g7,3-regular,100,QAOA-BF,128,2,2,100830,True,12,1,wurtz_lykov_3reg_p1,0.1,127.0,12,12,2.8284271247461903,2.0,127.0,0.0,False,6,0,1.1952286093343936,0.36998407950997997,127.0,0.0,0,0.0,False,0.0,127.0
3-regular_n100_g7,3-regular,100,QAOA-NB,128,2,2,100830,False,12,1,wurtz_lykov_3reg_p1,0.1,127.0,12,12,0.0,0.0,127.0,0.0,False,6,0,1.0,0.33082844344637397,127.0,0.0,0,0.0,False,0.0,127.0
3-regular_n100_g7,3-regular,100,QAOA-BF,128,3,3,100831,True,12,1,wurtz_lykov_3reg_p1,0.1,127.0,12,12,2.8284271247461903,2.0,129.0,2.0,True,6,4,1.1952286093343936,0.26268050891934325,128.0,1.0,1,0.0078125,True,1.0,128.0
3-regular_n100_g7,3-regular,100,QAOA-NB,128,3,3,100831,False,12,1,wurtz_lykov_3reg_p1,0.1,127.0,12,12,0.0,0.0,129.0,2.0,True,6,4,1.0,0.16384518776490992,128.0,1.0,2,0.015625,True,1.0,128.0
3-regular_n100_g7,3-regular,100,QAOA-BF,128,4,4,100832,True,12,1,wurtz_lykov_3reg_p1,0.1,127.0,11,14,4.47213595499958,2.0,128.0,1.0,True,6,0,1.3919410907075054,0.29508500098484597,127.0,0.0,0,0.0,False,0.0,127.0
3-regular_n100_g7,3-regular,100,QAOA-NB,128,4,4,100832,False,12,1,wurtz_lykov_3reg_p1,0.1,127.0,11,14,0.0,0.0,128.0,1.0,True,6,0,1.0,0.12249482871625036,127.0,0.0,0,0.0,False,0.0,127.0
3-regular_n100_g7,3-regular,100,QAOA-BF,128,5,5,100833,True,12,1,wurtz_lykov_3reg_p1,0.1,127.0,14,8,3.1622776601683795,2.0,127.0,0.0,False,6,0,1.1547005383792515,0.5460591387860775,127.0,0.0,0,0.0,False,0.0,127.0
3-regular_n100_g7,3-regular,100,QAOA-NB,128,5,5,100833,False,12,1,wurtz_lykov_3reg_p1,0.1,127.0,14,8,0.0,0.0,127.0,0.0,False,6,0,1.0,0.3496906627132637,127.0,0.0,0,0.0,False,0.0,127.0
3-regular_n100_g7,3-regular,100,QAOA-BF,128,6,6,100834,True,12,1,wurtz_lykov_3reg_p1,0.1,127.0,14,8,3.4641016151377544,2.0,129.0,2.0,True,6,3,1.140175425099138,0.37495798565500393,129.0,2.0,3,0.0234375,True,2.0,129.0
3-regular_n100_g7,3-regular,100,QAOA-NB,128,6,6,100834,False,12,1,wurtz_lykov_3reg_p1,0.1,127.0,14,8,0.0,0.0,129.0,2.0,True,6,3,1.0,0.23814681069170915,128.0,1.0,2,0.015625,True,1.0,128.0
3-regular_n100_g7,3-regular,100,QAOA-BF,128,7,7,100835,True,12,1,wurtz_lykov_3reg_p1,0.1,127.0,11,14,4.47213595499958,2.0,128.0,1.0,True,6,1,1.3919410907075054,0.35994835668660513,128.0,1.0,1,0.0078125,True,1.0,128.0
3-regular_n100_g7,3-regular,100,QAOA-NB,128,7,7,100835,False,12,1,wurtz_lykov_3reg_p1,0.1,127.0,11,14,0.0,0.0,128.0,1.0,True,6,1,1.0,0.21422779858540472,127.0,0.0,0,0.0,False,0.0,127.0
3-regular_n100_g7,3-regular,100,QAOA-BF,512,0,0,101212,True,12,1,wurtz_lykov_3reg_p1,0.1,127.0,12,12,4.242640687119285,2.0,128.0,1.0,True,6,2,1.2909944487358056,0.3029718319162338,127.0,0.0,0,0.0,False,0.0,127.0
3-regular_n100_g7,3-regular,100,QAOA-NB,512,0,0,101212,False,12,1,wurtz_lykov_3reg_p1,0.1,127.0,12,12,0.0,0.0,128.0,1.0,True,6,2,1.0,0.17509781321018575,127.0,0.0,0,0.0,False,0.0,127.0
3-regular_n100_g7,3-regular,100,QAOA-BF,512,1,1,101213,True,12,1,wurtz_lykov_3reg_p1,0.1,127.0,12,12,4.898979485566356,2.0,129.0,2.0,True,6,3,1.4142135623730951,0.29507096525188337,128.0,1.0,4,0.0078125,True,1.0,128.0
3-regular_n100_g7,3-regular,100,QAOA-NB,512,1,1,101213,False,12,1,wurtz_lykov_3reg_p1,0.1,127.0,12,12,0.0,0.0,129.0,2.0,True,6,3,1.0,0.14443802243376735,128.0,1.0,4,0.0078125,True,1.0,128.0
3-regular_n100_g7,3-regular,100,QAOA-BF,512,2,2,101214,True,12,1,wurtz_lykov_3reg_p1,0.1,127.0,12,12,4.898979485566356,2.0,129.0,2.0,True,6,5,1.4142135623730951,0.29507096525188337,129.0,2.0,4,0.0078125,True,2.0,129.0
3-regular_n100_g7,3-regular,100,QAOA-NB,512,2,2,101214,False,12,1,wurtz_lykov_3reg_p1,0.1,127.0,12,12,0.0,0.0,129.0,2.0,True,6,5,1.0,0.14443802243376735,128.0,1.0,3,0.005859375,True,1.0,128.0
3-regular_n100_g7,3-regular,100,QAOA-BF,512,3,3,101215,True,12,1,wurtz_lykov_3reg_p1,0.1,127.0,12,12,4.47213595499958,2.0,129.0,2.0,True,6,0,1.3719886811400708,0.27245107768572924,128.0,1.0,7,0.013671875,True,1.0,128.0
3-regular_n100_g7,3-regular,100,QAOA-NB,512,3,3,101215,False,12,1,wurtz_lykov_3reg_p1,0.1,127.0,12,12,0.0,0.0,129.0,2.0,True,6,0,1.0,0.11414384301909902,129.0,2.0,4,0.0078125,True,2.0,129.0
3-regular_n100_g7,3-regular,100,QAOA-BF,512,4,4,101216,True,12,1,wurtz_lykov_3reg_p1,0.1,127.0,13,10,3.4641016151377544,2.0,128.0,1.0,True,6,4,1.1470786693528088,0.36998781542529746,128.0,1.0,4,0.0078125,True,1.0,128.0
3-regular_n100_g7,3-regular,100,QAOA-NB,512,4,4,101216,False,12,1,wurtz_lykov_3reg_p1,0.1,127.0,13,10,0.0,0.0,128.0,1.0,True,6,4,1.0,0.2086187212239576,128.0,1.0,4,0.0078125,True,1.0,128.0
3-regular_n100_g7,3-regular,100,QAOA-BF,512,5,5,101217,True,12,1,wurtz_lykov_3reg_p1,0.1,127.0,11,14,4.0,2.0,128.0,1.0,True,6,2,1.3416407864998738,0.32246185749433914,127.0,0.0,0,0.0,False,0.0,127.0
3-regular_n100_g7,3-regular,100,QAOA-NB,512,5,5,101217,False,12,1,wurtz_lykov_3reg_p1,0.1,127.0,11,14,0.0,0.0,128.0,1.0,True,6,2,1.0,0.21422779858540467,127.0,0.0,0,0.0,False,0.0,127.0
3-regular_n100_g7,3-regular,100,QAOA-BF,512,6,6,101218,True,12,1,wurtz_lykov_3reg_p1,0.1,127.0,12,12,3.7416573867739413,2.0,127.0,0.0,False,6,0,1.2366938848016846,0.4665972771390453,127.0,0.0,0,0.0,False,0.0,127.0
3-regular_n100_g7,3-regular,100,QAOA-NB,512,6,6,101218,False,12,1,wurtz_lykov_3reg_p1,0.1,127.0,12,12,0.0,0.0,127.0,0.0,False,6,0,1.0,0.35321950762963056,127.0,0.0,0,0.0,False,0.0,127.0
3-regular_n100_g7,3-regular,100,QAOA-BF,512,7,7,101219,True,12,1,wurtz_lykov_3reg_p1,0.1,127.0,11,14,4.898979485566356,2.0,127.0,0.0,False,6,0,1.4348601079588785,0.3930627737484486,127.0,0.0,0,0.0,False,0.0,127.0
3-regular_n100_g7,3-regular,100,QAOA-NB,512,7,7,101219,False,12,1,wurtz_lykov_3reg_p1,0.1,127.0,11,14,0.0,0.0,127.0,0.0,False,6,0,1.0,0.21469703639132903,127.0,0.0,0,0.0,False,0.0,127.0
3-regular_n100_g7,3-regular,100,QAOA-BF,2048,0,0,102748,True,12,1,wurtz_lykov_3reg_p1,0.1,127.0,14,8,2.449489742783178,2.0,128.0,1.0,True,6,5,1.0846522890932808,0.5011101314205435,128.0,1.0,25,0.01220703125,True,1.0,128.0
3-regular_n100_g7,3-regular,100,QAOA-NB,2048,0,0,102748,False,12,1,wurtz_lykov_3reg_p1,0.1,127.0,14,8,0.0,0.0,128.0,1.0,True,6,5,1.0,0.4334699849009002,128.0,1.0,22,0.0107421875,True,1.0,128.0
3-regular_n100_g7,3-regular,100,QAOA-BF,2048,1,1,102749,True,12,1,wurtz_lykov_3reg_p1,0.1,127.0,11,14,4.47213595499958,2.0,128.0,1.0,True,6,3,1.3919410907075054,0.2946842718189482,128.0,1.0,8,0.00390625,True,1.0,128.0
3-regular_n100_g7,3-regular,100,QAOA-NB,2048,1,1,102749,False,12,1,wurtz_lykov_3reg_p1,0.1,127.0,11,14,0.0,0.0,128.0,1.0,True,6,3,1.0,0.12249482871625036,128.0,1.0,8,0.00390625,True,1.0,128.0
3-regular_n100_g7,3-regular,100,QAOA-BF,2048,2,2,102750,True,12,1,wurtz_lykov_3reg_p1,0.1,127.0,14,8,3.4641016151377544,2.0,129.0,2.0,True,6,2,1.140175425099138,0.37495798565500393,129.0,2.0,25,0.01220703125,True,2.0,129.0
3-regular_n100_g7,3-regular,100,QAOA-NB,2048,2,2,102750,False,12,1,wurtz_lykov_3reg_p1,0.1,127.0,14,8,0.0,0.0,129.0,2.0,True,6,2,1.0,0.23814681069170915,129.0,2.0,13,0.00634765625,True,2.0,129.0
3-regular_n100_g7,3-regular,100,QAOA-BF,2048,3,3,102751,True,12,1,wurtz_lykov_3reg_p1,0.1,127.0,11,14,4.47213595499958,2.0,128.0,1.0,True,6,1,1.3919410907075054,0.2950850009848461,127.0,0.0,0,0.0,False,0.0,127.0
3-regular_n100_g7,3-regular,100,QAOA-NB,2048,3,3,102751,False,12,1,wurtz_lykov_3reg_p1,0.1,127.0,11,14,0.0,0.0,128.0,1.0,True,6,1,1.0,0.12249482871625032,127.0,0.0,0,0.0,False,0.0,127.0
3-regular_n100_g7,3-regular,100,QAOA-BF,2048,4,4,102752,True,12,1,wurtz_lykov_3reg_p1,0.1,127.0,12,12,4.898979485566356,2.0,129.0,2.0,True,6,4,1.4142135623730951,0.29507096525188325,129.0,2.0,15,0.00732421875,True,2.0,129.0
3-regular_n100_g7,3-regular,100,QAOA-NB,2048,4,4,102752,False,12,1,wurtz_lykov_3reg_p1,0.1,127.0,12,12,0.0,0.0,129.0,2.0,True,6,4,1.0,0.14443802243376727,129.0,2.0,14,0.0068359375,True,2.0,129.0
3-regular_n100_g7,3-regular,100,QAOA-BF,2048,5,5,102753,True,12,1,wurtz_lykov_3reg_p1,0.1,127.0,11,14,4.898979485566356,2.0,127.0,0.0,False,6,0,1.4348601079588785,0.3212891776142558,127.0,0.0,0,0.0,False,0.0,127.0
3-regular_n100_g7,3-regular,100,QAOA-NB,2048,5,5,102753,False,12,1,wurtz_lykov_3reg_p1,0.1,127.0,11,14,0.0,0.0,127.0,0.0,False,6,0,1.0,0.12249482871625032,127.0,0.0,0,0.0,False,0.0,127.0
3-regular_n100_g7,3-regular,100,QAOA-BF,2048,6,6,102754,True,12,1,wurtz_lykov_3reg_p1,0.1,127.0,11,14,4.47213595499958,2.0,127.0,0.0,False,6,0,1.3919410907075054,0.36045814497088446,127.0,0.0,0,0.0,False,0.0,127.0
3-regular_n100_g7,3-regular,100,QAOA-NB,2048,6,6,102754,False,12,1,wurtz_lykov_3reg_p1,0.1,127.0,11,14,0.0,0.0,127.0,0.0,False,6,0,1.0,0.21469703639132892,127.0,0.0,0,0.0,False,0.0,127.0
3-regular_n100_g7,3-regular,100,QAOA-BF,2048,7,7,102755,True,12,1,wurtz_lykov_3reg_p1,0.1,127.0,14,8,3.4641016151377544,2.0,129.0,2.0,True,6,0,1.140175425099138,0.37495798565500404,129.0,2.0,33,0.01611328125,True,2.0,129.0
3-regular_n100_g7,3-regular,100,QAOA-NB,2048,7,7,102755,False,12,1,wurtz_lykov_3reg_p1,0.1,127.0,14,8,0.0,0.0,129.0,2.0,True,6,0,1.0,0.2381468106917091,128.0,1.0,12,0.005859375,True,1.0,128.0
3-regular_n100_g8,3-regular,100,LS-only,,,,,,,,,,130.0,,,,,,,,,,,,,,,,,,130.0
3-regular_n100_g8,3-regular,100,QAOA-BF,32,0,0,100832,True,12,1,wurtz_lykov_3reg_p1,0.1,130.0,11,14,3.4641016151377544,2.0,131.0,1.0,True,6,1,1.2817398889233114,0.3008985045229091,130.0,0.0,0,0.0,False,0.0,130.0
3-regular_n100_g8,3-regular,100,QAOA-NB,32,0,0,100832,False,12,1,wurtz_lykov_3reg_p1,0.1,130.0,11,14,0.0,0.0,131.0,1.0,True,6,1,1.0,0.17604402706718542,130.0,0.0,0,0.0,False,0.0,130.0
3-regular_n100_g8,3-regular,100,QAOA-BF,32,1,1,100833,True,12,1,wurtz_lykov_3reg_p1,0.1,130.0,12,12,3.7416573867739413,2.0,130.0,0.0,False,6,0,1.2366938848016846,0.3440891457156376,130.0,0.0,0,0.0,False,0.0,130.0
3-regular_n100_g8,3-regular,100,QAOA-NB,32,1,1,100833,False,12,1,wurtz_lykov_3reg_p1,0.1,130.0,12,12,0.0,0.0,130.0,0.0,False,6,0,1.0,0.272935430852191,130.0,0.0,0,0.0,False,0.0,130.0
3-regular_n100_g8,3-regular,100,QAOA-BF,32,2,2,100834,True,12,1,wurtz_lykov_3reg_p1,0.1,130.0,11,14,3.4641016151377544,2.0,130.0,0.0,False,6,0,1.2817398889233114,0.36577330499942623,130.0,0.0,0,0.0,False,0.0,130.0
3-regular_n100_g8,3-regular,100,QAOA-NB,32,2,2,100834,False,12,1,wurtz_lykov_3reg_p1,0.1,130.0,11,14,0.0,0.0,130.0,0.0,False,6,0,1.0,0.25339091442872763,130.0,0.0,0,0.0,False,0.0,130.0
3-regular_n100_g8,3-regular,100,QAOA-BF,32,3,3,100835,True,12,1,wurtz_lykov_3reg_p1,0.1,130.0,12,12,4.0,2.0,130.0,0.0,False,6,0,1.3228756555322954,0.5589764448645372,130.0,0.0,0,0.0,False,0.0,130.0
3-regular_n100_g8,3-regular,100,QAOA-NB,32,3,3,100835,False,12,1,wurtz_lykov_3reg_p1,0.1,130.0,12,12,0.0,0.0,130.0,0.0,False,6,0,1.0,0.4008424693937781,130.0,0.0,0,0.0,False,0.0,130.0
3-regular_n100_g8,3-regular,100,QAOA-BF,32,4,4,100836,True,12,1,wurtz_lykov_3reg_p1,0.1,130.0,12,12,3.4641016151377544,2.0,130.0,0.0,False,6,0,1.2649110640673518,0.41245840460549255,130.0,0.0,0,0.0,False,0.0,130.0
3-regular_n100_g8,3-regular,100,QAOA-NB,32,4,4,100836,False,12,1,wurtz_lykov_3reg_p1,0.1,130.0,12,12,0.0,0.0,130.0,0.0,False,6,0,1.0,0.27884684907436774,130.0,0.0,0,0.0,False,0.0,130.0
3-regular_n100_g8,3-regular,100,QAOA-BF,32,5,5,100837,True,12,1,wurtz_lykov_3reg_p1,0.1,130.0,13,10,4.0,2.0,130.0,0.0,False,6,0,1.2041594578792296,0.6124934272148432,130.0,0.0,0,0.0,False,0.0,130.0
3-regular_n100_g8,3-regular,100,QAOA-NB,32,5,5,100837,False,12,1,wurtz_lykov_3reg_p1,0.1,130.0,13,10,0.0,0.0,130.0,0.0,False,6,0,1.0,0.3417384176112828,130.0,0.0,0,0.0,False,0.0,130.0
3-regular_n100_g8,3-regular,100,QAOA-BF,32,6,6,100838,True,12,1,wurtz_lykov_3reg_p1,0.1,130.0,11,14,4.0,2.0,130.0,0.0,False,6,0,1.3416407864998738,0.39476985827623845,130.0,0.0,0,0.0,False,0.0,130.0
3-regular_n100_g8,3-regular,100,QAOA-NB,32,6,6,100838,False,12,1,wurtz_lykov_3reg_p1,0.1,130.0,11,14,0.0,0.0,130.0,0.0,False,6,0,1.0,0.3018724157119837,130.0,0.0,0,0.0,False,0.0,130.0
3-regular_n100_g8,3-regular,100,QAOA-BF,32,7,7,100839,True,12,1,wurtz_lykov_3reg_p1,0.1,130.0,11,14,4.898979485566356,2.0,130.0,0.0,False,6,0,1.4348601079588785,0.39291854223534534,130.0,0.0,0,0.0,False,0.0,130.0
3-regular_n100_g8,3-regular,100,QAOA-NB,32,7,7,100839,False,12,1,wurtz_lykov_3reg_p1,0.1,130.0,11,14,0.0,0.0,130.0,0.0,False,6,0,1.0,0.17604402706718547,130.0,0.0,0,0.0,False,0.0,130.0
3-regular_n100_g8,3-regular,100,QAOA-BF,128,0,0,100928,True,12,1,wurtz_lykov_3reg_p1,0.1,130.0,12,12,4.0,2.0,130.0,0.0,False,6,0,1.3228756555322954,0.5589764448645372,130.0,0.0,0,0.0,False,0.0,130.0
3-regular_n100_g8,3-regular,100,QAOA-NB,128,0,0,100928,False,12,1,wurtz_lykov_3reg_p1,0.1,130.0,12,12,0.0,0.0,130.0,0.0,False,6,0,1.0,0.4008424693937781,130.0,0.0,0,0.0,False,0.0,130.0
3-regular_n100_g8,3-regular,100,QAOA-BF,128,1,1,100929,True,12,1,wurtz_lykov_3reg_p1,0.1,130.0,11,14,4.0,2.0,130.0,0.0,False,6,0,1.3416407864998738,0.32782139786358694,130.0,0.0,0,0.0,False,0.0,130.0
3-regular_n100_g8,3-regular,100,QAOA-NB,128,1,1,100929,False,12,1,wurtz_lykov_3reg_p1,0.1,130.0,11,14,0.0,0.0,130.0,0.0,False,6,0,1.0,0.21469703639132903,130.0,0.0,0,0.0,False,0.0,130.0
3-regular_n100_g8,3-regular,100,QAOA-BF,128,2,2,100930,True,12,1,wurtz_lykov_3reg_p1,0.1,130.0,12,12,4.242640687119285,2.0,130.0,0.0,False,6,0,1.2909944487358056,0.34611030112430824,130.0,0.0,0,0.0,False,0.0,130.0
3-regular_n100_g8,3-regular,100,QAOA-NB,128,2,2,100930,False,12,1,wurtz_lykov_3reg_p1,0.1,130.0,12,12,0.0,0.0,130.0,0.0,False,6,0,1.0,0.17629883293259518,130.0,0.0,0,0.0,False,0.0,130.0
3-regular_n100_g8,3-regular,100,QAOA-BF,128,3,3,100931,True,12,1,wurtz_lykov_3reg_p1,0.1,130.0,11,14,4.0,2.0,130.0,0.0,False,6,0,1.3416407864998738,0.32821819392983126,130.0,0.0,0,0.0,False,0.0,130.0
3-regular_n100_g8,3-regular,100,QAOA-NB,128,3,3,100931,False,12,1,wurtz_lykov_3reg_p1,0.1,130.0,11,14,0.0,0.0,130.0,0.0,False,6,0,1.0,0.17604402706718547,130.0,0.0,0,0.0,False,0.0,130.0
3-regular_n100_g8,3-regular,100,QAOA-BF,128,4,4,100932,True,12,1,wurtz_lykov_3reg_p1,0.1,130.0,11,14,4.898979485566356,2.0,130.0,0.0,False,6,0,1.4348601079588785,0.4876439614588366,130.0,0.0,0,0.0,False,0.0,130.0
3-regular_n100_g8,3-regular,100,QAOA-NB,128,4,4,100932,False,12,1,wurtz_lykov_3reg_p1,0.1,130.0,11,14,0.0,0.0,130.0,0.0,False,6,0,1.0,0.2466807847338889,130.0,0.0,0,0.0,False,0.0,130.0
3-regular_n100_g8,3-regular,100,QAOA-BF,128,5,5,100933,True,12,1,wurtz_lykov_3reg_p1,0.1,130.0,12,12,3.4641016151377544,2.0,130.0,0.0,False,6,0,1.2649110640673518,0.417291112103022,130.0,0.0,0,0.0,False,0.0,130.0
3-regular_n100_g8,3-regular,100,QAOA-NB,128,5,5,100933,False,12,1,wurtz_lykov_3reg_p1,0.1,130.0,12,12,0.0,0.0,130.0,0.0,False,6,0,1.0,0.33888523883172356,130.0,0.0,0,0.0,False,0.0,130.0
3-regular_n100_g8,3-regular,100,QAOA-BF,128,6,6,100934,True,12,1,wurtz_lykov_3reg_p1,0.1,130.0,12,12,4.47213595499958,2.0,130.0,0.0,False,6,0,1.3719886811400708,0.4904916487191251,130.0,0.0,0,0.0,False,0.0,130.0
3-regular_n100_g8,3-regular,100,QAOA-NB,128,6,6,100934,False,12,1,wurtz_lykov_3reg_p1,0.1,130.0,12,12,0.0,0.0,130.0,0.0,False,6,0,1.0,0.3308284434463741,130.0,0.0,0,0.0,False,0.0,130.0
3-regular_n100_g8,3-regular,100,QAOA-BF,128,7,7,100935,True,12,1,wurtz_lykov_3reg_p1,0.1,130.0,11,14,4.898979485566356,2.0,130.0,0.0,False,6,0,1.4348601079588785,0.48686556181746415,130.0,0.0,0,0.0,False,0.0,130.0
3-regular_n100_g8,3-regular,100,QAOA-NB,128,7,7,100935,False,12,1,wurtz_lykov_3reg_p1,0.1,130.0,11,14,0.0,0.0,130.0,0.0,False,6,0,1.0,0.30738199378850956,130.0,0.0,0,0.0,False,0.0,130.0
3-regular_n100_g8,3-regular,100,QAOA-BF,512,0,0,101312,True,12,1,wurtz_lykov_3reg_p1,0.1,130.0,12,12,3.7416573867739413,2.0,130.0,0.0,False,6,0,1.2366938848016846,0.37863044839416893,130.0,0.0,0,0.0,False,0.0,130.0
3-regular_n100_g8,3-regular,100,QAOA-NB,512,0,0,101312,False,12,1,wurtz_lykov_3reg_p1,0.1,130.0,12,12,0.0,0.0,130.0,0.0,False,6,0,1.0,0.273983978388843,130.0,0.0,0,0.0,False,0.0,130.0
3-regular_n100_g8,3-regular,100,QAOA-BF,512,1,1,101313,True,12,1,wurtz_lykov_3reg_p1,0.1,130.0,11,14,4.47213595499958,2.0,130.0,0.0,False,6,0,1.3919410907075054,0.36047609138043873,130.0,0.0,0,0.0,False,0.0,130.0
3-regular_n100_g8,3-regular,100,QAOA-NB,512,1,1,101313,False,12,1,wurtz_lykov_3reg_p1,0.1,130.0,11,14,0.0,0.0,130.0,0.0,False,6,0,1.0,0.17604402706718547,130.0,0.0,0,0.0,False,0.0,130.0
3-regular_n100_g8,3-regular,100,QAOA-BF,512,2,2,101314,True,12,1,wurtz_lykov_3reg_p1,0.1,130.0,12,12,2.449489742783178,2.0,131.0,1.0,True,6,3,1.0954451150103321,0.3314154140595547,130.0,0.0,0,0.0,False,0.0,130.0
3-regular_n100_g8,3-regular,100,QAOA-NB,512,2,2,101314,False,12,1,wurtz_lykov_3reg_p1,0.1,130.0,12,12,0.0,0.0,131.0,1.0,True,6,3,1.0,0.22047637873641635,130.0,0.0,0,0.0,False,0.0,130.0
3-regular_n100_g8,3-regular,100,QAOA-BF,512,3,3,101315,True,12,1,wurtz_lykov_3reg_p1,0.1,130.0,12,12,4.242640687119285,2.0,130.0,0.0,False,6,0,1.2909944487358056,0.3778410430460931,130.0,0.0,0,0.0,False,0.0,130.0
3-regular_n100_g8,3-regular,100,QAOA-NB,512,3,3,101315,False,12,1,wurtz_lykov_3reg_p1,0.1,130.0,12,12,0.0,0.0,130.0,0.0,False,6,0,1.0,0.2730900959887056,130.0,0.0,0,0.0,False,0.0,130.0
3-regular_n100_g8,3-regular,100,QAOA-BF,512,4,4,101316,True,12,1,wurtz_lykov_3reg_p1,0.1,130.0,12,12,4.47213595499958,2.0,130.0,0.0,False,6,0,1.3719886811400708,0.4910780066988589,130.0,0.0,0,0.0,False,0.0,130.0
3-regular_n100_g8,3-regular,100,QAOA-NB,512,4,4,101316,False,12,1,wurtz_lykov_3reg_p1,0.1,130.0,12,12,0.0,0.0,130.0,0.0,False,6,0,1.0,0.3303144459098658,130.0,0.0,0,0.0,False,0.0,130.0
3-regular_n100_g8,3-regular,100,QAOA-BF,512,5,5,101317,True,12,1,wurtz_lykov_3reg_p1,0.1,130.0,12,12,4.69041575982343,2.0,130.0,0.0,False,6,0,1.3377121081198773,0.46791801622757173,130.0,0.0,0,0.0,False,0.0,130.0
3-regular_n100_g8,3-regular,100,QAOA-NB,512,5,5,101317,False,12,1,wurtz_lykov_3reg_p1,0.1,130.0,12,12,0.0,0.0,130.0,0.0,False,6,0,1.0,0.24768427814116287,130.0,0.0,0,0.0,False,0.0,130.0
3-regular_n100_g8,3-regular,100,QAOA-BF,512,6,6,101318,True,12,1,wurtz_lykov_3reg_p1,0.1,130.0,12,12,4.242640687119285,2.0,130.0,0.0,False,6,0,1.2909944487358056,0.3469009321335709,130.0,0.0,0,0.0,False,0.0,130.0
3-regular_n100_g8,3-regular,100,QAOA-NB,512,6,6,101318,False,12,1,wurtz_lykov_3reg_p1,0.1,130.0,12,12,0.0,0.0,130.0,0.0,False,6,0,1.0,0.16688629416563247,130.0,0.0,0,0.0,False,0.0,130.0
3-regular_n100_g8,3-regular,100,QAOA-BF,512,7,7,101319,True,12,1,wurtz_lykov_3reg_p1,0.1,130.0,13,10,4.0,2.0,130.0,0.0,False,6,0,1.2041594578792296,0.5348577774239517,130.0,0.0,0,0.0,False,0.0,130.0
3-regular_n100_g8,3-regular,100,QAOA-NB,512,7,7,101319,False,12,1,wurtz_lykov_3reg_p1,0.1,130.0,13,10,0.0,0.0,130.0,0.0,False,6,0,1.0,0.32292336298159224,130.0,0.0,0,0.0,False,0.0,130.0
3-regular_n100_g8,3-regular,100,QAOA-BF,2048,0,0,102848,True,12,1,wurtz_lykov_3reg_p1,0.1,130.0,11,14,4.47213595499958,2.0,130.0,0.0,False,6,0,1.3919410907075054,0.43406638858207347,130.0,0.0,0,0.0,False,0.0,130.0
3-regular_n100_g8,3-regular,100,QAOA-NB,2048,0,0,102848,False,12,1,wurtz_lykov_3reg_p1,0.1,130.0,11,14,0.0,0.0,130.0,0.0,False,6,0,1.0,0.30738199378850956,130.0,0.0,0,0.0,False,0.0,130.0
3-regular_n100_g8,3-regular,100,QAOA-BF,2048,1,1,102849,True,12,1,wurtz_lykov_3reg_p1,0.1,130.0,11,14,2.8284271247461903,2.0,130.0,0.0,False,6,0,1.2089410496539776,0.3437823154779098,130.0,0.0,0,0.0,False,0.0,130.0
3-regular_n100_g8,3-regular,100,QAOA-NB,2048,1,1,102849,False,12,1,wurtz_lykov_3reg_p1,0.1,130.0,11,14,0.0,0.0,130.0,0.0,False,6,0,1.0,0.25339091442872763,130.0,0.0,0,0.0,False,0.0,130.0
3-regular_n100_g8,3-regular,100,QAOA-BF,2048,2,2,102850,True,12,1,wurtz_lykov_3reg_p1,0.1,130.0,12,12,4.242640687119285,2.0,130.0,0.0,False,6,0,1.2909944487358056,0.3450814924222356,130.0,0.0,0,0.0,False,0.0,130.0
3-regular_n100_g8,3-regular,100,QAOA-NB,2048,2,2,102850,False,12,1,wurtz_lykov_3reg_p1,0.1,130.0,12,12,0.0,0.0,130.0,0.0,False,6,0,1.0,0.15341171580328233,130.0,0.0,0,0.0,False,0.0,130.0
3-regular_n100_g8,3-regular,100,QAOA-BF,2048,3,3,102851,True,12,1,wurtz_lykov_3reg_p1,0.1,130.0,12,12,4.242640687119285,2.0,130.0,0.0,False,6,0,1.2909944487358056,0.41728708175021223,130.0,0.0,0,0.0,False,0.0,130.0
3-regular_n100_g8,3-regular,100,QAOA-NB,2048,3,3,102851,False,12,1,wurtz_lykov_3reg_p1,0.1,130.0,12,12,0.0,0.0,130.0,0.0,False,6,0,1.0,0.274835356832327,130.0,0.0,0,0.0,False,0.0,130.0
3-regular_n100_g8,3-regular,100,QAOA-BF,2048,4,4,102852,True,12,1,wurtz_lykov_3reg_p1,0.1,130.0,11,14,2.8284271247461903,2.0,130.0,0.0,False,6,0,1.2089410496539776,0.34379258531800483,130.0,0.0,0,0.0,False,0.0,130.0
3-regular_n100_g8,3-regular,100,QAOA-NB,2048,4,4,102852,False,12,1,wurtz_lykov_3reg_p1,0.1,130.0,11,14,0.0,0.0,130.0,0.0,False,6,0,1.0,0.25339091442872763,130.0,0.0,0,0.0,False,0.0,130.0
3-regular_n100_g8,3-regular,100,QAOA-BF,2048,5,5,102853,True,12,1,wurtz_lykov_3reg_p1,0.1,130.0,12,12,4.242640687119285,2.0,130.0,0.0,False,6,0,1.2909944487358056,0.34854897459143075,130.0,0.0,0,0.0,False,0.0,130.0
3-regular_n100_g8,3-regular,100,QAOA-NB,2048,5,5,102853,False,12,1,wurtz_lykov_3reg_p1,0.1,130.0,12,12,0.0,0.0,130.0,0.0,False,6,0,1.0,0.16389521233044393,130.0,0.0,0,0.0,False,0.0,130.0
3-regular_n100_g8,3-regular,100,QAOA-BF,2048,6,6,102854,True,12,1,wurtz_lykov_3reg_p1,0.1,130.0,11,14,3.4641016151377544,2.0,131.0,1.0,True,6,2,1.2817398889233114,0.30090622724288646,130.0,0.0,0,0.0,False,0.0,130.0
3-regular_n100_g8,3-regular,100,QAOA-NB,2048,6,6,102854,False,12,1,wurtz_lykov_3reg_p1,0.1,130.0,11,14,0.0,0.0,131.0,1.0,True,6,2,1.0,0.17604402706718542,130.0,0.0,0,0.0,False,0.0,130.0
3-regular_n100_g8,3-regular,100,QAOA-BF,2048,7,7,102855,True,12,1,wurtz_lykov_3reg_p1,0.1,130.0,11,14,3.4641016151377544,2.0,131.0,1.0,True,6,3,1.2817398889233114,0.3008985045229092,130.0,0.0,0,0.0,False,0.0,130.0
3-regular_n100_g8,3-regular,100,QAOA-NB,2048,7,7,102855,False,12,1,wurtz_lykov_3reg_p1,0.1,130.0,11,14,0.0,0.0,131.0,1.0,True,6,3,1.0,0.17604402706718536,130.0,0.0,0,0.0,False,0.0,130.0
3-regular_n100_g9,3-regular,100,LS-only,,,,,,,,,,126.0,,,,,,,,,,,,,,,,,,126.0
3-regular_n100_g9,3-regular,100,QAOA-BF,32,0,0,100932,True,12,1,wurtz_lykov_3reg_p1,0.1,126.0,12,12,4.69041575982343,2.0,126.0,0.0,False,6,0,1.3377121081198773,0.40907073368732705,126.0,0.0,0,0.0,False,0.0,126.0
3-regular_n100_g9,3-regular,100,QAOA-NB,32,0,0,100932,False,12,1,wurtz_lykov_3reg_p1,0.1,126.0,12,12,0.0,0.0,126.0,0.0,False,6,0,1.0,0.273983978388843,126.0,0.0,0,0.0,False,0.0,126.0
3-regular_n100_g9,3-regular,100,QAOA-BF,32,1,1,100933,True,12,1,wurtz_lykov_3reg_p1,0.1,126.0,11,14,4.898979485566356,2.0,129.0,3.0,True,6,2,1.4348601079588785,0.2639583519274303,126.0,0.0,0,0.0,False,0.0,126.0
3-regular_n100_g9,3-regular,100,QAOA-NB,32,1,1,100933,False,12,1,wurtz_lykov_3reg_p1,0.1,126.0,11,14,0.0,0.0,129.0,3.0,True,6,2,1.0,0.10823810098934242,126.0,0.0,0,0.0,False,0.0,126.0
3-regular_n100_g9,3-regular,100,QAOA-BF,32,2,2,100934,True,12,1,wurtz_lykov_3reg_p1,0.1,126.0,11,14,4.47213595499958,2.0,127.0,1.0,True,6,2,1.3919410907075054,0.2924612192818632,126.0,0.0,0,0.0,False,0.0,126.0
3-regular_n100_g9,3-regular,100,QAOA-NB,32,2,2,100934,False,12,1,wurtz_lykov_3reg_p1,0.1,126.0,11,14,0.0,0.0,127.0,1.0,True,6,2,1.0,0.19289914765349228,126.0,0.0,0,0.0,False,0.0,126.0
3-regular_n100_g9,3-regular,100,QAOA-BF,32,3,3,100935,True,12,1,wurtz_lykov_3reg_p1,0.1,126.0,11,14,4.898979485566356,2.0,127.0,1.0,True,6,5,1.4348601079588785,0.3162644167952832,126.0,0.0,0,0.0,False,0.0,126.0
3-regular_n100_g9,3-regular,100,QAOA-NB,32,3,3,100935,False,12,1,wurtz_lykov_3reg_p1,0.1,126.0,11,14,0.0,0.0,127.0,1.0,True,6,5,1.0,0.15241636923846383,126.0,0.0,0,0.0,False,0.0,126.0
3-regular_n100_g9,3-regular,100,QAOA-BF,32,4,4,100936,True,12,1,wurtz_lykov_3reg_p1,0.1,126.0,11,14,4.0,2.0,127.0,1.0,True,6,2,1.3416407864998738,0.3203040001243233,126.0,0.0,0,0.0,False,0.0,126.0
3-regular_n100_g9,3-regular,100,QAOA-NB,32,4,4,100936,False,12,1,wurtz_lykov_3reg_p1,0.1,126.0,11,14,0.0,0.0,127.0,1.0,True,6,2,1.0,0.2716069211628067,126.0,0.0,0,0.0,False,0.0,126.0
3-regular_n100_g9,3-regular,100,QAOA-BF,32,5,5,100937,True,12,1,wurtz_lykov_3reg_p1,0.1,126.0,11,14,4.47213595499958,2.0,127.0,1.0,True,6,3,1.3919410907075054,0.29098569013139025,126.0,0.0,0,0.0,False,0.0,126.0
3-regular_n100_g9,3-regular,100,QAOA-NB,32,5,5,100937,False,12,1,wurtz_lykov_3reg_p1,0.1,126.0,11,14,0.0,0.0,127.0,1.0,True,6,3,1.0,0.1224948287162504,126.0,0.0,0,0.0,False,0.0,126.0
3-regular_n100_g9,3-regular,100,QAOA-BF,32,6,6,100938,True,12,1,wurtz_lykov_3reg_p1,0.1,126.0,11,14,4.898979485566356,2.0,128.0,2.0,True,6,0,1.4348601079588785,0.2625194986670141,126.0,0.0,0,0.0,False,0.0,126.0
3-regular_n100_g9,3-regular,100,QAOA-NB,32,6,6,100938,False,12,1,wurtz_lykov_3reg_p1,0.1,126.0,11,14,0.0,0.0,128.0,2.0,True,6,0,1.0,0.08537194118154448,126.0,0.0,0,0.0,False,0.0,126.0
3-regular_n100_g9,3-regular,100,QAOA-BF,32,7,7,100939,True,12,1,wurtz_lykov_3reg_p1,0.1,126.0,11,14,4.47213595499958,2.0,128.0,2.0,True,6,0,1.3919410907075054,0.2899088126960258,126.0,0.0,0,0.0,False,0.0,126.0
3-regular_n100_g9,3-regular,100,QAOA-NB,32,7,7,100939,False,12,1,wurtz_lykov_3reg_p1,0.1,126.0,11,14,0.0,0.0,128.0,2.0,True,6,0,1.0,0.15241636923846383,126.0,0.0,0,0.0,False,0.0,126.0
3-regular_n100_g9,3-regular,100,QAOA-BF,128,0,0,101028,True,12,1,wurtz_lykov_3reg_p1,0.1,126.0,11,14,4.0,2.0,127.0,1.0,True,6,1,1.3416407864998738,0.32496550226150156,127.0,1.0,3,0.0234375,True,1.0,127.0
3-regular_n100_g9,3-regular,100,QAOA-NB,128,0,0,101028,False,12,1,wurtz_lykov_3reg_p1,0.1,126.0,11,14,0.0,0.0,127.0,1.0,True,6,1,1.0,0.2716069211628066,127.0,1.0,1,0.0078125,True,1.0,127.0
3-regular_n100_g9,3-regular,100,QAOA-BF,128,1,1,101029,True,12,1,wurtz_lykov_3reg_p1,0.1,126.0,11,14,4.47213595499958,2.0,128.0,2.0,True,6,2,1.3919410907075054,0.2957102335334341,126.0,0.0,0,0.0,False,0.0,126.0
3-regular_n100_g9,3-regular,100,QAOA-NB,128,1,1,101029,False,12,1,wurtz_lykov_3reg_p1,0.1,126.0,11,14,0.0,0.0,128.0,2.0,True,6,2,1.0,0.11971611291522148,127.0,1.0,1,0.0078125,True,1.0,127.0
3-regular_n100_g9,3-regular,100,QAOA-BF,128,2,2,101030,True,12,1,wurtz_lykov_3reg_p1,0.1,126.0,11,14,4.47213595499958,2.0,128.0,2.0,True,6,1,1.3919410907075054,0.2899088126960256,127.0,1.0,1,0.0078125,True,1.0,127.0
3-regular_n100_g9,3-regular,100,QAOA-NB,128,2,2,101030,False,12,1,wurtz_lykov_3reg_p1,0.1,126.0,11,14,0.0,0.0,128.0,2.0,True,6,1,1.0,0.15241636923846377,126.0,0.0,0,0.0,False,0.0,126.0
3-regular_n100_g9,3-regular,100,QAOA-BF,128,3,3,101031,True,12,1,wurtz_lykov_3reg_p1,0.1,126.0,12,12,3.1622776601683795,2.0,126.0,0.0,False,6,0,1.1726039399558574,0.43253598068456844,126.0,0.0,0,0.0,False,0.0,126.0
3-regular_n100_g9,3-regular,100,QAOA-NB,128,3,3,101031,False,12,1,wurtz_lykov_3reg_p1,0.1,126.0,12,12,0.0,0.0,126.0,0.0,False,6,0,1.0,0.35741536962360043,126.0,0.0,0,0.0,False,0.0,126.0
3-regular_n100_g9,3-regular,100,QAOA-BF,128,4,4,101032,True,12,1,wurtz_lykov_3reg_p1,0.1,126.0,11,14,5.291502622129181,2.0,126.0,0.0,False,6,0,1.4719601443879744,0.4306694237437927,126.0,0.0,0,0.0,False,0.0,126.0
3-regular_n100_g9,3-regular,100,QAOA-NB,128,4,4,101032,False,12,1,wurtz_lykov_3reg_p1,0.1,126.0,11,14,0.0,0.0,126.0,0.0,False,6,0,1.0,0.21422779858540467,126.0,0.0,0,0.0,False,0.0,126.0
3-regular_n100_g9,3-regular,100,QAOA-BF,128,5,5,101033,True,12,1,wurtz_lykov_3reg_p1,0.1,126.0,11,14,4.898979485566356,2.0,129.0,3.0,True,6,5,1.4348601079588785,0.2639583519274304,128.0,2.0,1,0.0078125,True,2.0,128.0
3-regular_n100_g9,3-regular,100,QAOA-NB,128,5,5,101033,False,12,1,wurtz_lykov_3reg_p1,0.1,126.0,11,14,0.0,0.0,129.0,3.0,True,6,5,1.0,0.10823810098934242,126.0,0.0,0,0.0,False,0.0,126.0
3-regular_n100_g9,3-regular,100,QAOA-BF,128,6,6,101034,True,12,1,wurtz_lykov_3reg_p1,0.1,126.0,12,12,3.7416573867739413,2.0,127.0,1.0,True,6,3,1.2366938848016846,0.39208140164959765,127.0,1.0,1,0.0078125,True,1.0,127.0
3-regular_n100_g9,3-regular,100,QAOA-NB,128,6,6,101034,False,12,1,wurtz_lykov_3reg_p1,0.1,126.0,12,12,0.0,0.0,127.0,1.0,True,6,3,1.0,0.24526669888634337,127.0,1.0,2,0.015625,True,1.0,127.0
3-regular_n100_g9,3-regular,100,QAOA-BF,128,7,7,101035,True,12,1,wurtz_lykov_3reg_p1,0.1,126.0,12,12,4.0,2.0,127.0,1.0,True,6,3,1.3228756555322954,0.3707868459425616,126.0,0.0,0,0.0,False,0.0,126.0
3-regular_n100_g9,3-regular,100,QAOA-NB,128,7,7,101035,False,12,1,wurtz_lykov_3reg_p1,0.1,126.0,12,12,0.0,0.0,127.0,1.0,True,6,3,1.0,0.22959370998712675,127.0,1.0,1,0.0078125,True,1.0,127.0
3-regular_n100_g9,3-regular,100,QAOA-BF,512,0,0,101412,True,12,1,wurtz_lykov_3reg_p1,0.1,126.0,12,12,4.47213595499958,2.0,126.0,0.0,False,6,0,1.3719886811400708,0.4078773754443901,126.0,0.0,0,0.0,False,0.0,126.0
3-regular_n100_g9,3-regular,100,QAOA-NB,512,0,0,101412,False,12,1,wurtz_lykov_3reg_p1,0.1,126.0,12,12,0.0,0.0,126.0,0.0,False,6,0,1.0,0.23083402804430764,126.0,0.0,0,0.0,False,0.0,126.0
3-regular_n100_g9,3-regular,100,QAOA-BF,512,1,1,101413,True,12,1,wurtz_lykov_3reg_p1,0.1,126.0,11,14,4.898979485566356,2.0,126.0,0.0,False,6,0,1.4348601079588785,0.4802924406956072,126.0,0.0,0,0.0,False,0.0,126.0
3-regular_n100_g9,3-regular,100,QAOA-NB,512,1,1,101413,False,12,1,wurtz_lykov_3reg_p1,0.1,126.0,11,14,0.0,0.0,126.0,0.0,False,6,0,1.0,0.3073819937885098,126.0,0.0,0,0.0,False,0.0,126.0
3-regular_n100_g9,3-regular,100,QAOA-BF,512,2,2,101414,True,12,1,wurtz_lykov_3reg_p1,0.1,126.0,12,12,4.242640687119285,2.0,128.0,2.0,True,6,2,1.2909944487358056,0.30475928266909064,126.0,0.0,0,0.0,False,0.0,126.0
3-regular_n100_g9,3-regular,100,QAOA-NB,512,2,2,101414,False,12,1,wurtz_lykov_3reg_p1,0.1,126.0,12,12,0.0,0.0,128.0,2.0,True,6,2,1.0,0.1401817732363983,126.0,0.0,0,0.0,False,0.0,126.0
3-regular_n100_g9,3-regular,100,QAOA-BF,512,3,3,101415,True,12,1,wurtz_lykov_3reg_p1,0.1,126.0,11,14,4.0,2.0,128.0,2.0,True,6,2,1.3416407864998738,0.26904337328341604,126.0,0.0,0,0.0,False,0.0,126.0
3-regular_n100_g9,3-regular,100,QAOA-NB,512,3,3,101415,False,12,1,wurtz_lykov_3reg_p1,0.1,126.0,11,14,0.0,0.0,128.0,2.0,True,6,2,1.0,0.12249482871625032,126.0,0.0,0,0.0,False,0.0,126.0
3-regular_n100_g9,3-regular,100,QAOA-BF,512,4,4,101416,True,12,1,wurtz_lykov_3reg_p1,0.1,126.0,11,14,4.47213595499958,2.0,129.0,3.0,True,6,4,1.3919410907075054,0.24104505032747167,127.0,1.0,1,0.001953125,True,1.0,127.0
3-regular_n100_g9,3-regular,100,QAOA-NB,512,4,4,101416,False,12,1,wurtz_lykov_3reg_p1,0.1,126.0,11,14,0.0,0.0,129.0,3.0,True,6,4,1.0,0.08537194118154451,127.0,1.0,1,0.001953125,True,1.0,127.0
3-regular_n100_g9,3-regular,100,QAOA-BF,512,5,5,101417,True,12,1,wurtz_lykov_3reg_p1,0.1,126.0,11,14,4.47213595499958,2.0,127.0,1.0,True,6,4,1.3919410907075054,0.35994835668660513,127.0,1.0,1,0.001953125,True,1.0,127.0
3-regular_n100_g9,3-regular,100,QAOA-NB,512,5,5,101417,False,12,1,wurtz_lykov_3reg_p1,0.1,126.0,11,14,0.0,0.0,127.0,1.0,True,6,4,1.0,0.21422779858540478,126.0,0.0,0,0.0,False,0.0,126.0
3-regular_n100_g9,3-regular,100,QAOA-BF,512,6,6,101418,True,12,1,wurtz_lykov_3reg_p1,0.1,126.0,11,14,4.0,2.0,128.0,2.0,True,6,0,1.3416407864998738,0.27142070169967597,128.0,2.0,8,0.015625,True,2.0,128.0
3-regular_n100_g9,3-regular,100,QAOA-NB,512,6,6,101418,False,12,1,wurtz_lykov_3reg_p1,0.1,126.0,11,14,0.0,0.0,128.0,2.0,True,6,0,1.0,0.1524163692384639,128.0,2.0,5,0.009765625,True,2.0,128.0
3-regular_n100_g9,3-regular,100,QAOA-BF,512,7,7,101419,True,12,1,wurtz_lykov_3reg_p1,0.1,126.0,11,14,4.0,2.0,127.0,1.0,True,6,1,1.3416407864998738,0.3312040820832064,127.0,1.0,2,0.00390625,True,1.0,127.0
3-regular_n100_g9,3-regular,100,QAOA-NB,512,7,7,101419,False,12,1,wurtz_lykov_3reg_p1,0.1,126.0,11,14,0.0,0.0,127.0,1.0,True,6,1,1.0,0.21876830154728008,127.0,1.0,1,0.001953125,True,1.0,127.0
3-regular_n100_g9,3-regular,100,QAOA-BF,2048,0,0,102948,True,12,1,wurtz_lykov_3reg_p1,0.1,126.0,12,12,4.242640687119285,2.0,127.0,1.0,True,6,5,1.2909944487358056,0.381650974506412,127.0,1.0,19,0.00927734375,True,1.0,127.0
3-regular_n100_g9,3-regular,100,QAOA-NB,2048,0,0,102948,False,12,1,wurtz_lykov_3reg_p1,0.1,126.0,12,12,0.0,0.0,127.0,1.0,True,6,5,1.0,0.24768427814116276,127.0,1.0,8,0.00390625,True,1.0,127.0
3-regular_n100_g9,3-regular,100,QAOA-BF,2048,1,1,102949,True,12,1,wurtz_lykov_3reg_p1,0.1,126.0,11,14,4.47213595499958,2.0,127.0,1.0,True,6,1,1.3919410907075054,0.2975085981215841,127.0,1.0,25,0.01220703125,True,1.0,127.0
3-regular_n100_g9,3-regular,100,QAOA-NB,2048,1,1,102949,False,12,1,wurtz_lykov_3reg_p1,0.1,126.0,11,14,0.0,0.0,127.0,1.0,True,6,1,1.0,0.15241636923846386,127.0,1.0,17,0.00830078125,True,1.0,127.0
3-regular_n100_g9,3-regular,100,QAOA-BF,2048,2,2,102950,True,12,1,wurtz_lykov_3reg_p1,0.1,126.0,11,14,4.898979485566356,2.0,128.0,2.0,True,6,0,1.4348601079588785,0.2625194986670141,126.0,0.0,0,0.0,False,0.0,126.0
3-regular_n100_g9,3-regular,100,QAOA-NB,2048,2,2,102950,False,12,1,wurtz_lykov_3reg_p1,0.1,126.0,11,14,0.0,0.0,128.0,2.0,True,6,0,1.0,0.08537194118154448,127.0,1.0,1,0.00048828125,True,1.0,127.0
3-regular_n100_g9,3-regular,100,QAOA-BF,2048,3,3,102951,True,12,1,wurtz_lykov_3reg_p1,0.1,126.0,11,14,4.0,2.0,127.0,1.0,True,6,3,1.3416407864998738,0.32246185749433914,127.0,1.0,1,0.00048828125,True,1.0,127.0
3-regular_n100_g9,3-regular,100,QAOA-NB,2048,3,3,102951,False,12,1,wurtz_lykov_3reg_p1,0.1,126.0,11,14,0.0,0.0,127.0,1.0,True,6,3,1.0,0.21422779858540467,126.0,0.0,0,0.0,False,0.0,126.0
3-regular_n100_g9,3-regular,100,QAOA-BF,2048,4,4,102952,True,12,1,wurtz_lykov_3reg_p1,0.1,126.0,11,14,4.0,2.0,128.0,2.0,True,6,0,1.3416407864998738,0.3318768538176645,128.0,2.0,25,0.01220703125,True,2.0,128.0
3-regular_n100_g9,3-regular,100,QAOA-NB,2048,4,4,102952,False,12,1,wurtz_lykov_3reg_p1,0.1,126.0,11,14,0.0,0.0,128.0,2.0,True,6,0,1.0,0.21422779858540472,128.0,2.0,18,0.0087890625,True,2.0,128.0
3-regular_n100_g9,3-regular,100,QAOA-BF,2048,5,5,102953,True,12,1,wurtz_lykov_3reg_p1,0.1,126.0,11,14,4.898979485566356,2.0,128.0,2.0,True,6,1,1.4348601079588785,0.2625194986670141,127.0,1.0,1,0.00048828125,True,1.0,127.0
3-regular_n100_g9,3-regular,100,QAOA-NB,2048,5,5,102953,False,12,1,wurtz_lykov_3reg_p1,0.1,126.0,11,14,0.0,0.0,128.0,2.0,True,6,1,1.0,0.08537194118154451,127.0,1.0,1,0.00048828125,True,1.0,127.0
3-regular_n100_g9,3-regular,100,QAOA-BF,2048,6,6,102954,True,12,1,wurtz_lykov_3reg_p1,0.1,126.0,12,12,4.242640687119285,2.0,127.0,1.0,True,6,2,1.2909944487358056,0.35000313503951536,127.0,1.0,22,0.0107421875,True,1.0,127.0
3-regular_n100_g9,3-regular,100,QAOA-NB,2048,6,6,102954,False,12,1,wurtz_lykov_3reg_p1,0.1,126.0,12,12,0.0,0.0,127.0,1.0,True,6,2,1.0,0.1561505938977041,127.0,1.0,8,0.00390625,True,1.0,127.0
3-regular_n100_g9,3-regular,100,QAOA-BF,2048,7,7,102955,True,12,1,wurtz_lykov_3reg_p1,0.1,126.0,11,14,4.0,2.0,129.0,3.0,True,6,1,1.3416407864998738,0.26700552596436294,128.0,2.0,23,0.01123046875,True,2.0,128.0
3-regular_n100_g9,3-regular,100,QAOA-NB,2048,7,7,102955,False,12,1,wurtz_lykov_3reg_p1,0.1,126.0,11,14,0.0,0.0,129.0,3.0,True,6,1,1.0,0.1521117655351534,127.0,1.0,14,0.0068359375,True,1.0,127.0
3-regular_n100_g10,3-regular,100,LS-only,,,,,,,,,,126.0,,,,,,,,,,,,,,,,,,126.0
3-regular_n100_g10,3-regular,100,QAOA-BF,32,0,0,101032,True,12,1,wurtz_lykov_3reg_p1,0.1,126.0,11,14,3.4641016151377544,2.0,129.0,3.0,True,6,3,1.2817398889233114,0.25071196555584163,127.0,1.0,1,0.03125,True,1.0,127.0
3-regular_n100_g10,3-regular,100,QAOA-NB,32,0,0,101032,False,12,1,wurtz_lykov_3reg_p1,0.1,126.0,11,14,0.0,0.0,129.0,3.0,True,6,3,1.0,0.19289914765349228,127.0,1.0,1,0.03125,True,1.0,127.0
3-regular_n100_g10,3-regular,100,QAOA-BF,32,1,1,101033,True,12,1,wurtz_lykov_3reg_p1,0.1,126.0,11,14,4.898979485566356,2.0,126.0,0.0,False,6,0,1.4348601079588785,0.39375198039275267,126.0,0.0,0,0.0,False,0.0,126.0
3-regular_n100_g10,3-regular,100,QAOA-NB,32,1,1,101033,False,12,1,wurtz_lykov_3reg_p1,0.1,126.0,11,14,0.0,0.0,126.0,0.0,False,6,0,1.0,0.1717094734145483,126.0,0.0,0,0.0,False,0.0,126.0
3-regular_n100_g10,3-regular,100,QAOA-BF,32,2,2,101034,True,12,1,wurtz_lykov_3reg_p1,0.1,126.0,11,14,4.47213595499958,2.0,127.0,1.0,True,6,1,1.3919410907075054,0.3649016603208151,126.0,0.0,0,0.0,False,0.0,126.0
3-regular_n100_g10,3-regular,100,QAOA-NB,32,2,2,101034,False,12,1,wurtz_lykov_3reg_p1,0.1,126.0,11,14,0.0,0.0,127.0,1.0,True,6,1,1.0,0.17604402706718542,126.0,0.0,0,0.0,False,0.0,126.0
3-regular_n100_g10,3-regular,100,QAOA-BF,32,3,3,101035,True,12,1,wurtz_lykov_3reg_p1,0.1,126.0,11,14,3.4641016151377544,2.0,128.0,2.0,True,6,4,1.2817398889233114,0.2512291244862516,126.0,0.0,0,0.0,False,0.0,126.0
3-regular_n100_g10,3-regular,100,QAOA-NB,32,3,3,101035,False,12,1,wurtz_lykov_3reg_p1,0.1,126.0,11,14,0.0,0.0,128.0,2.0,True,6,4,1.0,0.19289914765349228,126.0,0.0,0,0.0,False,0.0,126.0
3-regular_n100_g10,3-regular,100,QAOA-BF,32,4,4,101036,True,12,1,wurtz_lykov_3reg_p1,0.1,126.0,11,14,4.0,2.0,126.0,0.0,False,6,0,1.3416407864998738,0.49543206154812425,126.0,0.0,0,0.0,False,0.0,126.0
3-regular_n100_g10,3-regular,100,QAOA-NB,32,4,4,101036,False,12,1,wurtz_lykov_3reg_p1,0.1,126.0,11,14,0.0,0.0,126.0,0.0,False,6,0,1.0,0.36386562008926054,126.0,0.0,0,0.0,False,0.0,126.0
3-regular_n100_g10,3-regular,100,QAOA-BF,32,5,5,101037,True,12,1,wurtz_lykov_3reg_p1,0.1,126.0,11,14,3.4641016151377544,2.0,126.0,0.0,False,6,0,1.2817398889233114,0.35813987182958207,126.0,0.0,0,0.0,False,0.0,126.0
3-regular_n100_g10,3-regular,100,QAOA-NB,32,5,5,101037,False,12,1,wurtz_lykov_3reg_p1,0.1,126.0,11,14,0.0,0.0,126.0,0.0,False,6,0,1.0,0.30738199378850956,126.0,0.0,0,0.0,False,0.0,126.0
3-regular_n100_g10,3-regular,100,QAOA-BF,32,6,6,101038,True,12,1,wurtz_lykov_3reg_p1,0.1,126.0,11,14,4.898979485566356,2.0,129.0,3.0,True,6,1,1.4348601079588785,0.2639689989854027,126.0,0.0,0,0.0,False,0.0,126.0
3-regular_n100_g10,3-regular,100,QAOA-NB,32,6,6,101038,False,12,1,wurtz_lykov_3reg_p1,0.1,126.0,11,14,0.0,0.0,129.0,3.0,True,6,1,1.0,0.10823810098934242,126.0,0.0,0,0.0,False,0.0,126.0
3-regular_n100_g10,3-regular,100,QAOA-BF,32,7,7,101039,True,12,1,wurtz_lykov_3reg_p1,0.1,126.0,11,14,4.0,2.0,127.0,1.0,True,6,3,1.3416407864998738,0.32611948890487175,126.0,0.0,0,0.0,False,0.0,126.0
3-regular_n100_g10,3-regular,100,QAOA-NB,32,7,7,101039,False,12,1,wurtz_lykov_3reg_p1,0.1,126.0,11,14,0.0,0.0,127.0,1.0,True,6,3,1.0,0.21876830154728008,126.0,0.0,0,0.0,False,0.0,126.0
3-regular_n100_g10,3-regular,100,QAOA-BF,128,0,0,101128,True,12,1,wurtz_lykov_3reg_p1,0.1,126.0,11,14,4.0,2.0,128.0,2.0,True,6,1,1.3416407864998738,0.26916930324100585,126.0,0.0,0,0.0,False,0.0,126.0
3-regular_n100_g10,3-regular,100,QAOA-NB,128,0,0,101128,False,12,1,wurtz_lykov_3reg_p1,0.1,126.0,11,14,0.0,0.0,128.0,2.0,True,6,1,1.0,0.19289914765349228,127.0,1.0,2,0.015625,True,1.0,127.0
3-regular_n100_g10,3-regular,100,QAOA-BF,128,1,1,101129,True,12,1,wurtz_lykov_3reg_p1,0.1,126.0,12,12,3.1622776601683795,2.0,127.0,1.0,True,6,5,1.1726039399558574,0.35996049079752285,127.0,1.0,1,0.0078125,True,1.0,127.0
3-regular_n100_g10,3-regular,100,QAOA-NB,128,1,1,101129,False,12,1,wurtz_lykov_3reg_p1,0.1,126.0,12,12,0.0,0.0,127.0,1.0,True,6,5,1.0,0.23473508953746,126.0,0.0,0,0.0,False,0.0,126.0
3-regular_n100_g10,3-regular,100,QAOA-BF,128,2,2,101130,True,12,1,wurtz_lykov_3reg_p1,0.1,126.0,11,14,4.0,2.0,128.0,2.0,True,6,1,1.3416407864998738,0.3318768538176645,126.0,0.0,0,0.0,False,0.0,126.0
3-regular_n100_g10,3-regular,100,QAOA-NB,128,2,2,101130,False,12,1,wurtz_lykov_3reg_p1,0.1,126.0,11,14,0.0,0.0,128.0,2.0,True,6,1,1.0,0.21422779858540472,127.0,1.0,2,0.015625,True,1.0,127.0
3-regular_n100_g10,3-regular,100,QAOA-BF,128,3,3,101131,True,12,1,wurtz_lykov_3reg_p1,0.1,126.0,11,14,5.291502622129181,2.0,127.0,1.0,True,6,3,1.4719601443879744,0.2872122511033683,126.0,0.0,0,0.0,False,0.0,126.0
3-regular_n100_g10,3-regular,100,QAOA-NB,128,3,3,101131,False,12,1,wurtz_lykov_3reg_p1,0.1,126.0,11,14,0.0,0.0,127.0,1.0,True,6,3,1.0,0.08537194118154448,126.0,0.0,0,0.0,False,0.0,126.0
3-regular_n100_g10,3-regular,100,QAOA-BF,128,4,4,101132,True,12,1,wurtz_lykov_3reg_p1,0.1,126.0,12,12,3.7416573867739413,2.0,127.0,1.0,True,6,0,1.2366938848016846,0.3176750218476016,126.0,0.0,0,0.0,False,0.0,126.0
3-regular_n100_g10,3-regular,100,QAOA-NB,128,4,4,101132,False,12,1,wurtz_lykov_3reg_p1,0.1,126.0,12,12,0.0,0.0,127.0,1.0,True,6,0,1.0,0.17269816440966695,126.0,0.0,0,0.0,False,0.0,126.0
3-regular_n100_g10,3-regular,100,QAOA-BF,128,5,5,101133,True,12,1,wurtz_lykov_3reg_p1,0.1,126.0,11,14,4.898979485566356,2.0,128.0,2.0,True,6,2,1.4348601079588785,0.3184736539492447,127.0,1.0,2,0.015625,True,1.0,127.0
3-regular_n100_g10,3-regular,100,QAOA-NB,128,5,5,101133,False,12,1,wurtz_lykov_3reg_p1,0.1,126.0,11,14,0.0,0.0,128.0,2.0,True,6,2,1.0,0.19289914765349228,127.0,1.0,2,0.015625,True,1.0,127.0
3-regular_n100_g10,3-regular,100,QAOA-BF,128,6,6,101134,True,12,1,wurtz_lykov_3reg_p1,0.1,126.0,11,14,4.47213595499958,2.0,127.0,1.0,True,6,0,1.3919410907075054,0.35288808881559786,127.0,1.0,1,0.0078125,True,1.0,127.0
3-regular_n100_g10,3-regular,100,QAOA-NB,128,6,6,101134,False,12,1,wurtz_lykov_3reg_p1,0.1,126.0,11,14,0.0,0.0,127.0,1.0,True,6,0,1.0,0.2716069211628066,127.0,1.0,2,0.015625,True,1.0,127.0
3-regular_n100_g10,3-regular,100,QAOA-BF,128,7,7,101135,True,12,1,wurtz_lykov_3reg_p1,0.1,126.0,11,14,4.898979485566356,2.0,129.0,3.0,True,6,2,1.4348601079588785,0.2639583519274303,128.0,2.0,3,0.0234375,True,2.0,128.0
3-regular_n100_g10,3-regular,100,QAOA-NB,128,7,7,101135,False,12,1,wurtz_lykov_3reg_p1,0.1,126.0,11,14,0.0,0.0,129.0,3.0,True,6,2,1.0,0.10823810098934242,127.0,1.0,1,0.0078125,True,1.0,127.0
3-regular_n100_g10,3-regular,100,QAOA-BF,512,0,0,101512,True,12,1,wurtz_lykov_3reg_p1,0.1,126.0,12,12,4.242640687119285,2.0,127.0,1.0,True,6,0,1.2909944487358056,0.34809566590199426,127.0,1.0,1,0.001953125,True,1.0,127.0
3-regular_n100_g10,3-regular,100,QAOA-NB,512,0,0,101512,False,12,1,wurtz_lykov_3reg_p1,0.1,126.0,12,12,0.0,0.0,127.0,1.0,True,6,0,1.0,0.16351962327611858,127.0,1.0,2,0.00390625,True,1.0,127.0
3-regular_n100_g10,3-regular,100,QAOA-BF,512,1,1,101513,True,12,1,wurtz_lykov_3reg_p1,0.1,126.0,12,12,3.7416573867739413,2.0,127.0,1.0,True,6,2,1.2366938848016846,0.34233901359373603,127.0,1.0,1,0.001953125,True,1.0,127.0
3-regular_n100_g10,3-regular,100,QAOA-NB,512,1,1,101513,False,12,1,wurtz_lykov_3reg_p1,0.1,126.0,12,12,0.0,0.0,127.0,1.0,True,6,2,1.0,0.24627601978457214,126.0,0.0,0,0.0,False,0.0,126.0
3-regular_n100_g10,3-regular,100,QAOA-BF,512,2,2,101514,True,12,1,wurtz_lykov_3reg_p1,0.1,126.0,11,14,4.0,2.0,129.0,3.0,True,6,2,1.3416407864998738,0.22473410561801446,127.0,1.0,8,0.015625,True,1.0,127.0
3-regular_n100_g10,3-regular,100,QAOA-NB,512,2,2,101514,False,12,1,wurtz_lykov_3reg_p1,0.1,126.0,11,14,0.0,0.0,129.0,3.0,True,6,2,1.0,0.10823810098934242,127.0,1.0,10,0.01953125,True,1.0,127.0
3-regular_n100_g10,3-regular,100,QAOA-BF,512,3,3,101515,True,12,1,wurtz_lykov_3reg_p1,0.1,126.0,11,14,4.47213595499958,2.0,129.0,3.0,True,6,3,1.3919410907075054,0.2972017046912433,128.0,2.0,9,0.017578125,True,2.0,128.0
3-regular_n100_g10,3-regular,100,QAOA-NB,512,3,3,101515,False,12,1,wurtz_lykov_3reg_p1,0.1,126.0,11,14,0.0,0.0,129.0,3.0,True,6,3,1.0,0.15241636923846386,128.0,2.0,4,0.0078125,True,2.0,128.0
3-regular_n100_g10,3-regular,100,QAOA-BF,512,4,4,101516,True,12,1,wurtz_lykov_3reg_p1,0.1,126.0,11,14,4.47213595499958,2.0,129.0,3.0,True,6,2,1.3919410907075054,0.29143550060331863,128.0,2.0,10,0.01953125,True,2.0,128.0
3-regular_n100_g10,3-regular,100,QAOA-NB,512,4,4,101516,False,12,1,wurtz_lykov_3reg_p1,0.1,126.0,11,14,0.0,0.0,129.0,3.0,True,6,2,1.0,0.19289914765349223,127.0,1.0,3,0.005859375,True,1.0,127.0
3-regular_n100_g10,3-regular,100,QAOA-BF,512,5,5,101517,True,12,1,wurtz_lykov_3reg_p1,0.1,126.0,11,14,4.0,2.0,127.0,1.0,True,6,4,1.3416407864998738,0.3224646033145783,126.0,0.0,0,0.0,False,0.0,126.0
3-regular_n100_g10,3-regular,100,QAOA-NB,512,5,5,101517,False,12,1,wurtz_lykov_3reg_p1,0.1,126.0,11,14,0.0,0.0,127.0,1.0,True,6,4,1.0,0.21422779858540472,126.0,0.0,0,0.0,False,0.0,126.0
3-regular_n100_g10,3-regular,100,QAOA-BF,512,6,6,101518,True,12,1,wurtz_lykov_3reg_p1,0.1,126.0,11,14,4.898979485566356,2.0,127.0,1.0,True,6,3,1.4348601079588785,0.32033895351049113,127.0,1.0,5,0.009765625,True,1.0,127.0
3-regular_n100_g10,3-regular,100,QAOA-NB,512,6,6,101518,False,12,1,wurtz_lykov_3reg_p1,0.1,126.0,11,14,0.0,0.0,127.0,1.0,True,6,3,1.0,0.15241636923846386,127.0,1.0,3,0.005859375,True,1.0,127.0
3-regular_n100_g10,3-regular,100,QAOA-BF,512,7,7,101519,True,12,1,wurtz_lykov_3reg_p1,0.1,126.0,11,14,2.8284271247461903,2.0,127.0,1.0,True,6,1,1.2089410496539776,0.34153392693805606,127.0,1.0,3,0.005859375,True,1.0,127.0
3-regular_n100_g10,3-regular,100,QAOA-NB,512,7,7,101519,False,12,1,wurtz_lykov_3reg_p1,0.1,126.0,11,14,0.0,0.0,127.0,1.0,True,6,1,1.0,0.30738199378850956,127.0,1.0,5,0.009765625,True,1.0,127.0
3-regular_n100_g10,3-regular,100,QAOA-BF,2048,0,0,103048,True,12,1,wurtz_lykov_3reg_p1,0.1,126.0,11,14,4.47213595499958,2.0,127.0,1.0,True,6,3,1.3919410907075054,0.3638585790227839,127.0,1.0,15,0.00732421875,True,1.0,127.0
3-regular_n100_g10,3-regular,100,QAOA-NB,2048,0,0,103048,False,12,1,wurtz_lykov_3reg_p1,0.1,126.0,11,14,0.0,0.0,127.0,1.0,True,6,3,1.0,0.21876830154728003,127.0,1.0,9,0.00439453125,True,1.0,127.0
3-regular_n100_g10,3-regular,100,QAOA-BF,2048,1,1,103049,True,12,1,wurtz_lykov_3reg_p1,0.1,126.0,11,14,4.47213595499958,2.0,128.0,2.0,True,6,2,1.3919410907075054,0.29353645892894686,128.0,2.0,21,0.01025390625,True,2.0,128.0
3-regular_n100_g10,3-regular,100,QAOA-NB,2048,1,1,103049,False,12,1,wurtz_lykov_3reg_p1,0.1,126.0,11,14,0.0,0.0,128.0,2.0,True,6,2,1.0,0.1524163692384639,128.0,2.0,22,0.0107421875,True,2.0,128.0
3-regular_n100_g10,3-regular,100,QAOA-BF,2048,2,2,103050,True,12,1,wurtz_lykov_3reg_p1,0.1,126.0,11,14,4.47213595499958,2.0,127.0,1.0,True,6,0,1.3919410907075054,0.29390215754683274,127.0,1.0,12,0.005859375,True,1.0,127.0
3-regular_n100_g10,3-regular,100,QAOA-NB,2048,2,2,103050,False,12,1,wurtz_lykov_3reg_p1,0.1,126.0,11,14,0.0,0.0,127.0,1.0,True,6,0,1.0,0.15241636923846386,127.0,1.0,8,0.00390625,True,1.0,127.0
3-regular_n100_g10,3-regular,100,QAOA-BF,2048,3,3,103051,True,12,1,wurtz_lykov_3reg_p1,0.1,126.0,11,14,3.4641016151377544,2.0,129.0,3.0,True,6,1,1.2817398889233114,0.2507119655558415,129.0,3.0,42,0.0205078125,True,3.0,129.0
3-regular_n100_g10,3-regular,100,QAOA-NB,2048,3,3,103051,False,12,1,wurtz_lykov_3reg_p1,0.1,126.0,11,14,0.0,0.0,129.0,3.0,True,6,1,1.0,0.19289914765349223,128.0,2.0,35,0.01708984375,True,2.0,128.0
3-regular_n100_g10,3-regular,100,QAOA-BF,2048,4,4,103052,True,12,1,wurtz_lykov_3reg_p1,0.1,126.0,11,14,4.898979485566356,2.0,129.0,3.0,True,6,5,1.4348601079588785,0.26396899898540255,129.0,3.0,32,0.015625,True,3.0,129.0
3-regular_n100_g10,3-regular,100,QAOA-NB,2048,4,4,103052,False,12,1,wurtz_lykov_3reg_p1,0.1,126.0,11,14,0.0,0.0,129.0,3.0,True,6,5,1.0,0.10823810098934239,129.0,3.0,11,0.00537109375,True,3.0,129.0
3-regular_n100_g10,3-regular,100,QAOA-BF,2048,5,5,103053,True,12,1,wurtz_lykov_3reg_p1,0.1,126.0,11,14,4.0,2.0,128.0,2.0,True,6,0,1.3416407864998738,0.22472526497752196,128.0,2.0,35,0.01708984375,True,2.0,128.0
3-regular_n100_g10,3-regular,100,QAOA-NB,2048,5,5,103053,False,12,1,wurtz_lykov_3reg_p1,0.1,126.0,11,14,0.0,0.0,128.0,2.0,True,6,0,1.0,0.10823810098934242,128.0,2.0,19,0.00927734375,True,2.0,128.0
3-regular_n100_g10,3-regular,100,QAOA-BF,2048,6,6,103054,True,12,1,wurtz_lykov_3reg_p1,0.1,126.0,12,12,4.242640687119285,2.0,126.0,0.0,False,6,0,1.2909944487358056,0.34456080791366894,126.0,0.0,0,0.0,False,0.0,126.0
3-regular_n100_g10,3-regular,100,QAOA-NB,2048,6,6,103054,False,12,1,wurtz_lykov_3reg_p1,0.1,126.0,12,12,0.0,0.0,126.0,0.0,False,6,0,1.0,0.15777778026771336,126.0,0.0,0,0.0,False,0.0,126.0
3-regular_n100_g10,3-regular,100,QAOA-BF,2048,7,7,103055,True,12,1,wurtz_lykov_3reg_p1,0.1,126.0,11,14,4.898979485566356,2.0,127.0,1.0,True,6,3,1.4348601079588785,0.32481748273152333,127.0,1.0,8,0.00390625,True,1.0,127.0
3-regular_n100_g10,3-regular,100,QAOA-NB,2048,7,7,103055,False,12,1,wurtz_lykov_3reg_p1,0.1,126.0,11,14,0.0,0.0,127.0,1.0,True,6,3,1.0,0.12249482871625036,127.0,1.0,9,0.00439453125,True,1.0,127.0
3-regular_n100_g11,3-regular,100,LS-only,,,,,,,,,,130.0,,,,,,,,,,,,,,,,,,130.0
3-regular_n100_g11,3-regular,100,QAOA-BF,32,0,0,101132,True,12,1,wurtz_lykov_3reg_p1,0.1,130.0,13,10,4.242640687119285,2.0,131.0,1.0,True,6,3,1.2773327473170102,0.37656474751752095,130.0,0.0,0,0.0,False,0.0,130.0
3-regular_n100_g11,3-regular,100,QAOA-NB,32,0,0,101132,False,12,1,wurtz_lykov_3reg_p1,0.1,130.0,13,10,0.0,0.0,131.0,1.0,True,6,3,1.0,0.1994555549378412,130.0,0.0,0,0.0,False,0.0,130.0
3-regular_n100_g11,3-regular,100,QAOA-BF,32,1,1,101133,True,12,1,wurtz_lykov_3reg_p1,0.1,130.0,11,14,4.898979485566356,2.0,130.0,0.0,False,6,0,1.4348601079588785,0.39790982236928757,130.0,0.0,0,0.0,False,0.0,130.0
3-regular_n100_g11,3-regular,100,QAOA-NB,32,1,1,101133,False,12,1,wurtz_lykov_3reg_p1,0.1,130.0,11,14,0.0,0.0,130.0,0.0,False,6,0,1.0,0.17604402706718542,130.0,0.0,0,0.0,False,0.0,130.0
3-regular_n100_g11,3-regular,100,QAOA-BF,32,2,2,101134,True,12,1,wurtz_lykov_3reg_p1,0.1,130.0,12,12,4.898979485566356,2.0,132.0,2.0,True,6,2,1.4142135623730951,0.2941343012692193,130.0,0.0,0,0.0,False,0.0,130.0
3-regular_n100_g11,3-regular,100,QAOA-NB,32,2,2,101134,False,12,1,wurtz_lykov_3reg_p1,0.1,130.0,12,12,0.0,0.0,132.0,2.0,True,6,2,1.0,0.09177338132315294,130.0,0.0,0,0.0,False,0.0,130.0
3-regular_n100_g11,3-regular,100,QAOA-BF,32,3,3,101135,True,12,1,wurtz_lykov_3reg_p1,0.1,130.0,12,12,4.47213595499958,2.0,131.0,1.0,True,6,0,1.3719886811400708,0.4074460851560385,130.0,0.0,0,0.0,False,0.0,130.0
3-regular_n100_g11,3-regular,100,QAOA-NB,32,3,3,101135,False,12,1,wurtz_lykov_3reg_p1,0.1,130.0,12,12,0.0,0.0,131.0,1.0,True,6,0,1.0,0.23019681036358822,130.0,0.0,0,0.0,False,0.0,130.0
3-regular_n100_g11,3-regular,100,QAOA-BF,32,4,4,101136,True,12,1,wurtz_lykov_3reg_p1,0.1,130.0,13,10,3.7416573867739413,2.0,131.0,1.0,True,6,2,1.224744871391589,0.34853924346397414,130.0,0.0,0,0.0,False,0.0,130.0
3-regular_n100_g11,3-regular,100,QAOA-NB,32,4,4,101136,False,12,1,wurtz_lykov_3reg_p1,0.1,130.0,13,10,0.0,0.0,131.0,1.0,True,6,2,1.0,0.1994555549378412,130.0,0.0,0,0.0,False,0.0,130.0
3-regular_n100_g11,3-regular,100,QAOA-BF,32,5,5,101137,True,12,1,wurtz_lykov_3reg_p1,0.1,130.0,12,12,4.898979485566356,2.0,132.0,2.0,True,6,2,1.4142135623730951,0.29413430126921913,130.0,0.0,0,0.0,False,0.0,130.0
3-regular_n100_g11,3-regular,100,QAOA-NB,32,5,5,101137,False,12,1,wurtz_lykov_3reg_p1,0.1,130.0,12,12,0.0,0.0,132.0,2.0,True,6,2,1.0,0.09177338132315294,130.0,0.0,0,0.0,False,0.0,130.0
3-regular_n100_g11,3-regular,100,QAOA-BF,32,6,6,101138,True,12,1,wurtz_lykov_3reg_p1,0.1,130.0,11,14,5.291502622129181,2.0,130.0,0.0,False,6,0,1.4719601443879744,0.4355523174044297,130.0,0.0,0,0.0,False,0.0,130.0
3-regular_n100_g11,3-regular,100,QAOA-NB,32,6,6,101138,False,12,1,wurtz_lykov_3reg_p1,0.1,130.0,11,14,0.0,0.0,130.0,0.0,False,6,0,1.0,0.17604402706718542,130.0,0.0,0,0.0,False,0.0,130.0
3-regular_n100_g11,3-regular,100,QAOA-BF,32,7,7,101139,True,12,1,wurtz_lykov_3reg_p1,0.1,130.0,13,10,4.0,2.0,131.0,1.0,True,6,2,1.3060943124220303,0.3269141812598098,130.0,0.0,0,0.0,False,0.0,130.0
3-regular_n100_g11,3-regular,100,QAOA-NB,32,7,7,101139,False,12,1,wurtz_lykov_3reg_p1,0.1,130.0,13,10,0.0,0.0,131.0,1.0,True,6,2,1.0,0.21460557355895143,130.0,0.0,0,0.0,False,0.0,130.0
3-regular_n100_g11,3-regular,100,QAOA-BF,128,0,0,101228,True,12,1,wurtz_lykov_3reg_p1,0.1,130.0,12,12,4.47213595499958,2.0,131.0,1.0,True,6,5,1.3719886811400708,0.3273725651352832,131.0,1.0,1,0.0078125,True,1.0,131.0
3-regular_n100_g11,3-regular,100,QAOA-NB,128,0,0,101228,False,12,1,wurtz_lykov_3reg_p1,0.1,130.0,12,12,0.0,0.0,131.0,1.0,True,6,5,1.0,0.20340504059379252,131.0,1.0,1,0.0078125,True,1.0,131.0
3-regular_n100_g11,3-regular,100,QAOA-BF,128,1,1,101229,True,12,1,wurtz_lykov_3reg_p1,0.1,130.0,12,12,3.7416573867739413,2.0,132.0,2.0,True,6,5,1.2366938848016846,0.34225168994708705,130.0,0.0,0,0.0,False,0.0,130.0
3-regular_n100_g11,3-regular,100,QAOA-NB,128,1,1,101229,False,12,1,wurtz_lykov_3reg_p1,0.1,130.0,12,12,0.0,0.0,132.0,2.0,True,6,5,1.0,0.24824228118396666,130.0,0.0,0,0.0,False,0.0,130.0
3-regular_n100_g11,3-regular,100,QAOA-BF,128,2,2,101230,True,12,1,wurtz_lykov_3reg_p1,0.1,130.0,11,14,4.47213595499958,2.0,130.0,0.0,False,6,0,1.3919410907075054,0.4353610992401918,130.0,0.0,0,0.0,False,0.0,130.0
3-regular_n100_g11,3-regular,100,QAOA-NB,128,2,2,101230,False,12,1,wurtz_lykov_3reg_p1,0.1,130.0,11,14,0.0,0.0,130.0,0.0,False,6,0,1.0,0.3018724157119837,130.0,0.0,0,0.0,False,0.0,130.0
3-regular_n100_g11,3-regular,100,QAOA-BF,128,3,3,101231,True,12,1,wurtz_lykov_3reg_p1,0.1,130.0,11,14,4.0,2.0,130.0,0.0,False,6,0,1.3416407864998738,0.32821819392983137,130.0,0.0,0,0.0,False,0.0,130.0
3-regular_n100_g11,3-regular,100,QAOA-NB,128,3,3,101231,False,12,1,wurtz_lykov_3reg_p1,0.1,130.0,11,14,0.0,0.0,130.0,0.0,False,6,0,1.0,0.17604402706718542,130.0,0.0,0,0.0,False,0.0,130.0
3-regular_n100_g11,3-regular,100,QAOA-BF,128,4,4,101232,True,12,1,wurtz_lykov_3reg_p1,0.1,130.0,13,10,4.242640687119285,2.0,131.0,1.0,True,6,1,1.2773327473170102,0.376537152185766,130.0,0.0,0,0.0,False,0.0,130.0
3-regular_n100_g11,3-regular,100,QAOA-NB,128,4,4,101232,False,12,1,wurtz_lykov_3reg_p1,0.1,130.0,13,10,0.0,0.0,131.0,1.0,True,6,1,1.0,0.19900831054539408,130.0,0.0,0,0.0,False,0.0,130.0
3-regular_n100_g11,3-regular,100,QAOA-BF,128,5,5,101233,True,12,1,wurtz_lykov_3reg_p1,0.1,130.0,13,10,4.0,2.0,130.0,0.0,False,6,0,1.2041594578792296,0.4365361425039991,130.0,0.0,0,0.0,False,0.0,130.0
3-regular_n100_g11,3-regular,100,QAOA-NB,128,5,5,101233,False,12,1,wurtz_lykov_3reg_p1,0.1,130.0,13,10,0.0,0.0,130.0,0.0,False,6,0,1.0,0.22197775315764195,130.0,0.0,0,0.0,False,0.0,130.0
3-regular_n100_g11,3-regular,100,QAOA-BF,128,6,6,101234,True,12,1,wurtz_lykov_3reg_p1,0.1,130.0,12,12,4.47213595499958,2.0,131.0,1.0,True,6,0,1.3719886811400708,0.4074460851560385,130.0,0.0,0,0.0,False,0.0,130.0
3-regular_n100_g11,3-regular,100,QAOA-NB,128,6,6,101234,False,12,1,wurtz_lykov_3reg_p1,0.1,130.0,12,12,0.0,0.0,131.0,1.0,True,6,0,1.0,0.2301968103635881,131.0,1.0,2,0.015625,True,1.0,131.0
3-regular_n100_g11,3-regular,100,QAOA-BF,128,7,7,101235,True,12,1,wurtz_lykov_3reg_p1,0.1,130.0,13,10,3.7416573867739413,2.0,131.0,1.0,True,6,4,1.224744871391589,0.34853924346397414,130.0,0.0,0,0.0,False,0.0,130.0
3-regular_n100_g11,3-regular,100,QAOA-NB,128,7,7,101235,False,12,1,wurtz_lykov_3reg_p1,0.1,130.0,13,10,0.0,0.0,131.0,1.0,True,6,4,1.0,0.1994555549378413,130.0,0.0,0,0.0,False,0.0,130.0
3-regular_n100_g11,3-regular,100,QAOA-BF,512,0,0,101612,True,12,1,wurtz_lykov_3reg_p1,0.1,130.0,12,12,4.242640687119285,2.0,130.0,0.0,False,6,0,1.2909944487358056,0.5166763531494434,130.0,0.0,0,0.0,False,0.0,130.0
3-regular_n100_g11,3-regular,100,QAOA-NB,512,0,0,101612,False,12,1,wurtz_lykov_3reg_p1,0.1,130.0,12,12,0.0,0.0,130.0,0.0,False,6,0,1.0,0.34809806760615625,130.0,0.0,0,0.0,False,0.0,130.0
3-regular_n100_g11,3-regular,100,QAOA-BF,512,1,1,101613,True,12,1,wurtz_lykov_3reg_p1,0.1,130.0,12,12,3.4641016151377544,2.0,132.0,2.0,True,6,0,1.2649110640673518,0.27840913729998373,131.0,1.0,4,0.0078125,True,1.0,131.0
3-regular_n100_g11,3-regular,100,QAOA-NB,512,1,1,101613,False,12,1,wurtz_lykov_3reg_p1,0.1,130.0,12,12,0.0,0.0,132.0,2.0,True,6,0,1.0,0.16386612792035302,130.0,0.0,0,0.0,False,0.0,130.0
3-regular_n100_g11,3-regular,100,QAOA-BF,512,2,2,101614,True,12,1,wurtz_lykov_3reg_p1,0.1,130.0,11,14,4.0,2.0,130.0,0.0,False,6,0,1.3416407864998738,0.39225818806282586,130.0,0.0,0,0.0,False,0.0,130.0
3-regular_n100_g11,3-regular,100,QAOA-NB,512,2,2,101614,False,12,1,wurtz_lykov_3reg_p1,0.1,130.0,11,14,0.0,0.0,130.0,0.0,False,6,0,1.0,0.3145145951776185,130.0,0.0,0,0.0,False,0.0,130.0
3-regular_n100_g11,3-regular,100,QAOA-BF,512,3,3,101615,True,12,1,wurtz_lykov_3reg_p1,0.1,130.0,12,12,2.8284271247461903,2.0,132.0,2.0,True,6,4,1.1952286093343936,0.30869635898665204,131.0,1.0,2,0.00390625,True,1.0,131.0
3-regular_n100_g11,3-regular,100,QAOA-NB,512,3,3,101615,False,12,1,wurtz_lykov_3reg_p1,0.1,130.0,12,12,0.0,0.0,132.0,2.0,True,6,4,1.0,0.2926501937825639,131.0,1.0,4,0.0078125,True,1.0,131.0
3-regular_n100_g11,3-regular,100,QAOA-BF,512,4,4,101616,True,12,1,wurtz_lykov_3reg_p1,0.1,130.0,12,12,4.47213595499958,2.0,132.0,2.0,True,6,3,1.3719886811400708,0.3241493037672663,130.0,0.0,0,0.0,False,0.0,130.0
3-regular_n100_g11,3-regular,100,QAOA-NB,512,4,4,101616,False,12,1,wurtz_lykov_3reg_p1,0.1,130.0,12,12,0.0,0.0,132.0,2.0,True,6,3,1.0,0.16386612792035302,130.0,0.0,0,0.0,False,0.0,130.0
3-regular_n100_g11,3-regular,100,QAOA-BF,512,5,5,101617,True,12,1,wurtz_lykov_3reg_p1,0.1,130.0,11,14,4.47213595499958,2.0,130.0,0.0,False,6,0,1.3919410907075054,0.3596387958192284,130.0,0.0,0,0.0,False,0.0,130.0
3-regular_n100_g11,3-regular,100,QAOA-NB,512,5,5,101617,False,12,1,wurtz_lykov_3reg_p1,0.1,130.0,11,14,0.0,0.0,130.0,0.0,False,6,0,1.0,0.21876830154728003,130.0,0.0,0,0.0,False,0.0,130.0
3-regular_n100_g11,3-regular,100,QAOA-BF,512,6,6,101618,True,12,1,wurtz_lykov_3reg_p1,0.1,130.0,12,12,4.47213595499958,2.0,131.0,1.0,True,6,4,1.3719886811400708,0.40744608515603864,131.0,1.0,6,0.01171875,True,1.0,131.0
3-regular_n100_g11,3-regular,100,QAOA-NB,512,6,6,101618,False,12,1,wurtz_lykov_3reg_p1,0.1,130.0,12,12,0.0,0.0,131.0,1.0,True,6,4,1.0,0.2301968103635881,131.0,1.0,3,0.005859375,True,1.0,131.0
3-regular_n100_g11,3-regular,100,QAOA-BF,512,7,7,101619,True,12,1,wurtz_lykov_3reg_p1,0.1,130.0,13,10,4.0,2.0,130.0,0.0,False,6,0,1.2041594578792296,0.43653614250399925,130.0,0.0,0,0.0,False,0.0,130.0
3-regular_n100_g11,3-regular,100,QAOA-NB,512,7,7,101619,False,12,1,wurtz_lykov_3reg_p1,0.1,130.0,13,10,0.0,0.0,130.0,0.0,False,6,0,1.0,0.22197775315764207,130.0,0.0,0,0.0,False,0.0,130.0
3-regular_n100_g11,3-regular,100,QAOA-BF,2048,0,0,103148,True,12,1,wurtz_lykov_3reg_p1,0.1,130.0,12,12,4.47213595499958,2.0,131.0,1.0,True,6,3,1.3719886811400708,0.40744608515603864,131.0,1.0,16,0.0078125,True,1.0,131.0
3-regular_n100_g11,3-regular,100,QAOA-NB,2048,0,0,103148,False,12,1,wurtz_lykov_3reg_p1,0.1,130.0,12,12,0.0,0.0,131.0,1.0,True,6,3,1.0,0.2301968103635881,131.0,1.0,9,0.00439453125,True,1.0,131.0
3-regular_n100_g11,3-regular,100,QAOA-BF,2048,1,1,103149,True,12,1,wurtz_lykov_3reg_p1,0.1,130.0,12,12,4.47213595499958,2.0,132.0,2.0,True,6,1,1.3719886811400708,0.3241493037672663,131.0,1.0,1,0.00048828125,True,1.0,131.0
3-regular_n100_g11,3-regular,100,QAOA-NB,2048,1,1,103149,False,12,1,wurtz_lykov_3reg_p1,0.1,130.0,12,12,0.0,0.0,132.0,2.0,True,6,1,1.0,0.16386612792035302,130.0,0.0,0,0.0,False,0.0,130.0
3-regular_n100_g11,3-regular,100,QAOA-BF,2048,2,2,103150,True,12,1,wurtz_lykov_3reg_p1,0.1,130.0,12,12,3.7416573867739413,2.0,131.0,1.0,True,6,2,1.2366938848016846,0.3692365791791831,130.0,0.0,0,0.0,False,0.0,130.0
3-regular_n100_g11,3-regular,100,QAOA-NB,2048,2,2,103150,False,12,1,wurtz_lykov_3reg_p1,0.1,130.0,12,12,0.0,0.0,131.0,1.0,True,6,2,1.0,0.29625036775779395,130.0,0.0,0,0.0,False,0.0,130.0
3-regular_n100_g11,3-regular,100,QAOA-BF,2048,3,3,103151,True,12,1,wurtz_lykov_3reg_p1,0.1,130.0,12,12,3.7416573867739413,2.0,131.0,1.0,True,6,2,1.2366938848016846,0.3358575731596492,131.0,1.0,2,0.0009765625,True,1.0,131.0
3-regular_n100_g11,3-regular,100,QAOA-NB,2048,3,3,103151,False,12,1,wurtz_lykov_3reg_p1,0.1,130.0,12,12,0.0,0.0,131.0,1.0,True,6,2,1.0,0.24615623415344448,130.0,0.0,0,0.0,False,0.0,130.0
3-regular_n100_g11,3-regular,100,QAOA-BF,2048,4,4,103152,True,12,1,wurtz_lykov_3reg_p1,0.1,130.0,12,12,4.69041575982343,2.0,131.0,1.0,True,6,0,1.3377121081198773,0.4084521670995551,131.0,1.0,1,0.00048828125,True,1.0,131.0
3-regular_n100_g11,3-regular,100,QAOA-NB,2048,4,4,103152,False,12,1,wurtz_lykov_3reg_p1,0.1,130.0,12,12,0.0,0.0,131.0,1.0,True,6,0,1.0,0.2451258498443273,130.0,0.0,0,0.0,False,0.0,130.0
3-regular_n100_g11,3-regular,100,QAOA-BF,2048,5,5,103153,True,12,1,wurtz_lykov_3reg_p1,0.1,130.0,13,10,3.1622776601683795,2.0,131.0,1.0,True,6,3,1.1631599960755994,0.36256927615504403,131.0,1.0,1,0.00048828125,True,1.0,131.0
3-regular_n100_g11,3-regular,100,QAOA-NB,2048,5,5,103153,False,12,1,wurtz_lykov_3reg_p1,0.1,130.0,13,10,0.0,0.0,131.0,1.0,True,6,3,1.0,0.38479664407066716,130.0,0.0,0,0.0,False,0.0,130.0
3-regular_n100_g11,3-regular,100,QAOA-BF,2048,6,6,103154,True,12,1,wurtz_lykov_3reg_p1,0.1,130.0,11,14,4.0,2.0,130.0,0.0,False,6,0,1.3416407864998738,0.40001829731571753,130.0,0.0,0,0.0,False,0.0,130.0
3-regular_n100_g11,3-regular,100,QAOA-NB,2048,6,6,103154,False,12,1,wurtz_lykov_3reg_p1,0.1,130.0,11,14,0.0,0.0,130.0,0.0,False,6,0,1.0,0.2529047219308405,130.0,0.0,0,0.0,False,0.0,130.0
3-regular_n100_g11,3-regular,100,QAOA-BF,2048,7,7,103155,True,12,1,wurtz_lykov_3reg_p1,0.1,130.0,13,10,4.242640687119285,2.0,131.0,1.0,True,6,2,1.2773327473170102,0.37103145414777994,131.0,1.0,2,0.0009765625,True,1.0,131.0
3-regular_n100_g11,3-regular,100,QAOA-NB,2048,7,7,103155,False,12,1,wurtz_lykov_3reg_p1,0.1,130.0,13,10,0.0,0.0,131.0,1.0,True,6,2,1.0,0.2252639699899659,130.0,0.0,0,0.0,False,0.0,130.0
3-regular_n100_g12,3-regular,100,LS-only,,,,,,,,,,128.0,,,,,,,,,,,,,,,,,,128.0
3-regular_n100_g12,3-regular,100,QAOA-BF,32,0,0,101232,True,12,1,wurtz_lykov_3reg_p1,0.1,128.0,11,14,3.4641016151377544,2.0,130.0,2.0,True,6,0,1.2817398889233114,0.2534899094449854,129.0,1.0,4,0.125,True,1.0,129.0
3-regular_n100_g12,3-regular,100,QAOA-NB,32,0,0,101232,False,12,1,wurtz_lykov_3reg_p1,0.1,128.0,11,14,0.0,0.0,130.0,2.0,True,6,0,1.0,0.15211176553515351,128.0,0.0,0,0.0,False,0.0,128.0
3-regular_n100_g12,3-regular,100,QAOA-BF,32,1,1,101233,True,12,1,wurtz_lykov_3reg_p1,0.1,128.0,11,14,4.0,2.0,130.0,2.0,True,6,3,1.3416407864998738,0.3318768538176645,128.0,0.0,0,0.0,False,0.0,128.0
3-regular_n100_g12,3-regular,100,QAOA-NB,32,1,1,101233,False,12,1,wurtz_lykov_3reg_p1,0.1,128.0,11,14,0.0,0.0,130.0,2.0,True,6,3,1.0,0.21422779858540472,128.0,0.0,0,0.0,False,0.0,128.0
3-regular_n100_g12,3-regular,100,QAOA-BF,32,2,2,101234,True,12,1,wurtz_lykov_3reg_p1,0.1,128.0,11,14,3.4641016151377544,2.0,131.0,3.0,True,6,3,1.2817398889233114,0.2507119655558415,129.0,1.0,1,0.03125,True,1.0,129.0
3-regular_n100_g12,3-regular,100,QAOA-NB,32,2,2,101234,False,12,1,wurtz_lykov_3reg_p1,0.1,128.0,11,14,0.0,0.0,131.0,3.0,True,6,3,1.0,0.19289914765349228,128.0,0.0,0,0.0,False,0.0,128.0
3-regular_n100_g12,3-regular,100,QAOA-BF,32,3,3,101235,True,12,1,wurtz_lykov_3reg_p1,0.1,128.0,12,12,3.7416573867739413,2.0,129.0,1.0,True,6,0,1.2366938848016846,0.34190796347002633,128.0,0.0,0,0.0,False,0.0,128.0
3-regular_n100_g12,3-regular,100,QAOA-NB,32,3,3,101235,False,12,1,wurtz_lykov_3reg_p1,0.1,128.0,12,12,0.0,0.0,129.0,1.0,True,6,0,1.0,0.24903687603748448,128.0,0.0,0,0.0,False,0.0,128.0
3-regular_n100_g12,3-regular,100,QAOA-BF,32,4,4,101236,True,12,1,wurtz_lykov_3reg_p1,0.1,128.0,11,14,4.47213595499958,2.0,130.0,2.0,True,6,5,1.3919410907075054,0.24277231524022144,128.0,0.0,0,0.0,False,0.0,128.0
3-regular_n100_g12,3-regular,100,QAOA-NB,32,4,4,101236,False,12,1,wurtz_lykov_3reg_p1,0.1,128.0,11,14,0.0,0.0,130.0,2.0,True,6,5,1.0,0.10823810098934242,128.0,0.0,0,0.0,False,0.0,128.0
3-regular_n100_g12,3-regular,100,QAOA-BF,32,5,5,101237,True,12,1,wurtz_lykov_3reg_p1,0.1,128.0,12,12,3.1622776601683795,2.0,130.0,2.0,True,6,1,1.1726039399558574,0.3169789416432038,128.0,0.0,0,0.0,False,0.0,128.0
3-regular_n100_g12,3-regular,100,QAOA-NB,32,5,5,101237,False,12,1,wurtz_lykov_3reg_p1,0.1,128.0,12,12,0.0,0.0,130.0,2.0,True,6,1,1.0,0.19837424651267394,128.0,0.0,0,0.0,False,0.0,128.0
3-regular_n100_g12,3-regular,100,QAOA-BF,32,6,6,101238,True,12,1,wurtz_lykov_3reg_p1,0.1,128.0,12,12,3.7416573867739413,2.0,129.0,1.0,True,6,5,1.2366938848016846,0.3428608161011501,128.0,0.0,0,0.0,False,0.0,128.0
3-regular_n100_g12,3-regular,100,QAOA-NB,32,6,6,101238,False,12,1,wurtz_lykov_3reg_p1,0.1,128.0,12,12,0.0,0.0,129.0,1.0,True,6,5,1.0,0.2748353568323271,128.0,0.0,0,0.0,False,0.0,128.0
3-regular_n100_g12,3-regular,100,QAOA-BF,32,7,7,101239,True,12,1,wurtz_lykov_3reg_p1,0.1,128.0,11,14,3.4641016151377544,2.0,129.0,1.0,True,6,0,1.2817398889233114,0.3692039411329483,129.0,1.0,1,0.03125,True,1.0,129.0
3-regular_n100_g12,3-regular,100,QAOA-NB,32,7,7,101239,False,12,1,wurtz_lykov_3reg_p1,0.1,128.0,11,14,0.0,0.0,129.0,1.0,True,6,0,1.0,0.3145145951776186,128.0,0.0,0,0.0,False,0.0,128.0
3-regular_n100_g12,3-regular,100,QAOA-BF,128,0,0,101328,True,12,1,wurtz_lykov_3reg_p1,0.1,128.0,11,14,4.47213595499958,2.0,129.0,1.0,True,6,0,1.3919410907075054,0.4443570060363934,129.0,1.0,1,0.0078125,True,1.0,129.0
3-regular_n100_g12,3-regular,100,QAOA-NB,128,0,0,101328,False,12,1,wurtz_lykov_3reg_p1,0.1,128.0,11,14,0.0,0.0,129.0,1.0,True,6,0,1.0,0.3145145951776185,128.0,0.0,0,0.0,False,0.0,128.0
3-regular_n100_g12,3-regular,100,QAOA-BF,128,1,1,101329,True,12,1,wurtz_lykov_3reg_p1,0.1,128.0,12,12,4.242640687119285,2.0,130.0,2.0,True,6,3,1.2909944487358056,0.3435898362327966,130.0,2.0,2,0.015625,True,2.0,130.0
3-regular_n100_g12,3-regular,100,QAOA-NB,128,1,1,101329,False,12,1,wurtz_lykov_3reg_p1,0.1,128.0,12,12,0.0,0.0,130.0,2.0,True,6,3,1.0,0.218906497599428,128.0,0.0,0,0.0,False,0.0,128.0
3-regular_n100_g12,3-regular,100,QAOA-BF,128,2,2,101330,True,12,1,wurtz_lykov_3reg_p1,0.1,128.0,11,14,4.47213595499958,2.0,130.0,2.0,True,6,4,1.3919410907075054,0.24277231524022144,129.0,1.0,1,0.0078125,True,1.0,129.0
3-regular_n100_g12,3-regular,100,QAOA-NB,128,2,2,101330,False,12,1,wurtz_lykov_3reg_p1,0.1,128.0,11,14,0.0,0.0,130.0,2.0,True,6,4,1.0,0.10823810098934239,129.0,1.0,1,0.0078125,True,1.0,129.0
3-regular_n100_g12,3-regular,100,QAOA-BF,128,3,3,101331,True,12,1,wurtz_lykov_3reg_p1,0.1,128.0,12,12,3.1622776601683795,2.0,130.0,2.0,True,6,5,1.1726039399558574,0.29909294794580815,128.0,0.0,0,0.0,False,0.0,128.0
3-regular_n100_g12,3-regular,100,QAOA-NB,128,3,3,101331,False,12,1,wurtz_lykov_3reg_p1,0.1,128.0,12,12,0.0,0.0,130.0,2.0,True,6,5,1.0,0.19387144306091542,128.0,0.0,0,0.0,False,0.0,128.0
3-regular_n100_g12,3-regular,100,QAOA-BF,128,4,4,101332,True,12,1,wurtz_lykov_3reg_p1,0.1,128.0,12,12,3.7416573867739413,2.0,130.0,2.0,True,6,0,1.2366938848016846,0.31741237600426936,129.0,1.0,3,0.0234375,True,1.0,129.0
3-regular_n100_g12,3-regular,100,QAOA-NB,128,4,4,101332,False,12,1,wurtz_lykov_3reg_p1,0.1,128.0,12,12,0.0,0.0,130.0,2.0,True,6,0,1.0,0.19088525586286575,128.0,0.0,0,0.0,False,0.0,128.0
3-regular_n100_g12,3-regular,100,QAOA-BF,128,5,5,101333,True,12,1,wurtz_lykov_3reg_p1,0.1,128.0,11,14,4.0,2.0,128.0,0.0,False,6,0,1.3416407864998738,0.49477503283736407,128.0,0.0,0,0.0,False,0.0,128.0
3-regular_n100_g12,3-regular,100,QAOA-NB,128,5,5,101333,False,12,1,wurtz_lykov_3reg_p1,0.1,128.0,11,14,0.0,0.0,128.0,0.0,False,6,0,1.0,0.36386562008926066,128.0,0.0,0,0.0,False,0.0,128.0
3-regular_n100_g12,3-regular,100,QAOA-BF,128,6,6,101334,True,12,1,wurtz_lykov_3reg_p1,0.1,128.0,12,12,3.7416573867739413,2.0,128.0,0.0,False,6,0,1.2366938848016846,0.47619273179995897,128.0,0.0,0,0.0,False,0.0,128.0
3-regular_n100_g12,3-regular,100,QAOA-NB,128,6,6,101334,False,12,1,wurtz_lykov_3reg_p1,0.1,128.0,12,12,0.0,0.0,128.0,0.0,False,6,0,1.0,0.27779070683652235,128.0,0.0,0,0.0,False,0.0,128.0
3-regular_n100_g12,3-regular,100,QAOA-BF,128,7,7,101335,True,12,1,wurtz_lykov_3reg_p1,0.1,128.0,12,12,4.242640687119285,2.0,129.0,1.0,True,6,0,1.2909944487358056,0.348252243468497,129.0,1.0,1,0.0078125,True,1.0,129.0
3-regular_n100_g12,3-regular,100,QAOA-NB,128,7,7,101335,False,12,1,wurtz_lykov_3reg_p1,0.1,128.0,12,12,0.0,0.0,129.0,1.0,True,6,0,1.0,0.19088525586286573,129.0,1.0,2,0.015625,True,1.0,129.0
3-regular_n100_g12,3-regular,100,QAOA-BF,512,0,0,101712,True,12,1,wurtz_lykov_3reg_p1,0.1,128.0,11,14,4.47213595499958,2.0,130.0,2.0,True,6,2,1.3919410907075054,0.2933415823659996,130.0,2.0,10,0.01953125,True,2.0,130.0
3-regular_n100_g12,3-regular,100,QAOA-NB,512,0,0,101712,False,12,1,wurtz_lykov_3reg_p1,0.1,128.0,11,14,0.0,0.0,130.0,2.0,True,6,2,1.0,0.15241636923846377,129.0,1.0,3,0.005859375,True,1.0,129.0
3-regular_n100_g12,3-regular,100,QAOA-BF,512,1,1,101713,True,12,1,wurtz_lykov_3reg_p1,0.1,128.0,12,12,4.0,2.0,130.0,2.0,True,6,5,1.3228756555322954,0.30725970942930975,130.0,2.0,8,0.015625,True,2.0,130.0
3-regular_n100_g12,3-regular,100,QAOA-NB,512,1,1,101713,False,12,1,wurtz_lykov_3reg_p1,0.1,128.0,12,12,0.0,0.0,130.0,2.0,True,6,5,1.0,0.1638451877649099,130.0,2.0,3,0.005859375,True,2.0,130.0
3-regular_n100_g12,3-regular,100,QAOA-BF,512,2,2,101714,True,12,1,wurtz_lykov_3reg_p1,0.1,128.0,11,14,4.47213595499958,2.0,130.0,2.0,True,6,5,1.3919410907075054,0.2427723152402214,130.0,2.0,7,0.013671875,True,2.0,130.0
3-regular_n100_g12,3-regular,100,QAOA-NB,512,2,2,101714,False,12,1,wurtz_lykov_3reg_p1,0.1,128.0,11,14,0.0,0.0,130.0,2.0,True,6,5,1.0,0.10823810098934239,129.0,1.0,7,0.013671875,True,1.0,129.0
3-regular_n100_g12,3-regular,100,QAOA-BF,512,3,3,101715,True,12,1,wurtz_lykov_3reg_p1,0.1,128.0,11,14,3.4641016151377544,2.0,131.0,3.0,True,6,0,1.2817398889233114,0.2507119655558415,130.0,2.0,13,0.025390625,True,2.0,130.0
3-regular_n100_g12,3-regular,100,QAOA-NB,512,3,3,101715,False,12,1,wurtz_lykov_3reg_p1,0.1,128.0,11,14,0.0,0.0,131.0,3.0,True,6,0,1.0,0.19289914765349228,130.0,2.0,17,0.033203125,True,2.0,130.0
3-regular_n100_g12,3-regular,100,QAOA-BF,512,4,4,101716,True,12,1,wurtz_lykov_3reg_p1,0.1,128.0,11,14,3.4641016151377544,2.0,131.0,3.0,True,6,4,1.2817398889233114,0.2507119655558415,130.0,2.0,10,0.01953125,True,2.0,130.0
3-regular_n100_g12,3-regular,100,QAOA-NB,512,4,4,101716,False,12,1,wurtz_lykov_3reg_p1,0.1,128.0,11,14,0.0,0.0,131.0,3.0,True,6,4,1.0,0.19289914765349228,131.0,3.0,8,0.015625,True,3.0,131.0
3-regular_n100_g12,3-regular,100,QAOA-BF,512,5,5,101717,True,12,1,wurtz_lykov_3reg_p1,0.1,128.0,11,14,4.0,2.0,130.0,2.0,True,6,1,1.3416407864998738,0.3318768538176645,130.0,2.0,7,0.013671875,True,2.0,130.0
3-regular_n100_g12,3-regular,100,QAOA-NB,512,5,5,101717,False,12,1,wurtz_lykov_3reg_p1,0.1,128.0,11,14,0.0,0.0,130.0,2.0,True,6,1,1.0,0.21422779858540478,130.0,2.0,5,0.009765625,True,2.0,130.0
3-regular_n100_g12,3-regular,100,QAOA-BF,512,6,6,101718,True,12,1,wurtz_lykov_3reg_p1,0.1,128.0,12,12,3.1622776601683795,2.0,130.0,2.0,True,6,5,1.1726039399558574,0.2945211465410767,130.0,2.0,10,0.01953125,True,2.0,130.0
3-regular_n100_g12,3-regular,100,QAOA-NB,512,6,6,101718,False,12,1,wurtz_lykov_3reg_p1,0.1,128.0,12,12,0.0,0.0,130.0,2.0,True,6,5,1.0,0.24191304647630574,129.0,1.0,9,0.017578125,True,1.0,129.0
3-regular_n100_g12,3-regular,100,QAOA-BF,512,7,7,101719,True,12,1,wurtz_lykov_3reg_p1,0.1,128.0,11,14,4.898979485566356,2.0,131.0,3.0,True,6,3,1.4348601079588785,0.2639583519274304,130.0,2.0,7,0.013671875,True,2.0,130.0
3-regular_n100_g12,3-regular,100,QAOA-NB,512,7,7,101719,False,12,1,wurtz_lykov_3reg_p1,0.1,128.0,11,14,0.0,0.0,131.0,3.0,True,6,3,1.0,0.10823810098934242,130.0,2.0,5,0.009765625,True,2.0,130.0
3-regular_n100_g12,3-regular,100,QAOA-BF,2048,0,0,103248,True,12,1,wurtz_lykov_3reg_p1,0.1,128.0,12,12,4.242640687119285,2.0,130.0,2.0,True,6,2,1.2909944487358056,0.3435898362327967,130.0,2.0,33,0.01611328125,True,2.0,130.0
3-regular_n100_g12,3-regular,100,QAOA-NB,2048,0,0,103248,False,12,1,wurtz_lykov_3reg_p1,0.1,128.0,12,12,0.0,0.0,130.0,2.0,True,6,2,1.0,0.218906497599428,130.0,2.0,20,0.009765625,True,2.0,130.0
3-regular_n100_g12,3-regular,100,QAOA-BF,2048,1,1,103249,True,12,1,wurtz_lykov_3reg_p1,0.1,128.0,12,12,3.1622776601683795,2.0,130.0,2.0,True,6,4,1.1726039399558574,0.3408999148151676,128.0,0.0,0,0.0,False,0.0,128.0
3-regular_n100_g12,3-regular,100,QAOA-NB,2048,1,1,103249,False,12,1,wurtz_lykov_3reg_p1,0.1,128.0,12,12,0.0,0.0,130.0,2.0,True,6,4,1.0,0.2867644773597134,128.0,0.0,0,0.0,False,0.0,128.0
3-regular_n100_g12,3-regular,100,QAOA-BF,2048,2,2,103250,True,12,1,wurtz_lykov_3reg_p1,0.1,128.0,11,14,4.47213595499958,2.0,129.0,1.0,True,6,1,1.3919410907075054,0.3481832292526885,129.0,1.0,2,0.0009765625,True,1.0,129.0
3-regular_n100_g12,3-regular,100,QAOA-NB,2048,2,2,103250,False,12,1,wurtz_lykov_3reg_p1,0.1,128.0,11,14,0.0,0.0,129.0,1.0,True,6,1,1.0,0.2716069211628067,129.0,1.0,1,0.00048828125,True,1.0,129.0
3-regular_n100_g12,3-regular,100,QAOA-BF,2048,3,3,103251,True,12,1,wurtz_lykov_3reg_p1,0.1,128.0,12,12,3.7416573867739413,2.0,130.0,2.0,True,6,1,1.2366938848016846,0.31397302770936475,130.0,2.0,24,0.01171875,True,2.0,130.0
3-regular_n100_g12,3-regular,100,QAOA-NB,2048,3,3,103251,False,12,1,wurtz_lykov_3reg_p1,0.1,128.0,12,12,0.0,0.0,130.0,2.0,True,6,1,1.0,0.2415856206229147,130.0,2.0,19,0.00927734375,True,2.0,130.0
3-regular_n100_g12,3-regular,100,QAOA-BF,2048,4,4,103252,True,12,1,wurtz_lykov_3reg_p1,0.1,128.0,12,12,3.7416573867739413,2.0,128.0,0.0,False,6,0,1.2366938848016846,0.5868461612992932,128.0,0.0,0,0.0,False,0.0,128.0
3-regular_n100_g12,3-regular,100,QAOA-NB,2048,4,4,103252,False,12,1,wurtz_lykov_3reg_p1,0.1,128.0,12,12,0.0,0.0,128.0,0.0,False,6,0,1.0,0.42299669646094595,128.0,0.0,0,0.0,False,0.0,128.0
3-regular_n100_g12,3-regular,100,QAOA-BF,2048,5,5,103253,True,12,1,wurtz_lykov_3reg_p1,0.1,128.0,12,12,4.242640687119285,2.0,130.0,2.0,True,6,2,1.2909944487358056,0.3437575661969845,130.0,2.0,31,0.01513671875,True,2.0,130.0
3-regular_n100_g12,3-regular,100,QAOA-NB,2048,5,5,103253,False,12,1,wurtz_lykov_3reg_p1,0.1,128.0,12,12,0.0,0.0,130.0,2.0,True,6,2,1.0,0.218906497599428,130.0,2.0,16,0.0078125,True,2.0,130.0
3-regular_n100_g12,3-regular,100,QAOA-BF,2048,6,6,103254,True,12,1,wurtz_lykov_3reg_p1,0.1,128.0,11,14,4.47213595499958,2.0,129.0,1.0,True,6,4,1.3919410907075054,0.3550500748050674,129.0,1.0,2,0.0009765625,True,1.0,129.0
3-regular_n100_g12,3-regular,100,QAOA-NB,2048,6,6,103254,False,12,1,wurtz_lykov_3reg_p1,0.1,128.0,11,14,0.0,0.0,129.0,1.0,True,6,4,1.0,0.21422779858540467,128.0,0.0,0,0.0,False,0.0,128.0
3-regular_n100_g12,3-regular,100,QAOA-BF,2048,7,7,103255,True,12,1,wurtz_lykov_3reg_p1,0.1,128.0,12,12,4.47213595499958,2.0,129.0,1.0,True,6,5,1.3719886811400708,0.3328606249304482,129.0,1.0,13,0.00634765625,True,1.0,129.0
3-regular_n100_g12,3-regular,100,QAOA-NB,2048,7,7,103255,False,12,1,wurtz_lykov_3reg_p1,0.1,128.0,12,12,0.0,0.0,129.0,1.0,True,6,5,1.0,0.1638451877649099,129.0,1.0,10,0.0048828125,True,1.0,129.0
3-regular_n100_g13,3-regular,100,LS-only,,,,,,,,,,126.0,,,,,,,,,,,,,,,,,,126.0
3-regular_n100_g13,3-regular,100,QAOA-BF,32,0,0,101332,True,12,1,wurtz_lykov_3reg_p1,0.1,126.0,11,14,4.47213595499958,2.0,130.0,4.0,True,6,3,1.3919410907075054,0.24226362244006086,127.0,1.0,1,0.03125,True,1.0,127.0
3-regular_n100_g13,3-regular,100,QAOA-NB,32,0,0,101332,False,12,1,wurtz_lykov_3reg_p1,0.1,126.0,11,14,0.0,0.0,130.0,4.0,True,6,3,1.0,0.10823810098934242,126.0,0.0,0,0.0,False,0.0,126.0
3-regular_n100_g13,3-regular,100,QAOA-BF,32,1,1,101333,True,12,1,wurtz_lykov_3reg_p1,0.1,126.0,11,14,4.0,2.0,128.0,2.0,True,6,5,1.3416407864998738,0.26907253937708486,127.0,1.0,1,0.03125,True,1.0,127.0
3-regular_n100_g13,3-regular,100,QAOA-NB,32,1,1,101333,False,12,1,wurtz_lykov_3reg_p1,0.1,126.0,11,14,0.0,0.0,128.0,2.0,True,6,5,1.0,0.19289914765349228,126.0,0.0,0,0.0,False,0.0,126.0
3-regular_n100_g13,3-regular,100,QAOA-BF,32,2,2,101334,True,12,1,wurtz_lykov_3reg_p1,0.1,126.0,11,14,4.47213595499958,2.0,128.0,2.0,True,6,4,1.3919410907075054,0.2920005560996459,126.0,0.0,0,0.0,False,0.0,126.0
3-regular_n100_g13,3-regular,100,QAOA-NB,32,2,2,101334,False,12,1,wurtz_lykov_3reg_p1,0.1,126.0,11,14,0.0,0.0,128.0,2.0,True,6,4,1.0,0.19289914765349228,126.0,0.0,0,0.0,False,0.0,126.0
3-regular_n100_g13,3-regular,100,QAOA-BF,32,3,3,101335,True,12,1,wurtz_lykov_3reg_p1,0.1,126.0,11,14,4.0,2.0,129.0,3.0,True,6,2,1.3416407864998738,0.2691057860762056,126.0,0.0,0,0.0,False,0.0,126.0
3-regular_n100_g13,3-regular,100,QAOA-NB,32,3,3,101335,False,12,1,wurtz_lykov_3reg_p1,0.1,126.0,11,14,0.0,0.0,129.0,3.0,True,6,2,1.0,0.19289914765349223,126.0,0.0,0,0.0,False,0.0,126.0
3-regular_n100_g13,3-regular,100,QAOA-BF,32,4,4,101336,True,12,1,wurtz_lykov_3reg_p1,0.1,126.0,11,14,5.291502622129181,2.0,127.0,1.0,True,6,3,1.4719601443879744,0.3551937856845118,126.0,0.0,0,0.0,False,0.0,126.0
3-regular_n100_g13,3-regular,100,QAOA-NB,32,4,4,101336,False,12,1,wurtz_lykov_3reg_p1,0.1,126.0,11,14,0.0,0.0,127.0,1.0,True,6,3,1.0,0.1524163692384639,126.0,0.0,0,0.0,False,0.0,126.0
3-regular_n100_g13,3-regular,100,QAOA-BF,32,5,5,101337,True,12,1,wurtz_lykov_3reg_p1,0.1,126.0,11,14,3.4641016151377544,2.0,127.0,1.0,True,6,3,1.2817398889233114,0.2991170953879404,126.0,0.0,0,0.0,False,0.0,126.0
3-regular_n100_g13,3-regular,100,QAOA-NB,32,5,5,101337,False,12,1,wurtz_lykov_3reg_p1,0.1,126.0,11,14,0.0,0.0,127.0,1.0,True,6,3,1.0,0.21876830154727997,126.0,0.0,0,0.0,False,0.0,126.0
3-regular_n100_g13,3-regular,100,QAOA-BF,32,6,6,101338,True,12,1,wurtz_lykov_3reg_p1,0.1,126.0,12,12,3.7416573867739413,2.0,127.0,1.0,True,6,2,1.2366938848016846,0.31735007896117684,126.0,0.0,0,0.0,False,0.0,126.0
3-regular_n100_g13,3-regular,100,QAOA-NB,32,6,6,101338,False,12,1,wurtz_lykov_3reg_p1,0.1,126.0,12,12,0.0,0.0,127.0,1.0,True,6,2,1.0,0.1632087634628105,127.0,1.0,1,0.03125,True,1.0,127.0
3-regular_n100_g13,3-regular,100,QAOA-BF,32,7,7,101339,True,12,1,wurtz_lykov_3reg_p1,0.1,126.0,11,14,4.47213595499958,2.0,127.0,1.0,True,6,4,1.3919410907075054,0.2939965453351712,127.0,1.0,1,0.03125,True,1.0,127.0
3-regular_n100_g13,3-regular,100,QAOA-NB,32,7,7,101339,False,12,1,wurtz_lykov_3reg_p1,0.1,126.0,11,14,0.0,0.0,127.0,1.0,True,6,4,1.0,0.15241636923846386,126.0,0.0,0,0.0,False,0.0,126.0
3-regular_n100_g13,3-regular,100,QAOA-BF,128,0,0,101428,True,12,1,wurtz_lykov_3reg_p1,0.1,126.0,12,12,4.242640687119285,2.0,128.0,2.0,True,6,1,1.2909944487358056,0.2856745842700956,127.0,1.0,1,0.0078125,True,1.0,127.0
3-regular_n100_g13,3-regular,100,QAOA-NB,128,0,0,101428,False,12,1,wurtz_lykov_3reg_p1,0.1,126.0,12,12,0.0,0.0,128.0,2.0,True,6,1,1.0,0.13571455852608624,127.0,1.0,2,0.015625,True,1.0,127.0
3-regular_n100_g13,3-regular,100,QAOA-BF,128,1,1,101429,True,12,1,wurtz_lykov_3reg_p1,0.1,126.0,12,12,4.242640687119285,2.0,127.0,1.0,True,6,5,1.2909944487358056,0.3500031350395152,127.0,1.0,2,0.015625,True,1.0,127.0
3-regular_n100_g13,3-regular,100,QAOA-NB,128,1,1,101429,False,12,1,wurtz_lykov_3reg_p1,0.1,126.0,12,12,0.0,0.0,127.0,1.0,True,6,5,1.0,0.15615059389770414,127.0,1.0,1,0.0078125,True,1.0,127.0
3-regular_n100_g13,3-regular,100,QAOA-BF,128,2,2,101430,True,12,1,wurtz_lykov_3reg_p1,0.1,126.0,11,14,4.0,2.0,129.0,3.0,True,6,0,1.3416407864998738,0.2691062629129019,127.0,1.0,2,0.015625,True,1.0,127.0
3-regular_n100_g13,3-regular,100,QAOA-NB,128,2,2,101430,False,12,1,wurtz_lykov_3reg_p1,0.1,126.0,11,14,0.0,0.0,129.0,3.0,True,6,0,1.0,0.19289914765349228,128.0,2.0,1,0.0078125,True,2.0,128.0
3-regular_n100_g13,3-regular,100,QAOA-BF,128,3,3,101431,True,12,1,wurtz_lykov_3reg_p1,0.1,126.0,13,10,3.7416573867739413,2.0,126.0,0.0,False,6,0,1.224744871391589,0.4189271892639698,126.0,0.0,0,0.0,False,0.0,126.0
3-regular_n100_g13,3-regular,100,QAOA-NB,128,3,3,101431,False,12,1,wurtz_lykov_3reg_p1,0.1,126.0,13,10,0.0,0.0,126.0,0.0,False,6,0,1.0,0.289863420891693,126.0,0.0,0,0.0,False,0.0,126.0
3-regular_n100_g13,3-regular,100,QAOA-BF,128,4,4,101432,True,12,1,wurtz_lykov_3reg_p1,0.1,126.0,11,14,4.0,2.0,127.0,1.0,True,6,3,1.3416407864998738,0.26747263689654777,127.0,1.0,2,0.015625,True,1.0,127.0
3-regular_n100_g13,3-regular,100,QAOA-NB,128,4,4,101432,False,12,1,wurtz_lykov_3reg_p1,0.1,126.0,11,14,0.0,0.0,127.0,1.0,True,6,3,1.0,0.15241636923846374,126.0,0.0,0,0.0,False,0.0,126.0
3-regular_n100_g13,3-regular,100,QAOA-BF,128,5,5,101433,True,12,1,wurtz_lykov_3reg_p1,0.1,126.0,11,14,4.0,2.0,127.0,1.0,True,6,2,1.3416407864998738,0.2717983500585219,126.0,0.0,0,0.0,False,0.0,126.0
3-regular_n100_g13,3-regular,100,QAOA-NB,128,5,5,101433,False,12,1,wurtz_lykov_3reg_p1,0.1,126.0,11,14,0.0,0.0,127.0,1.0,True,6,2,1.0,0.15241636923846383,126.0,0.0,0,0.0,False,0.0,126.0
3-regular_n100_g13,3-regular,100,QAOA-BF,128,6,6,101434,True,12,1,wurtz_lykov_3reg_p1,0.1,126.0,11,14,4.898979485566356,2.0,129.0,3.0,True,6,1,1.4348601079588785,0.2639689989854027,128.0,2.0,5,0.0390625,True,2.0,128.0
3-regular_n100_g13,3-regular,100,QAOA-NB,128,6,6,101434,False,12,1,wurtz_lykov_3reg_p1,0.1,126.0,11,14,0.0,0.0,129.0,3.0,True,6,1,1.0,0.10823810098934242,127.0,1.0,3,0.0234375,True,1.0,127.0
3-regular_n100_g13,3-regular,100,QAOA-BF,128,7,7,101435,True,12,1,wurtz_lykov_3reg_p1,0.1,126.0,12,12,3.7416573867739413,2.0,128.0,2.0,True,6,5,1.2366938848016846,0.31455736919701816,128.0,2.0,3,0.0234375,True,2.0,128.0
3-regular_n100_g13,3-regular,100,QAOA-NB,128,7,7,101435,False,12,1,wurtz_lykov_3reg_p1,0.1,126.0,12,12,0.0,0.0,128.0,2.0,True,6,5,1.0,0.24191304647630574,127.0,1.0,2,0.015625,True,1.0,127.0
3-regular_n100_g13,3-regular,100,QAOA-BF,512,0,0,101812,True,12,1,wurtz_lykov_3reg_p1,0.1,126.0,11,14,4.0,2.0,128.0,2.0,True,6,1,1.3416407864998738,0.3269482005053502,127.0,1.0,3,0.005859375,True,1.0,127.0
3-regular_n100_g13,3-regular,100,QAOA-NB,512,0,0,101812,False,12,1,wurtz_lykov_3reg_p1,0.1,126.0,11,14,0.0,0.0,128.0,2.0,True,6,1,1.0,0.21469703639132903,127.0,1.0,3,0.005859375,True,1.0,127.0
3-regular_n100_g13,3-regular,100,QAOA-BF,512,1,1,101813,True,12,1,wurtz_lykov_3reg_p1,0.1,126.0,13,10,3.1622776601683795,2.0,128.0,2.0,True,6,0,1.1631599960755994,0.32959802774681685,128.0,2.0,12,0.0234375,True,2.0,128.0
3-regular_n100_g13,3-regular,100,QAOA-NB,512,1,1,101813,False,12,1,wurtz_lykov_3reg_p1,0.1,126.0,13,10,0.0,0.0,128.0,2.0,True,6,0,1.0,0.2057109452160828,128.0,2.0,4,0.0078125,True,2.0,128.0
3-regular_n100_g13,3-regular,100,QAOA-BF,512,2,2,101814,True,12,1,wurtz_lykov_3reg_p1,0.1,126.0,11,14,4.0,2.0,127.0,1.0,True,6,3,1.3416407864998738,0.32946702562686936,127.0,1.0,8,0.015625,True,1.0,127.0
3-regular_n100_g13,3-regular,100,QAOA-NB,512,2,2,101814,False,12,1,wurtz_lykov_3reg_p1,0.1,126.0,11,14,0.0,0.0,127.0,1.0,True,6,3,1.0,0.2716069211628067,127.0,1.0,7,0.013671875,True,1.0,127.0
3-regular_n100_g13,3-regular,100,QAOA-BF,512,3,3,101815,True,12,1,wurtz_lykov_3reg_p1,0.1,126.0,11,14,4.898979485566356,2.0,127.0,1.0,True,6,1,1.4348601079588785,0.3244190635771872,127.0,1.0,5,0.009765625,True,1.0,127.0
3-regular_n100_g13,3-regular,100,QAOA-NB,512,3,3,101815,False,12,1,wurtz_lykov_3reg_p1,0.1,126.0,11,14,0.0,0.0,127.0,1.0,True,6,1,1.0,0.1524163692384637,127.0,1.0,3,0.005859375,True,1.0,127.0
3-regular_n100_g13,3-regular,100,QAOA-BF,512,4,4,101816,True,12,1,wurtz_lykov_3reg_p1,0.1,126.0,11,14,4.47213595499958,2.0,128.0,2.0,True,6,2,1.3919410907075054,0.2920005560996459,127.0,1.0,9,0.017578125,True,1.0,127.0
3-regular_n100_g13,3-regular,100,QAOA-NB,512,4,4,101816,False,12,1,wurtz_lykov_3reg_p1,0.1,126.0,11,14,0.0,0.0,128.0,2.0,True,6,2,1.0,0.19289914765349228,127.0,1.0,6,0.01171875,True,1.0,127.0
3-regular_n100_g13,3-regular,100,QAOA-BF,512,5,5,101817,True,12,1,wurtz_lykov_3reg_p1,0.1,126.0,11,14,4.47213595499958,2.0,127.0,1.0,True,6,1,1.3919410907075054,0.2976186994035967,127.0,1.0,4,0.0078125,True,1.0,127.0
3-regular_n100_g13,3-regular,100,QAOA-NB,512,5,5,101817,False,12,1,wurtz_lykov_3reg_p1,0.1,126.0,11,14,0.0,0.0,127.0,1.0,True,6,1,1.0,0.15241636923846377,127.0,1.0,6,0.01171875,True,1.0,127.0
3-regular_n100_g13,3-regular,100,QAOA-BF,512,6,6,101818,True,12,1,wurtz_lykov_3reg_p1,0.1,126.0,11,14,4.47213595499958,2.0,127.0,1.0,True,6,2,1.3919410907075054,0.2896833719130414,127.0,1.0,3,0.005859375,True,1.0,127.0
3-regular_n100_g13,3-regular,100,QAOA-NB,512,6,6,101818,False,12,1,wurtz_lykov_3reg_p1,0.1,126.0,11,14,0.0,0.0,127.0,1.0,True,6,2,1.0,0.1524163692384639,127.0,1.0,1,0.001953125,True,1.0,127.0
3-regular_n100_g13,3-regular,100,QAOA-BF,512,7,7,101819,True,12,1,wurtz_lykov_3reg_p1,0.1,126.0,12,12,3.7416573867739413,2.0,126.0,0.0,False,6,0,1.2366938848016846,0.3939315718914145,126.0,0.0,0,0.0,False,0.0,126.0
3-regular_n100_g13,3-regular,100,QAOA-NB,512,7,7,101819,False,12,1,wurtz_lykov_3reg_p1,0.1,126.0,12,12,0.0,0.0,126.0,0.0,False,6,0,1.0,0.19161534338380995,126.0,0.0,0,0.0,False,0.0,126.0
3-regular_n100_g13,3-regular,100,QAOA-BF,2048,0,0,103348,True,12,1,wurtz_lykov_3reg_p1,0.1,126.0,11,14,4.0,2.0,129.0,3.0,True,6,4,1.3416407864998738,0.2691062629129018,129.0,3.0,47,0.02294921875,True,3.0,129.0
3-regular_n100_g13,3-regular,100,QAOA-NB,2048,0,0,103348,False,12,1,wurtz_lykov_3reg_p1,0.1,126.0,11,14,0.0,0.0,129.0,3.0,True,6,4,1.0,0.19289914765349228,128.0,2.0,25,0.01220703125,True,2.0,128.0
3-regular_n100_g13,3-regular,100,QAOA-BF,2048,1,1,103349,True,12,1,wurtz_lykov_3reg_p1,0.1,126.0,11,14,3.4641016151377544,2.0,127.0,1.0,True,6,1,1.2817398889233114,0.3048057409070426,127.0,1.0,15,0.00732421875,True,1.0,127.0
3-regular_n100_g13,3-regular,100,QAOA-NB,2048,1,1,103349,False,12,1,wurtz_lykov_3reg_p1,0.1,126.0,11,14,0.0,0.0,127.0,1.0,True,6,1,1.0,0.21422779858540467,127.0,1.0,6,0.0029296875,True,1.0,127.0
3-regular_n100_g13,3-regular,100,QAOA-BF,2048,2,2,103350,True,12,1,wurtz_lykov_3reg_p1,0.1,126.0,11,14,3.4641016151377544,2.0,127.0,1.0,True,6,0,1.2817398889233114,0.3752859058566719,127.0,1.0,17,0.00830078125,True,1.0,127.0
3-regular_n100_g13,3-regular,100,QAOA-NB,2048,2,2,103350,False,12,1,wurtz_lykov_3reg_p1,0.1,126.0,11,14,0.0,0.0,127.0,1.0,True,6,0,1.0,0.3145145951776186,127.0,1.0,11,0.00537109375,True,1.0,127.0
3-regular_n100_g13,3-regular,100,QAOA-BF,2048,3,3,103351,True,12,1,wurtz_lykov_3reg_p1,0.1,126.0,11,14,4.898979485566356,2.0,127.0,1.0,True,6,2,1.4348601079588785,0.3244067907075753,127.0,1.0,8,0.00390625,True,1.0,127.0
3-regular_n100_g13,3-regular,100,QAOA-NB,2048,3,3,103351,False,12,1,wurtz_lykov_3reg_p1,0.1,126.0,11,14,0.0,0.0,127.0,1.0,True,6,2,1.0,0.15241636923846386,127.0,1.0,6,0.0029296875,True,1.0,127.0
3-regular_n100_g13,3-regular,100,QAOA-BF,2048,4,4,103352,True,12,1,wurtz_lykov_3reg_p1,0.1,126.0,11,14,4.0,2.0,129.0,3.0,True,6,4,1.3416407864998738,0.2691057860762055,129.0,3.0,32,0.015625,True,3.0,129.0
3-regular_n100_g13,3-regular,100,QAOA-NB,2048,4,4,103352,False,12,1,wurtz_lykov_3reg_p1,0.1,126.0,11,14,0.0,0.0,129.0,3.0,True,6,4,1.0,0.19289914765349223,129.0,3.0,30,0.0146484375,True,3.0,129.0
3-regular_n100_g13,3-regular,100,QAOA-BF,2048,5,5,103353,True,12,1,wurtz_lykov_3reg_p1,0.1,126.0,11,14,4.898979485566356,2.0,127.0,1.0,True,6,5,1.4348601079588785,0.3244067907075753,127.0,1.0,14,0.0068359375,True,1.0,127.0
3-regular_n100_g13,3-regular,100,QAOA-NB,2048,5,5,103353,False,12,1,wurtz_lykov_3reg_p1,0.1,126.0,11,14,0.0,0.0,127.0,1.0,True,6,5,1.0,0.15241636923846386,127.0,1.0,4,0.001953125,True,1.0,127.0
3-regular_n100_g13,3-regular,100,QAOA-BF,2048,6,6,103354,True,12,1,wurtz_lykov_3reg_p1,0.1,126.0,11,14,4.0,2.0,127.0,1.0,True,6,0,1.3416407864998738,0.2674726368965479,127.0,1.0,9,0.00439453125,True,1.0,127.0
3-regular_n100_g13,3-regular,100,QAOA-NB,2048,6,6,103354,False,12,1,wurtz_lykov_3reg_p1,0.1,126.0,11,14,0.0,0.0,127.0,1.0,True,6,0,1.0,0.15241636923846374,127.0,1.0,3,0.00146484375,True,1.0,127.0
3-regular_n100_g13,3-regular,100,QAOA-BF,2048,7,7,103355,True,12,1,wurtz_lykov_3reg_p1,0.1,126.0,11,14,4.47213595499958,2.0,128.0,2.0,True,6,2,1.3919410907075054,0.2934355619575083,128.0,2.0,22,0.0107421875,True,2.0,128.0
3-regular_n100_g13,3-regular,100,QAOA-NB,2048,7,7,103355,False,12,1,wurtz_lykov_3reg_p1,0.1,126.0,11,14,0.0,0.0,128.0,2.0,True,6,2,1.0,0.15211176553515351,128.0,2.0,16,0.0078125,True,2.0,128.0
3-regular_n100_g14,3-regular,100,LS-only,,,,,,,,,,124.0,,,,,,,,,,,,,,,,,,124.0
3-regular_n100_g14,3-regular,100,QAOA-BF,32,0,0,101432,True,12,1,wurtz_lykov_3reg_p1,0.1,124.0,11,14,4.0,2.0,125.0,1.0,True,6,1,1.3416407864998738,0.32743378007488055,124.0,0.0,0,0.0,False,0.0,124.0
3-regular_n100_g14,3-regular,100,QAOA-NB,32,0,0,101432,False,12,1,wurtz_lykov_3reg_p1,0.1,124.0,11,14,0.0,0.0,125.0,1.0,True,6,1,1.0,0.21422779858540467,125.0,1.0,1,0.03125,True,1.0,125.0
3-regular_n100_g14,3-regular,100,QAOA-BF,32,1,1,101433,True,12,1,wurtz_lykov_3reg_p1,0.1,124.0,11,14,4.898979485566356,2.0,125.0,1.0,True,6,4,1.4348601079588785,0.32451303508461016,125.0,1.0,2,0.0625,True,1.0,125.0
3-regular_n100_g14,3-regular,100,QAOA-NB,32,1,1,101433,False,12,1,wurtz_lykov_3reg_p1,0.1,124.0,11,14,0.0,0.0,125.0,1.0,True,6,4,1.0,0.1524163692384639,124.0,0.0,0,0.0,False,0.0,124.0
3-regular_n100_g14,3-regular,100,QAOA-BF,32,2,2,101434,True,12,1,wurtz_lykov_3reg_p1,0.1,124.0,12,12,4.242640687119285,2.0,126.0,2.0,True,6,2,1.2909944487358056,0.30995248565692346,124.0,0.0,0,0.0,False,0.0,124.0
3-regular_n100_g14,3-regular,100,QAOA-NB,32,2,2,101434,False,12,1,wurtz_lykov_3reg_p1,0.1,124.0,12,12,0.0,0.0,126.0,2.0,True,6,2,1.0,0.1405640053612588,124.0,0.0,0,0.0,False,0.0,124.0
3-regular_n100_g14,3-regular,100,QAOA-BF,32,3,3,101435,True,12,1,wurtz_lykov_3reg_p1,0.1,124.0,11,14,4.47213595499958,2.0,125.0,1.0,True,6,1,1.3919410907075054,0.2950716083876552,124.0,0.0,0,0.0,False,0.0,124.0
3-regular_n100_g14,3-regular,100,QAOA-NB,32,3,3,101435,False,12,1,wurtz_lykov_3reg_p1,0.1,124.0,11,14,0.0,0.0,125.0,1.0,True,6,1,1.0,0.12249482871625032,124.0,0.0,0,0.0,False,0.0,124.0
3-regular_n100_g14,3-regular,100,QAOA-BF,32,4,4,101436,True,12,1,wurtz_lykov_3reg_p1,0.1,124.0,12,12,3.7416573867739413,2.0,125.0,1.0,True,6,0,1.2366938848016846,0.3862223456805824,124.0,0.0,0,0.0,False,0.0,124.0
3-regular_n100_g14,3-regular,100,QAOA-NB,32,4,4,101436,False,12,1,wurtz_lykov_3reg_p1,0.1,124.0,12,12,0.0,0.0,125.0,1.0,True,6,0,1.0,0.2730900959887056,124.0,0.0,0,0.0,False,0.0,124.0
3-regular_n100_g14,3-regular,100,QAOA-BF,32,5,5,101437,True,12,1,wurtz_lykov_3reg_p1,0.1,124.0,11,14,5.291502622129181,2.0,125.0,1.0,True,6,0,1.4719601443879744,0.2872122511033682,124.0,0.0,0,0.0,False,0.0,124.0
3-regular_n100_g14,3-regular,100,QAOA-NB,32,5,5,101437,False,12,1,wurtz_lykov_3reg_p1,0.1,124.0,11,14,0.0,0.0,125.0,1.0,True,6,0,1.0,0.08537194118154451,124.0,0.0,0,0.0,False,0.0,124.0
3-regular_n100_g14,3-regular,100,QAOA-BF,32,6,6,101438,True,12,1,wurtz_lykov_3reg_p1,0.1,124.0,11,14,3.4641016151377544,2.0,127.0,3.0,True,6,3,1.2817398889233114,0.25127000144461176,125.0,1.0,1,0.03125,True,1.0,125.0
3-regular_n100_g14,3-regular,100,QAOA-NB,32,6,6,101438,False,12,1,wurtz_lykov_3reg_p1,0.1,124.0,11,14,0.0,0.0,127.0,3.0,True,6,3,1.0,0.1224948287162504,124.0,0.0,0,0.0,False,0.0,124.0
3-regular_n100_g14,3-regular,100,QAOA-BF,32,7,7,101439,True,12,1,wurtz_lykov_3reg_p1,0.1,124.0,11,14,3.4641016151377544,2.0,126.0,2.0,True,6,2,1.2817398889233114,0.24986095058762872,124.0,0.0,0,0.0,False,0.0,124.0
3-regular_n100_g14,3-regular,100,QAOA-NB,32,7,7,101439,False,12,1,wurtz_lykov_3reg_p1,0.1,124.0,11,14,0.0,0.0,126.0,2.0,True,6,2,1.0,0.15241636923846383,124.0,0.0,0,0.0,False,0.0,124.0
3-regular_n100_g14,3-regular,100,QAOA-BF,128,0,0,101528,True,12,1,wurtz_lykov_3reg_p1,0.1,124.0,11,14,4.47213595499958,2.0,124.0,0.0,False,6,0,1.3919410907075054,0.35531770143597247,124.0,0.0,0,0.0,False,0.0,124.0
3-regular_n100_g14,3-regular,100,QAOA-NB,128,0,0,101528,False,12,1,wurtz_lykov_3reg_p1,0.1,124.0,11,14,0.0,0.0,124.0,0.0,False,6,0,1.0,0.21422779858540467,124.0,0.0,0,0.0,False,0.0,124.0
3-regular_n100_g14,3-regular,100,QAOA-BF,128,1,1,101529,True,12,1,wurtz_lykov_3reg_p1,0.1,124.0,11,14,4.898979485566356,2.0,125.0,1.0,True,6,1,1.4348601079588785,0.32451303508461005,125.0,1.0,1,0.0078125,True,1.0,125.0
3-regular_n100_g14,3-regular,100,QAOA-NB,128,1,1,101529,False,12,1,wurtz_lykov_3reg_p1,0.1,124.0,11,14,0.0,0.0,125.0,1.0,True,6,1,1.0,0.1524163692384639,124.0,0.0,0,0.0,False,0.0,124.0
3-regular_n100_g14,3-regular,100,QAOA-BF,128,2,2,101530,True,12,1,wurtz_lykov_3reg_p1,0.1,124.0,11,14,3.4641016151377544,2.0,126.0,2.0,True,6,3,1.2817398889233114,0.24941896914860873,125.0,1.0,1,0.0078125,True,1.0,125.0
3-regular_n100_g14,3-regular,100,QAOA-NB,128,2,2,101530,False,12,1,wurtz_lykov_3reg_p1,0.1,124.0,11,14,0.0,0.0,126.0,2.0,True,6,3,1.0,0.1524163692384639,125.0,1.0,2,0.015625,True,1.0,125.0
3-regular_n100_g14,3-regular,100,QAOA-BF,128,3,3,101531,True,12,1,wurtz_lykov_3reg_p1,0.1,124.0,11,14,4.0,2.0,125.0,1.0,True,6,0,1.3416407864998738,0.3203040001243233,124.0,0.0,0,0.0,False,0.0,124.0
3-regular_n100_g14,3-regular,100,QAOA-NB,128,3,3,101531,False,12,1,wurtz_lykov_3reg_p1,0.1,124.0,11,14,0.0,0.0,125.0,1.0,True,6,0,1.0,0.2716069211628066,124.0,0.0,0,0.0,False,0.0,124.0
3-regular_n100_g14,3-regular,100,QAOA-BF,128,4,4,101532,True,12,1,wurtz_lykov_3reg_p1,0.1,124.0,12,12,4.242640687119285,2.0,125.0,1.0,True,6,2,1.2909944487358056,0.34435258771677935,124.0,0.0,0,0.0,False,0.0,124.0
3-regular_n100_g14,3-regular,100,QAOA-NB,128,4,4,101532,False,12,1,wurtz_lykov_3reg_p1,0.1,124.0,12,12,0.0,0.0,125.0,1.0,True,6,2,1.0,0.218906497599428,124.0,0.0,0,0.0,False,0.0,124.0
3-regular_n100_g14,3-regular,100,QAOA-BF,128,5,5,101533,True,12,1,wurtz_lykov_3reg_p1,0.1,124.0,13,10,3.7416573867739413,2.0,125.0,1.0,True,6,0,1.224744871391589,0.387728625006182,124.0,0.0,0,0.0,False,0.0,124.0
3-regular_n100_g14,3-regular,100,QAOA-NB,128,5,5,101533,False,12,1,wurtz_lykov_3reg_p1,0.1,124.0,13,10,0.0,0.0,125.0,1.0,True,6,0,1.0,0.21761991064397912,124.0,0.0,0,0.0,False,0.0,124.0
3-regular_n100_g14,3-regular,100,QAOA-BF,128,6,6,101534,True,12,1,wurtz_lykov_3reg_p1,0.1,124.0,12,12,4.242640687119285,2.0,125.0,1.0,True,6,1,1.2909944487358056,0.3443525877167792,125.0,1.0,1,0.0078125,True,1.0,125.0
3-regular_n100_g14,3-regular,100,QAOA-NB,128,6,6,101534,False,12,1,wurtz_lykov_3reg_p1,0.1,124.0,12,12,0.0,0.0,125.0,1.0,True,6,1,1.0,0.21890649759942807,124.0,0.0,0,0.0,False,0.0,124.0
3-regular_n100_g14,3-regular,100,QAOA-BF,128,7,7,101535,True,12,1,wurtz_lykov_3reg_p1,0.1,124.0,11,14,4.0,2.0,126.0,2.0,True,6,4,1.3416407864998738,0.2696948239503955,125.0,1.0,1,0.0078125,True,1.0,125.0
3-regular_n100_g14,3-regular,100,QAOA-NB,128,7,7,101535,False,12,1,wurtz_lykov_3reg_p1,0.1,124.0,11,14,0.0,0.0,126.0,2.0,True,6,4,1.0,0.19289914765349228,125.0,1.0,2,0.015625,True,1.0,125.0
3-regular_n100_g14,3-regular,100,QAOA-BF,512,0,0,101912,True,12,1,wurtz_lykov_3reg_p1,0.1,124.0,12,12,3.7416573867739413,2.0,124.0,0.0,False,6,0,1.2366938848016846,0.38017159651271937,124.0,0.0,0,0.0,False,0.0,124.0
3-regular_n100_g14,3-regular,100,QAOA-NB,512,0,0,101912,False,12,1,wurtz_lykov_3reg_p1,0.1,124.0,12,12,0.0,0.0,124.0,0.0,False,6,0,1.0,0.2725252731169584,124.0,0.0,0,0.0,False,0.0,124.0
3-regular_n100_g14,3-regular,100,QAOA-BF,512,1,1,101913,True,12,1,wurtz_lykov_3reg_p1,0.1,124.0,12,12,3.1622776601683795,2.0,126.0,2.0,True,6,2,1.1726039399558574,0.2985966195321167,125.0,1.0,5,0.009765625,True,1.0,125.0
3-regular_n100_g14,3-regular,100,QAOA-NB,512,1,1,101913,False,12,1,wurtz_lykov_3reg_p1,0.1,124.0,12,12,0.0,0.0,126.0,2.0,True,6,2,1.0,0.1722985061034635,125.0,1.0,5,0.009765625,True,1.0,125.0
3-regular_n100_g14,3-regular,100,QAOA-BF,512,2,2,101914,True,12,1,wurtz_lykov_3reg_p1,0.1,124.0,12,12,3.7416573867739413,2.0,124.0,0.0,False,6,0,1.2366938848016846,0.3848107944417768,124.0,0.0,0,0.0,False,0.0,124.0
3-regular_n100_g14,3-regular,100,QAOA-NB,512,2,2,101914,False,12,1,wurtz_lykov_3reg_p1,0.1,124.0,12,12,0.0,0.0,124.0,0.0,False,6,0,1.0,0.2387645751275532,124.0,0.0,0,0.0,False,0.0,124.0
3-regular_n100_g14,3-regular,100,QAOA-BF,512,3,3,101915,True,12,1,wurtz_lykov_3reg_p1,0.1,124.0,12,12,3.7416573867739413,2.0,125.0,1.0,True,6,0,1.2366938848016846,0.34740140588099994,124.0,0.0,0,0.0,False,0.0,124.0
3-regular_n100_g14,3-regular,100,QAOA-NB,512,3,3,101915,False,12,1,wurtz_lykov_3reg_p1,0.1,124.0,12,12,0.0,0.0,125.0,1.0,True,6,0,1.0,0.24927775971531846,124.0,0.0,0,0.0,False,0.0,124.0
3-regular_n100_g14,3-regular,100,QAOA-BF,512,4,4,101916,True,12,1,wurtz_lykov_3reg_p1,0.1,124.0,11,14,4.0,2.0,125.0,1.0,True,6,3,1.3416407864998738,0.33306547117890933,124.0,0.0,0,0.0,False,0.0,124.0
3-regular_n100_g14,3-regular,100,QAOA-NB,512,4,4,101916,False,12,1,wurtz_lykov_3reg_p1,0.1,124.0,11,14,0.0,0.0,125.0,1.0,True,6,3,1.0,0.17604402706718547,124.0,0.0,0,0.0,False,0.0,124.0
3-regular_n100_g14,3-regular,100,QAOA-BF,512,5,5,101917,True,12,1,wurtz_lykov_3reg_p1,0.1,124.0,11,14,4.898979485566356,2.0,125.0,1.0,True,6,5,1.4348601079588785,0.32481748273152333,125.0,1.0,2,0.00390625,True,1.0,125.0
3-regular_n100_g14,3-regular,100,QAOA-NB,512,5,5,101917,False,12,1,wurtz_lykov_3reg_p1,0.1,124.0,11,14,0.0,0.0,125.0,1.0,True,6,5,1.0,0.12249482871625036,125.0,1.0,1,0.001953125,True,1.0,125.0
3-regular_n100_g14,3-regular,100,QAOA-BF,512,6,6,101918,True,12,1,wurtz_lykov_3reg_p1,0.1,124.0,12,12,3.1622776601683795,2.0,125.0,1.0,True,6,0,1.1726039399558574,0.3640490979677621,124.0,0.0,0,0.0,False,0.0,124.0
3-regular_n100_g14,3-regular,100,QAOA-NB,512,6,6,101918,False,12,1,wurtz_lykov_3reg_p1,0.1,124.0,12,12,0.0,0.0,125.0,1.0,True,6,0,1.0,0.2225306929127543,124.0,0.0,0,0.0,False,0.0,124.0
3-regular_n100_g14,3-regular,100,QAOA-BF,512,7,7,101919,True,12,1,wurtz_lykov_3reg_p1,0.1,124.0,12,12,3.1622776601683795,2.0,125.0,1.0,True,6,1,1.1726039399558574,0.36571797255143723,125.0,1.0,4,0.0078125,True,1.0,125.0
3-regular_n100_g14,3-regular,100,QAOA-NB,512,7,7,101919,False,12,1,wurtz_lykov_3reg_p1,0.1,124.0,12,12,0.0,0.0,125.0,1.0,True,6,1,1.0,0.2513908876617511,125.0,1.0,1,0.001953125,True,1.0,125.0
3-regular_n100_g14,3-regular,100,QAOA-BF,2048,0,0,103448,True,12,1,wurtz_lykov_3reg_p1,0.1,124.0,12,12,4.242640687119285,2.0,124.0,0.0,False,6,0,1.2909944487358056,0.35092756650016105,124.0,0.0,0,0.0,False,0.0,124.0
3-regular_n100_g14,3-regular,100,QAOA-NB,2048,0,0,103448,False,12,1,wurtz_lykov_3reg_p1,0.1,124.0,12,12,0.0,0.0,124.0,0.0,False,6,0,1.0,0.15362632338871895,124.0,0.0,0,0.0,False,0.0,124.0
3-regular_n100_g14,3-regular,100,QAOA-BF,2048,1,1,103449,True,12,1,wurtz_lykov_3reg_p1,0.1,124.0,11,14,4.898979485566356,2.0,124.0,0.0,False,6,0,1.4348601079588785,0.39375198039275267,124.0,0.0,0,0.0,False,0.0,124.0
3-regular_n100_g14,3-regular,100,QAOA-NB,2048,1,1,103449,False,12,1,wurtz_lykov_3reg_p1,0.1,124.0,11,14,0.0,0.0,124.0,0.0,False,6,0,1.0,0.1717094734145483,124.0,0.0,0,0.0,False,0.0,124.0
3-regular_n100_g14,3-regular,100,QAOA-BF,2048,2,2,103450,True,12,1,wurtz_lykov_3reg_p1,0.1,124.0,11,14,4.0,2.0,125.0,1.0,True,6,3,1.3416407864998738,0.3275487518886666,125.0,1.0,1,0.00048828125,True,1.0,125.0
3-regular_n100_g14,3-regular,100,QAOA-NB,2048,2,2,103450,False,12,1,wurtz_lykov_3reg_p1,0.1,124.0,11,14,0.0,0.0,125.0,1.0,True,6,3,1.0,0.21422779858540472,125.0,1.0,2,0.0009765625,True,1.0,125.0
3-regular_n100_g14,3-regular,100,QAOA-BF,2048,3,3,103451,True,12,1,wurtz_lykov_3reg_p1,0.1,124.0,11,14,4.47213595499958,2.0,125.0,1.0,True,6,0,1.3919410907075054,0.29400409064194083,125.0,1.0,16,0.0078125,True,1.0,125.0
3-regular_n100_g14,3-regular,100,QAOA-NB,2048,3,3,103451,False,12,1,wurtz_lykov_3reg_p1,0.1,124.0,11,14,0.0,0.0,125.0,1.0,True,6,0,1.0,0.1521117655351534,125.0,1.0,5,0.00244140625,True,1.0,125.0
3-regular_n100_g14,3-regular,100,QAOA-BF,2048,4,4,103452,True,12,1,wurtz_lykov_3reg_p1,0.1,124.0,11,14,4.0,2.0,125.0,1.0,True,6,2,1.3416407864998738,0.33293264866153716,125.0,1.0,3,0.00146484375,True,1.0,125.0
3-regular_n100_g14,3-regular,100,QAOA-NB,2048,4,4,103452,False,12,1,wurtz_lykov_3reg_p1,0.1,124.0,11,14,0.0,0.0,125.0,1.0,True,6,2,1.0,0.17604402706718547,124.0,0.0,0,0.0,False,0.0,124.0
3-regular_n100_g14,3-regular,100,QAOA-BF,2048,5,5,103453,True,12,1,wurtz_lykov_3reg_p1,0.1,124.0,12,12,4.242640687119285,2.0,125.0,1.0,True,6,0,1.2909944487358056,0.37723726801916946,124.0,0.0,0,0.0,False,0.0,124.0
3-regular_n100_g14,3-regular,100,QAOA-NB,2048,5,5,103453,False,12,1,wurtz_lykov_3reg_p1,0.1,124.0,12,12,0.0,0.0,125.0,1.0,True,6,0,1.0,0.19837424651267394,124.0,0.0,0,0.0,False,0.0,124.0
3-regular_n100_g14,3-regular,100,QAOA-BF,2048,6,6,103454,True,12,1,wurtz_lykov_3reg_p1,0.1,124.0,12,12,3.7416573867739413,2.0,125.0,1.0,True,6,0,1.2366938848016846,0.3375726834052986,125.0,1.0,1,0.00048828125,True,1.0,125.0
3-regular_n100_g14,3-regular,100,QAOA-NB,2048,6,6,103454,False,12,1,wurtz_lykov_3reg_p1,0.1,124.0,12,12,0.0,0.0,125.0,1.0,True,6,0,1.0,0.27311267563393615,124.0,0.0,0,0.0,False,0.0,124.0
3-regular_n100_g14,3-regular,100,QAOA-BF,2048,7,7,103455,True,12,1,wurtz_lykov_3reg_p1,0.1,124.0,11,14,3.4641016151377544,2.0,125.0,1.0,True,6,1,1.2817398889233114,0.2999748440707124,125.0,1.0,1,0.00048828125,True,1.0,125.0
3-regular_n100_g14,3-regular,100,QAOA-NB,2048,7,7,103455,False,12,1,wurtz_lykov_3reg_p1,0.1,124.0,11,14,0.0,0.0,125.0,1.0,True,6,1,1.0,0.21422779858540467,124.0,0.0,0,0.0,False,0.0,124.0
3-regular_n100_g15,3-regular,100,LS-only,,,,,,,,,,127.0,,,,,,,,,,,,,,,,,,127.0
3-regular_n100_g15,3-regular,100,QAOA-BF,32,0,0,101532,True,12,1,wurtz_lykov_3reg_p1,0.1,127.0,12,12,4.69041575982343,2.0,128.0,1.0,True,6,1,1.3377121081198773,0.3301744699980564,127.0,0.0,0,0.0,False,0.0,127.0
3-regular_n100_g15,3-regular,100,QAOA-NB,32,0,0,101532,False,12,1,wurtz_lykov_3reg_p1,0.1,127.0,12,12,0.0,0.0,128.0,1.0,True,6,1,1.0,0.19485872296579484,127.0,0.0,0,0.0,False,0.0,127.0
3-regular_n100_g15,3-regular,100,QAOA-BF,32,1,1,101533,True,12,1,wurtz_lykov_3reg_p1,0.1,127.0,11,14,4.47213595499958,2.0,127.0,0.0,False,6,0,1.3919410907075054,0.3544171154091929,127.0,0.0,0,0.0,False,0.0,127.0
3-regular_n100_g15,3-regular,100,QAOA-NB,32,1,1,101533,False,12,1,wurtz_lykov_3reg_p1,0.1,127.0,11,14,0.0,0.0,127.0,0.0,False,6,0,1.0,0.21876830154728008,127.0,0.0,0,0.0,False,0.0,127.0
3-regular_n100_g15,3-regular,100,QAOA-BF,32,2,2,101534,True,12,1,wurtz_lykov_3reg_p1,0.1,127.0,11,14,3.4641016151377544,2.0,128.0,1.0,True,6,2,1.2817398889233114,0.2991170953879403,127.0,0.0,0,0.0,False,0.0,127.0
3-regular_n100_g15,3-regular,100,QAOA-NB,32,2,2,101534,False,12,1,wurtz_lykov_3reg_p1,0.1,127.0,11,14,0.0,0.0,128.0,1.0,True,6,2,1.0,0.21876830154727997,127.0,0.0,0,0.0,False,0.0,127.0
3-regular_n100_g15,3-regular,100,QAOA-BF,32,3,3,101535,True,12,1,wurtz_lykov_3reg_p1,0.1,127.0,11,14,4.898979485566356,2.0,128.0,1.0,True,6,0,1.4348601079588785,0.32451303508461016,127.0,0.0,0,0.0,False,0.0,127.0
3-regular_n100_g15,3-regular,100,QAOA-NB,32,3,3,101535,False,12,1,wurtz_lykov_3reg_p1,0.1,127.0,11,14,0.0,0.0,128.0,1.0,True,6,0,1.0,0.15241636923846383,127.0,0.0,0,0.0,False,0.0,127.0
3-regular_n100_g15,3-regular,100,QAOA-BF,32,4,4,101536,True,12,1,wurtz_lykov_3reg_p1,0.1,127.0,11,14,4.47213595499958,2.0,128.0,1.0,True,6,0,1.3919410907075054,0.29098569013139025,127.0,0.0,0,0.0,False,0.0,127.0
3-regular_n100_g15,3-regular,100,QAOA-NB,32,4,4,101536,False,12,1,wurtz_lykov_3reg_p1,0.1,127.0,11,14,0.0,0.0,128.0,1.0,True,6,0,1.0,0.1224948287162504,127.0,0.0,0,0.0,False,0.0,127.0
3-regular_n100_g15,3-regular,100,QAOA-BF,32,5,5,101537,True,12,1,wurtz_lykov_3reg_p1,0.1,127.0,11,14,4.47213595499958,2.0,128.0,1.0,True,6,0,1.3919410907075054,0.36008750046489535,127.0,0.0,0,0.0,False,0.0,127.0
3-regular_n100_g15,3-regular,100,QAOA-NB,32,5,5,101537,False,12,1,wurtz_lykov_3reg_p1,0.1,127.0,11,14,0.0,0.0,128.0,1.0,True,6,0,1.0,0.21422779858540467,127.0,0.0,0,0.0,False,0.0,127.0
3-regular_n100_g15,3-regular,100,QAOA-BF,32,6,6,101538,True,12,1,wurtz_lykov_3reg_p1,0.1,127.0,12,12,3.1622776601683795,2.0,128.0,1.0,True,6,3,1.1726039399558574,0.35812637301286854,127.0,0.0,0,0.0,False,0.0,127.0
3-regular_n100_g15,3-regular,100,QAOA-NB,32,6,6,101538,False,12,1,wurtz_lykov_3reg_p1,0.1,127.0,12,12,0.0,0.0,128.0,1.0,True,6,3,1.0,0.2482422811839667,127.0,0.0,0,0.0,False,0.0,127.0
3-regular_n100_g15,3-regular,100,QAOA-BF,32,7,7,101539,True,12,1,wurtz_lykov_3reg_p1,0.1,127.0,12,12,3.1622776601683795,2.0,127.0,0.0,False,6,0,1.1726039399558574,0.41686962182625886,127.0,0.0,0,0.0,False,0.0,127.0
3-regular_n100_g15,3-regular,100,QAOA-NB,32,7,7,101539,False,12,1,wurtz_lykov_3reg_p1,0.1,127.0,12,12,0.0,0.0,127.0,0.0,False,6,0,1.0,0.42299669646094595,127.0,0.0,0,0.0,False,0.0,127.0
3-regular_n100_g15,3-regular,100,QAOA-BF,128,0,0,101628,True,12,1,wurtz_lykov_3reg_p1,0.1,127.0,12,12,3.4641016151377544,2.0,128.0,1.0,True,6,2,1.2649110640673518,0.33153256092955374,127.0,0.0,0,0.0,False,0.0,127.0
3-regular_n100_g15,3-regular,100,QAOA-NB,128,0,0,101628,False,12,1,wurtz_lykov_3reg_p1,0.1,127.0,12,12,0.0,0.0,128.0,1.0,True,6,2,1.0,0.2866099924727878,127.0,0.0,0,0.0,False,0.0,127.0
3-regular_n100_g15,3-regular,100,QAOA-BF,128,1,1,101629,True,12,1,wurtz_lykov_3reg_p1,0.1,127.0,11,14,4.47213595499958,2.0,128.0,1.0,True,6,1,1.3919410907075054,0.35909850696124335,127.0,0.0,0,0.0,False,0.0,127.0
3-regular_n100_g15,3-regular,100,QAOA-NB,128,1,1,101629,False,12,1,wurtz_lykov_3reg_p1,0.1,127.0,11,14,0.0,0.0,128.0,1.0,True,6,1,1.0,0.21876830154727997,127.0,0.0,0,0.0,False,0.0,127.0
3-regular_n100_g15,3-regular,100,QAOA-BF,128,2,2,101630,True,12,1,wurtz_lykov_3reg_p1,0.1,127.0,11,14,3.4641016151377544,2.0,128.0,1.0,True,6,2,1.2817398889233114,0.30369048133150445,128.0,1.0,1,0.0078125,True,1.0,128.0
3-regular_n100_g15,3-regular,100,QAOA-NB,128,2,2,101630,False,12,1,wurtz_lykov_3reg_p1,0.1,127.0,11,14,0.0,0.0,128.0,1.0,True,6,2,1.0,0.21876830154728003,128.0,1.0,2,0.015625,True,1.0,128.0
3-regular_n100_g15,3-regular,100,QAOA-BF,128,3,3,101631,True,12,1,wurtz_lykov_3reg_p1,0.1,127.0,12,12,4.242640687119285,2.0,128.0,1.0,True,6,2,1.2909944487358056,0.3516541642176753,127.0,0.0,0,0.0,False,0.0,127.0
3-regular_n100_g15,3-regular,100,QAOA-NB,128,3,3,101631,False,12,1,wurtz_lykov_3reg_p1,0.1,127.0,12,12,0.0,0.0,128.0,1.0,True,6,2,1.0,0.17305638722949918,127.0,0.0,0,0.0,False,0.0,127.0
3-regular_n100_g15,3-regular,100,QAOA-BF,128,4,4,101632,True,12,1,wurtz_lykov_3reg_p1,0.1,127.0,11,14,4.47213595499958,2.0,129.0,2.0,True,6,2,1.3919410907075054,0.2975689271548164,129.0,2.0,2,0.015625,True,2.0,129.0
3-regular_n100_g15,3-regular,100,QAOA-NB,128,4,4,101632,False,12,1,wurtz_lykov_3reg_p1,0.1,127.0,11,14,0.0,0.0,129.0,2.0,True,6,2,1.0,0.1524163692384637,128.0,1.0,2,0.015625,True,1.0,128.0
3-regular_n100_g15,3-regular,100,QAOA-BF,128,5,5,101633,True,12,1,wurtz_lykov_3reg_p1,0.1,127.0,12,12,3.7416573867739413,2.0,127.0,0.0,False,6,0,1.2366938848016846,0.5121688321431985,127.0,0.0,0,0.0,False,0.0,127.0
3-regular_n100_g15,3-regular,100,QAOA-NB,128,5,5,101633,False,12,1,wurtz_lykov_3reg_p1,0.1,127.0,12,12,0.0,0.0,127.0,0.0,False,6,0,1.0,0.42299669646094595,127.0,0.0,0,0.0,False,0.0,127.0
3-regular_n100_g15,3-regular,100,QAOA-BF,128,6,6,101634,True,12,1,wurtz_lykov_3reg_p1,0.1,127.0,11,14,4.0,2.0,127.0,0.0,False,6,0,1.3416407864998738,0.39443570560539826,127.0,0.0,0,0.0,False,0.0,127.0
3-regular_n100_g15,3-regular,100,QAOA-NB,128,6,6,101634,False,12,1,wurtz_lykov_3reg_p1,0.1,127.0,11,14,0.0,0.0,127.0,0.0,False,6,0,1.0,0.3018724157119837,127.0,0.0,0,0.0,False,0.0,127.0
3-regular_n100_g15,3-regular,100,QAOA-BF,128,7,7,101635,True,12,1,wurtz_lykov_3reg_p1,0.1,127.0,11,14,4.898979485566356,2.0,128.0,1.0,True,6,0,1.4348601079588785,0.3201378680165372,127.0,0.0,0,0.0,False,0.0,127.0
3-regular_n100_g15,3-regular,100,QAOA-NB,128,7,7,101635,False,12,1,wurtz_lykov_3reg_p1,0.1,127.0,11,14,0.0,0.0,128.0,1.0,True,6,0,1.0,0.15241636923846386,127.0,0.0,0,0.0,False,0.0,127.0
3-regular_n100_g15,3-regular,100,QAOA-BF,512,0,0,102012,True,12,1,wurtz_lykov_3reg_p1,0.1,127.0,12,12,3.1622776601683795,2.0,129.0,2.0,True,6,2,1.1726039399558574,0.32295554437691393,127.0,0.0,0,0.0,False,0.0,127.0
3-regular_n100_g15,3-regular,100,QAOA-NB,512,0,0,102012,False,12,1,wurtz_lykov_3reg_p1,0.1,127.0,12,12,0.0,0.0,129.0,2.0,True,6,2,1.0,0.20155450150964016,127.0,0.0,0,0.0,False,0.0,127.0
3-regular_n100_g15,3-regular,100,QAOA-BF,512,1,1,102013,True,12,1,wurtz_lykov_3reg_p1,0.1,127.0,12,12,3.4641016151377544,2.0,128.0,1.0,True,6,2,1.2649110640673518,0.33153256092955374,127.0,0.0,0,0.0,False,0.0,127.0
3-regular_n100_g15,3-regular,100,QAOA-NB,512,1,1,102013,False,12,1,wurtz_lykov_3reg_p1,0.1,127.0,12,12,0.0,0.0,128.0,1.0,True,6,2,1.0,0.2866099924727878,127.0,0.0,0,0.0,False,0.0,127.0
3-regular_n100_g15,3-regular,100,QAOA-BF,512,2,2,102014,True,12,1,wurtz_lykov_3reg_p1,0.1,127.0,12,12,4.242640687119285,2.0,128.0,1.0,True,6,4,1.2909944487358056,0.3516541642176749,127.0,0.0,0,0.0,False,0.0,127.0
3-regular_n100_g15,3-regular,100,QAOA-NB,512,2,2,102014,False,12,1,wurtz_lykov_3reg_p1,0.1,127.0,12,12,0.0,0.0,128.0,1.0,True,6,4,1.0,0.17305638722949918,127.0,0.0,0,0.0,False,0.0,127.0
3-regular_n100_g15,3-regular,100,QAOA-BF,512,3,3,102015,True,12,1,wurtz_lykov_3reg_p1,0.1,127.0,11,14,4.47213595499958,2.0,128.0,1.0,True,6,0,1.3919410907075054,0.297508598121584,128.0,1.0,7,0.013671875,True,1.0,128.0
3-regular_n100_g15,3-regular,100,QAOA-NB,512,3,3,102015,False,12,1,wurtz_lykov_3reg_p1,0.1,127.0,11,14,0.0,0.0,128.0,1.0,True,6,0,1.0,0.1524163692384639,128.0,1.0,2,0.00390625,True,1.0,128.0
3-regular_n100_g15,3-regular,100,QAOA-BF,512,4,4,102016,True,12,1,wurtz_lykov_3reg_p1,0.1,127.0,11,14,4.0,2.0,127.0,0.0,False,6,0,1.3416407864998738,0.3227132077187036,127.0,0.0,0,0.0,False,0.0,127.0
3-regular_n100_g15,3-regular,100,QAOA-NB,512,4,4,102016,False,12,1,wurtz_lykov_3reg_p1,0.1,127.0,11,14,0.0,0.0,127.0,0.0,False,6,0,1.0,0.21422779858540472,127.0,0.0,0,0.0,False,0.0,127.0
3-regular_n100_g15,3-regular,100,QAOA-BF,512,5,5,102017,True,12,1,wurtz_lykov_3reg_p1,0.1,127.0,11,14,4.0,2.0,128.0,1.0,True,6,0,1.3416407864998738,0.3271962245163453,128.0,1.0,4,0.0078125,True,1.0,128.0
3-regular_n100_g15,3-regular,100,QAOA-NB,512,5,5,102017,False,12,1,wurtz_lykov_3reg_p1,0.1,127.0,11,14,0.0,0.0,128.0,1.0,True,6,0,1.0,0.21469703639132898,128.0,1.0,7,0.013671875,True,1.0,128.0
3-regular_n100_g15,3-regular,100,QAOA-BF,512,6,6,102018,True,12,1,wurtz_lykov_3reg_p1,0.1,127.0,11,14,4.0,2.0,128.0,1.0,True,6,2,1.3416407864998738,0.3322122719771742,128.0,1.0,5,0.009765625,True,1.0,128.0
3-regular_n100_g15,3-regular,100,QAOA-NB,512,6,6,102018,False,12,1,wurtz_lykov_3reg_p1,0.1,127.0,11,14,0.0,0.0,128.0,1.0,True,6,2,1.0,0.21469703639132892,128.0,1.0,1,0.001953125,True,1.0,128.0
3-regular_n100_g15,3-regular,100,QAOA-BF,512,7,7,102019,True,12,1,wurtz_lykov_3reg_p1,0.1,127.0,11,14,4.0,2.0,129.0,2.0,True,6,5,1.3416407864998738,0.272764209895908,128.0,1.0,3,0.005859375,True,1.0,128.0
3-regular_n100_g15,3-regular,100,QAOA-NB,512,7,7,102019,False,12,1,wurtz_lykov_3reg_p1,0.1,127.0,11,14,0.0,0.0,129.0,2.0,True,6,5,1.0,0.12249482871625036,127.0,0.0,0,0.0,False,0.0,127.0
3-regular_n100_g15,3-regular,100,QAOA-BF,2048,0,0,103548,True,12,1,wurtz_lykov_3reg_p1,0.1,127.0,11,14,4.0,2.0,128.0,1.0,True,6,2,1.3416407864998738,0.3314920943134708,128.0,1.0,17,0.00830078125,True,1.0,128.0
3-regular_n100_g15,3-regular,100,QAOA-NB,2048,0,0,103548,False,12,1,wurtz_lykov_3reg_p1,0.1,127.0,11,14,0.0,0.0,128.0,1.0,True,6,2,1.0,0.21876830154728008,128.0,1.0,9,0.00439453125,True,1.0,128.0
3-regular_n100_g15,3-regular,100,QAOA-BF,2048,1,1,103549,True,12,1,wurtz_lykov_3reg_p1,0.1,127.0,11,14,4.47213595499958,2.0,128.0,1.0,True,6,1,1.3919410907075054,0.29400409064194083,128.0,1.0,15,0.00732421875,True,1.0,128.0
3-regular_n100_g15,3-regular,100,QAOA-NB,2048,1,1,103549,False,12,1,wurtz_lykov_3reg_p1,0.1,127.0,11,14,0.0,0.0,128.0,1.0,True,6,1,1.0,0.1521117655351534,128.0,1.0,6,0.0029296875,True,1.0,128.0
3-regular_n100_g15,3-regular,100,QAOA-BF,2048,2,2,103550,True,12,1,wurtz_lykov_3reg_p1,0.1,127.0,11,14,4.0,2.0,128.0,1.0,True,6,4,1.3416407864998738,0.3322127415346854,128.0,1.0,19,0.00927734375,True,1.0,128.0
3-regular_n100_g15,3-regular,100,QAOA-NB,2048,2,2,103550,False,12,1,wurtz_lykov_3reg_p1,0.1,127.0,11,14,0.0,0.0,128.0,1.0,True,6,4,1.0,0.21469703639132898,128.0,1.0,12,0.005859375,True,1.0,128.0
3-regular_n100_g15,3-regular,100,QAOA-BF,2048,3,3,103551,True,12,1,wurtz_lykov_3reg_p1,0.1,127.0,11,14,4.0,2.0,127.0,0.0,False,6,0,1.3416407864998738,0.33322023774877324,127.0,0.0,0,0.0,False,0.0,127.0
3-regular_n100_g15,3-regular,100,QAOA-NB,2048,3,3,103551,False,12,1,wurtz_lykov_3reg_p1,0.1,127.0,11,14,0.0,0.0,127.0,0.0,False,6,0,1.0,0.17604402706718547,127.0,0.0,0,0.0,False,0.0,127.0
3-regular_n100_g15,3-regular,100,QAOA-BF,2048,4,4,103552,True,12,1,wurtz_lykov_3reg_p1,0.1,127.0,11,14,3.4641016151377544,2.0,128.0,1.0,True,6,2,1.2817398889233114,0.2967159634827279,127.0,0.0,0,0.0,False,0.0,127.0
3-regular_n100_g15,3-regular,100,QAOA-NB,2048,4,4,103552,False,12,1,wurtz_lykov_3reg_p1,0.1,127.0,11,14,0.0,0.0,128.0,1.0,True,6,2,1.0,0.1717094734145483,127.0,0.0,0,0.0,False,0.0,127.0
3-regular_n100_g15,3-regular,100,QAOA-BF,2048,5,5,103553,True,12,1,wurtz_lykov_3reg_p1,0.1,127.0,11,14,4.47213595499958,2.0,129.0,2.0,True,6,3,1.3919410907075054,0.2934355619575083,129.0,2.0,35,0.01708984375,True,2.0,129.0
3-regular_n100_g15,3-regular,100,QAOA-NB,2048,5,5,103553,False,12,1,wurtz_lykov_3reg_p1,0.1,127.0,11,14,0.0,0.0,129.0,2.0,True,6,3,1.0,0.1521117655351534,129.0,2.0,10,0.0048828125,True,2.0,129.0
3-regular_n100_g15,3-regular,100,QAOA-BF,2048,6,6,103554,True,12,1,wurtz_lykov_3reg_p1,0.1,127.0,11,14,4.898979485566356,2.0,128.0,1.0,True,6,4,1.4348601079588785,0.3201378680165372,128.0,1.0,9,0.00439453125,True,1.0,128.0
3-regular_n100_g15,3-regular,100,QAOA-NB,2048,6,6,103554,False,12,1,wurtz_lykov_3reg_p1,0.1,127.0,11,14,0.0,0.0,128.0,1.0,True,6,4,1.0,0.15241636923846377,128.0,1.0,9,0.00439453125,True,1.0,128.0
3-regular_n100_g15,3-regular,100,QAOA-BF,2048,7,7,103555,True,12,1,wurtz_lykov_3reg_p1,0.1,127.0,11,14,4.898979485566356,2.0,127.0,0.0,False,6,0,1.4348601079588785,0.4864744386296274,127.0,0.0,0,0.0,False,0.0,127.0
3-regular_n100_g15,3-regular,100,QAOA-NB,2048,7,7,103555,False,12,1,wurtz_lykov_3reg_p1,0.1,127.0,11,14,0.0,0.0,127.0,0.0,False,6,0,1.0,0.2529047219308405,127.0,0.0,0,0.0,False,0.0,127.0
3-regular_n100_g16,3-regular,100,LS-only,,,,,,,,,,125.0,,,,,,,,,,,,,,,,,,125.0
3-regular_n100_g16,3-regular,100,QAOA-BF,32,0,0,101632,True,12,1,wurtz_lykov_3reg_p1,0.1,125.0,12,12,4.242640687119285,2.0,127.0,2.0,True,6,4,1.2909944487358056,0.28424769328901356,125.0,0.0,0,0.0,False,0.0,125.0
3-regular_n100_g16,3-regular,100,QAOA-NB,32,0,0,101632,False,12,1,wurtz_lykov_3reg_p1,0.1,125.0,12,12,0.0,0.0,127.0,2.0,True,6,4,1.0,0.11866331782461217,125.0,0.0,0,0.0,False,0.0,125.0
3-regular_n100_g16,3-regular,100,QAOA-BF,32,1,1,101633,True,12,1,wurtz_lykov_3reg_p1,0.1,125.0,13,10,3.1622776601683795,2.0,127.0,2.0,True,6,2,1.1631599960755994,0.3338652133496976,125.0,0.0,0,0.0,False,0.0,125.0
3-regular_n100_g16,3-regular,100,QAOA-NB,32,1,1,101633,False,12,1,wurtz_lykov_3reg_p1,0.1,125.0,13,10,0.0,0.0,127.0,2.0,True,6,2,1.0,0.1675843681518672,125.0,0.0,0,0.0,False,0.0,125.0
3-regular_n100_g16,3-regular,100,QAOA-BF,32,2,2,101634,True,12,1,wurtz_lykov_3reg_p1,0.1,125.0,11,14,4.47213595499958,2.0,127.0,2.0,True,6,3,1.3919410907075054,0.29353645892894686,125.0,0.0,0,0.0,False,0.0,125.0
3-regular_n100_g16,3-regular,100,QAOA-NB,32,2,2,101634,False,12,1,wurtz_lykov_3reg_p1,0.1,125.0,11,14,0.0,0.0,127.0,2.0,True,6,3,1.0,0.1524163692384639,126.0,1.0,1,0.03125,True,1.0,126.0
3-regular_n100_g16,3-regular,100,QAOA-BF,32,3,3,101635,True,12,1,wurtz_lykov_3reg_p1,0.1,125.0,12,12,3.1622776601683795,2.0,127.0,2.0,True,6,3,1.1726039399558574,0.31512768623658066,125.0,0.0,0,0.0,False,0.0,125.0
3-regular_n100_g16,3-regular,100,QAOA-NB,32,3,3,101635,False,12,1,wurtz_lykov_3reg_p1,0.1,125.0,12,12,0.0,0.0,127.0,2.0,True,6,3,1.0,0.2691465894002399,125.0,0.0,0,0.0,False,0.0,125.0
3-regular_n100_g16,3-regular,100,QAOA-BF,32,4,4,101636,True,12,1,wurtz_lykov_3reg_p1,0.1,125.0,12,12,3.7416573867739413,2.0,127.0,2.0,True,6,0,1.2366938848016846,0.28345116726127556,125.0,0.0,0,0.0,False,0.0,125.0
3-regular_n100_g16,3-regular,100,QAOA-NB,32,4,4,101636,False,12,1,wurtz_lykov_3reg_p1,0.1,125.0,12,12,0.0,0.0,127.0,2.0,True,6,0,1.0,0.21890649759942796,125.0,0.0,0,0.0,False,0.0,125.0
3-regular_n100_g16,3-regular,100,QAOA-BF,32,5,5,101637,True,12,1,wurtz_lykov_3reg_p1,0.1,125.0,11,14,3.4641016151377544,2.0,126.0,1.0,True,6,2,1.2817398889233114,0.3067415086612198,125.0,0.0,0,0.0,False,0.0,125.0
3-regular_n100_g16,3-regular,100,QAOA-NB,32,5,5,101637,False,12,1,wurtz_lykov_3reg_p1,0.1,125.0,11,14,0.0,0.0,126.0,1.0,True,6,2,1.0,0.2716069211628067,125.0,0.0,0,0.0,False,0.0,125.0
3-regular_n100_g16,3-regular,100,QAOA-BF,32,6,6,101638,True,12,1,wurtz_lykov_3reg_p1,0.1,125.0,12,12,3.7416573867739413,2.0,126.0,1.0,True,6,2,1.2366938848016846,0.3974042090703772,125.0,0.0,0,0.0,False,0.0,125.0
3-regular_n100_g16,3-regular,100,QAOA-NB,32,6,6,101638,False,12,1,wurtz_lykov_3reg_p1,0.1,125.0,12,12,0.0,0.0,126.0,1.0,True,6,2,1.0,0.25300232681865886,125.0,0.0,0,0.0,False,0.0,125.0
3-regular_n100_g16,3-regular,100,QAOA-BF,32,7,7,101639,True,12,1,wurtz_lykov_3reg_p1,0.1,125.0,12,12,3.1622776601683795,2.0,126.0,1.0,True,6,2,1.1726039399558574,0.3217206092252651,125.0,0.0,0,0.0,False,0.0,125.0
3-regular_n100_g16,3-regular,100,QAOA-NB,32,7,7,101639,False,12,1,wurtz_lykov_3reg_p1,0.1,125.0,12,12,0.0,0.0,126.0,1.0,True,6,2,1.0,0.27311267563393604,126.0,1.0,1,0.03125,True,1.0,126.0
3-regular_n100_g16,3-regular,100,QAOA-BF,128,0,0,101728,True,12,1,wurtz_lykov_3reg_p1,0.1,125.0,12,12,3.1622776601683795,2.0,126.0,1.0,True,6,3,1.1726039399558574,0.3262376997057617,126.0,1.0,3,0.0234375,True,1.0,126.0
3-regular_n100_g16,3-regular,100,QAOA-NB,128,0,0,101728,False,12,1,wurtz_lykov_3reg_p1,0.1,125.0,12,12,0.0,0.0,126.0,1.0,True,6,3,1.0,0.24768427814116276,126.0,1.0,1,0.0078125,True,1.0,126.0
3-regular_n100_g16,3-regular,100,QAOA-BF,128,1,1,101729,True,12,1,wurtz_lykov_3reg_p1,0.1,125.0,13,10,2.449489742783178,2.0,127.0,2.0,True,6,0,1.0897247358851685,0.332017257164333,125.0,0.0,0,0.0,False,0.0,125.0
3-regular_n100_g16,3-regular,100,QAOA-NB,128,1,1,101729,False,12,1,wurtz_lykov_3reg_p1,0.1,125.0,13,10,0.0,0.0,127.0,2.0,True,6,0,1.0,0.2760911440396283,125.0,0.0,0,0.0,False,0.0,125.0
3-regular_n100_g16,3-regular,100,QAOA-BF,128,2,2,101730,True,12,1,wurtz_lykov_3reg_p1,0.1,125.0,12,12,4.0,2.0,126.0,1.0,True,6,0,1.3228756555322954,0.3019673381141558,125.0,0.0,0,0.0,False,0.0,125.0
3-regular_n100_g16,3-regular,100,QAOA-NB,128,2,2,101730,False,12,1,wurtz_lykov_3reg_p1,0.1,125.0,12,12,0.0,0.0,126.0,1.0,True,6,0,1.0,0.20340504059379272,125.0,0.0,0,0.0,False,0.0,125.0
3-regular_n100_g16,3-regular,100,QAOA-BF,128,3,3,101731,True,12,1,wurtz_lykov_3reg_p1,0.1,125.0,12,12,3.7416573867739413,2.0,128.0,3.0,True,6,1,1.2366938848016846,0.313833902922035,126.0,1.0,1,0.0078125,True,1.0,126.0
3-regular_n100_g16,3-regular,100,QAOA-NB,128,3,3,101731,False,12,1,wurtz_lykov_3reg_p1,0.1,125.0,12,12,0.0,0.0,128.0,3.0,True,6,1,1.0,0.24191304647630574,126.0,1.0,1,0.0078125,True,1.0,126.0
3-regular_n100_g16,3-regular,100,QAOA-BF,128,4,4,101732,True,12,1,wurtz_lykov_3reg_p1,0.1,125.0,11,14,4.898979485566356,2.0,126.0,1.0,True,6,1,1.4348601079588785,0.32451109550751644,126.0,1.0,1,0.0078125,True,1.0,126.0
3-regular_n100_g16,3-regular,100,QAOA-NB,128,4,4,101732,False,12,1,wurtz_lykov_3reg_p1,0.1,125.0,11,14,0.0,0.0,126.0,1.0,True,6,1,1.0,0.15211176553515351,125.0,0.0,0,0.0,False,0.0,125.0
3-regular_n100_g16,3-regular,100,QAOA-BF,128,5,5,101733,True,12,1,wurtz_lykov_3reg_p1,0.1,125.0,12,12,3.4641016151377544,2.0,126.0,1.0,True,6,0,1.2649110640673518,0.28074907192503457,125.0,0.0,0,0.0,False,0.0,125.0
3-regular_n100_g16,3-regular,100,QAOA-NB,128,5,5,101733,False,12,1,wurtz_lykov_3reg_p1,0.1,125.0,12,12,0.0,0.0,126.0,1.0,True,6,0,1.0,0.20340504059379247,126.0,1.0,2,0.015625,True,1.0,126.0
3-regular_n100_g16,3-regular,100,QAOA-BF,128,6,6,101734,True,12,1,wurtz_lykov_3reg_p1,0.1,125.0,13,10,2.449489742783178,2.0,127.0,2.0,True,6,0,1.0897247358851685,0.332017257164333,125.0,0.0,0,0.0,False,0.0,125.0
3-regular_n100_g16,3-regular,100,QAOA-NB,128,6,6,101734,False,12,1,wurtz_lykov_3reg_p1,0.1,125.0,13,10,0.0,0.0,127.0,2.0,True,6,0,1.0,0.2760911440396283,125.0,0.0,0,0.0,False,0.0,125.0
3-regular_n100_g16,3-regular,100,QAOA-BF,128,7,7,101735,True,12,1,wurtz_lykov_3reg_p1,0.1,125.0,13,10,2.0,1.0,127.0,2.0,True,6,5,1.0,0.33595052053048996,126.0,1.0,1,0.0078125,True,1.0,126.0
3-regular_n100_g16,3-regular,100,QAOA-NB,128,7,7,101735,False,12,1,wurtz_lykov_3reg_p1,0.1,125.0,13,10,0.0,0.0,127.0,2.0,True,6,5,1.0,0.25148732600575596,126.0,1.0,1,0.0078125,True,1.0,126.0
3-regular_n100_g16,3-regular,100,QAOA-BF,512,0,0,102112,True,12,1,wurtz_lykov_3reg_p1,0.1,125.0,12,12,3.1622776601683795,2.0,127.0,2.0,True,6,0,1.1726039399558574,0.3262090433070174,126.0,1.0,2,0.00390625,True,1.0,126.0
3-regular_n100_g16,3-regular,100,QAOA-NB,512,0,0,102112,False,12,1,wurtz_lykov_3reg_p1,0.1,125.0,12,12,0.0,0.0,127.0,2.0,True,6,0,1.0,0.2492777597153184,126.0,1.0,1,0.001953125,True,1.0,126.0
3-regular_n100_g16,3-regular,100,QAOA-BF,512,1,1,102113,True,12,1,wurtz_lykov_3reg_p1,0.1,125.0,12,12,2.449489742783178,2.0,126.0,1.0,True,6,0,1.0954451150103321,0.34724961561396367,126.0,1.0,12,0.0234375,True,1.0,126.0
3-regular_n100_g16,3-regular,100,QAOA-NB,512,1,1,102113,False,12,1,wurtz_lykov_3reg_p1,0.1,125.0,12,12,0.0,0.0,126.0,1.0,True,6,0,1.0,0.2543744511499187,126.0,1.0,4,0.0078125,True,1.0,126.0
3-regular_n100_g16,3-regular,100,QAOA-BF,512,2,2,102114,True,12,1,wurtz_lykov_3reg_p1,0.1,125.0,13,10,3.1622776601683795,2.0,127.0,2.0,True,6,0,1.1631599960755994,0.3338652133496979,125.0,0.0,0,0.0,False,0.0,125.0
3-regular_n100_g16,3-regular,100,QAOA-NB,512,2,2,102114,False,12,1,wurtz_lykov_3reg_p1,0.1,125.0,13,10,0.0,0.0,127.0,2.0,True,6,0,1.0,0.1675843681518672,125.0,0.0,0,0.0,False,0.0,125.0
3-regular_n100_g16,3-regular,100,QAOA-BF,512,3,3,102115,True,12,1,wurtz_lykov_3reg_p1,0.1,125.0,11,14,4.0,2.0,127.0,2.0,True,6,1,1.3416407864998738,0.2713325187170842,127.0,2.0,5,0.009765625,True,2.0,127.0
3-regular_n100_g16,3-regular,100,QAOA-NB,512,3,3,102115,False,12,1,wurtz_lykov_3reg_p1,0.1,125.0,11,14,0.0,0.0,127.0,2.0,True,6,1,1.0,0.1524163692384637,127.0,2.0,8,0.015625,True,2.0,127.0
3-regular_n100_g16,3-regular,100,QAOA-BF,512,4,4,102116,True,12,1,wurtz_lykov_3reg_p1,0.1,125.0,12,12,3.7416573867739413,2.0,126.0,1.0,True,6,0,1.2366938848016846,0.32766421187061495,126.0,1.0,13,0.025390625,True,1.0,126.0
3-regular_n100_g16,3-regular,100,QAOA-NB,512,4,4,102116,False,12,1,wurtz_lykov_3reg_p1,0.1,125.0,12,12,0.0,0.0,126.0,1.0,True,6,0,1.0,0.17509781321018578,126.0,1.0,5,0.009765625,True,1.0,126.0
3-regular_n100_g16,3-regular,100,QAOA-BF,512,5,5,102117,True,12,1,wurtz_lykov_3reg_p1,0.1,125.0,12,12,3.7416573867739413,2.0,128.0,3.0,True,6,5,1.2366938848016846,0.313833902922035,128.0,3.0,15,0.029296875,True,3.0,128.0
3-regular_n100_g16,3-regular,100,QAOA-NB,512,5,5,102117,False,12,1,wurtz_lykov_3reg_p1,0.1,125.0,12,12,0.0,0.0,128.0,3.0,True,6,5,1.0,0.24191304647630574,127.0,2.0,6,0.01171875,True,2.0,127.0
3-regular_n100_g16,3-regular,100,QAOA-BF,512,6,6,102118,True,12,1,wurtz_lykov_3reg_p1,0.1,125.0,12,12,4.242640687119285,2.0,126.0,1.0,True,6,0,1.2909944487358056,0.2851734968820136,126.0,1.0,5,0.009765625,True,1.0,126.0
3-regular_n100_g16,3-regular,100,QAOA-NB,512,6,6,102118,False,12,1,wurtz_lykov_3reg_p1,0.1,125.0,12,12,0.0,0.0,126.0,1.0,True,6,0,1.0,0.1355566840011521,126.0,1.0,2,0.00390625,True,1.0,126.0
3-regular_n100_g16,3-regular,100,QAOA-BF,512,7,7,102119,True,12,1,wurtz_lykov_3reg_p1,0.1,125.0,11,14,3.4641016151377544,2.0,127.0,2.0,True,6,1,1.2817398889233114,0.2513047207788669,126.0,1.0,11,0.021484375,True,1.0,126.0
3-regular_n100_g16,3-regular,100,QAOA-NB,512,7,7,102119,False,12,1,wurtz_lykov_3reg_p1,0.1,125.0,11,14,0.0,0.0,127.0,2.0,True,6,1,1.0,0.19289914765349228,126.0,1.0,3,0.005859375,True,1.0,126.0
3-regular_n100_g16,3-regular,100,QAOA-BF,2048,0,0,103648,True,12,1,wurtz_lykov_3reg_p1,0.1,125.0,12,12,2.449489742783178,2.0,126.0,1.0,True,6,1,1.0954451150103321,0.3699221096840946,126.0,1.0,22,0.0107421875,True,1.0,126.0
3-regular_n100_g16,3-regular,100,QAOA-NB,2048,0,0,103648,False,12,1,wurtz_lykov_3reg_p1,0.1,125.0,12,12,0.0,0.0,126.0,1.0,True,6,1,1.0,0.3625396849222058,126.0,1.0,30,0.0146484375,True,1.0,126.0
3-regular_n100_g16,3-regular,100,QAOA-BF,2048,1,1,103649,True,12,1,wurtz_lykov_3reg_p1,0.1,125.0,11,14,4.898979485566356,2.0,126.0,1.0,True,6,0,1.4348601079588785,0.3201378680165374,126.0,1.0,22,0.0107421875,True,1.0,126.0
3-regular_n100_g16,3-regular,100,QAOA-NB,2048,1,1,103649,False,12,1,wurtz_lykov_3reg_p1,0.1,125.0,11,14,0.0,0.0,126.0,1.0,True,6,0,1.0,0.1524163692384637,126.0,1.0,10,0.0048828125,True,1.0,126.0
3-regular_n100_g16,3-regular,100,QAOA-BF,2048,2,2,103650,True,12,1,wurtz_lykov_3reg_p1,0.1,125.0,12,12,3.7416573867739413,2.0,126.0,1.0,True,6,1,1.2366938848016846,0.3873909083049957,126.0,1.0,22,0.0107421875,True,1.0,126.0
3-regular_n100_g16,3-regular,100,QAOA-NB,2048,2,2,103650,False,12,1,wurtz_lykov_3reg_p1,0.1,125.0,12,12,0.0,0.0,126.0,1.0,True,6,1,1.0,0.3120253958677629,126.0,1.0,10,0.0048828125,True,1.0,126.0
3-regular_n100_g16,3-regular,100,QAOA-BF,2048,3,3,103651,True,12,1,wurtz_lykov_3reg_p1,0.1,125.0,12,12,4.0,2.0,126.0,1.0,True,6,0,1.3228756555322954,0.30196733811415594,126.0,1.0,9,0.00439453125,True,1.0,126.0
3-regular_n100_g16,3-regular,100,QAOA-NB,2048,3,3,103651,False,12,1,wurtz_lykov_3reg_p1,0.1,125.0,12,12,0.0,0.0,126.0,1.0,True,6,0,1.0,0.2034050405937926,126.0,1.0,9,0.00439453125,True,1.0,126.0
3-regular_n100_g16,3-regular,100,QAOA-BF,2048,4,4,103652,True,12,1,wurtz_lykov_3reg_p1,0.1,125.0,11,14,4.47213595499958,2.0,127.0,2.0,True,6,4,1.3919410907075054,0.2934355619575083,127.0,2.0,23,0.01123046875,True,2.0,127.0
3-regular_n100_g16,3-regular,100,QAOA-NB,2048,4,4,103652,False,12,1,wurtz_lykov_3reg_p1,0.1,125.0,11,14,0.0,0.0,127.0,2.0,True,6,4,1.0,0.15211176553515346,127.0,2.0,15,0.00732421875,True,2.0,127.0
3-regular_n100_g16,3-regular,100,QAOA-BF,2048,5,5,103653,True,12,1,wurtz_lykov_3reg_p1,0.1,125.0,13,10,2.449489742783178,2.0,127.0,2.0,True,6,0,1.0897247358851685,0.33201725716433284,126.0,1.0,11,0.00537109375,True,1.0,126.0
3-regular_n100_g16,3-regular,100,QAOA-NB,2048,5,5,103653,False,12,1,wurtz_lykov_3reg_p1,0.1,125.0,13,10,0.0,0.0,127.0,2.0,True,6,0,1.0,0.2760911440396284,126.0,1.0,11,0.00537109375,True,1.0,126.0
3-regular_n100_g16,3-regular,100,QAOA-BF,2048,6,6,103654,True,12,1,wurtz_lykov_3reg_p1,0.1,125.0,12,12,4.242640687119285,2.0,127.0,2.0,True,6,0,1.2909944487358056,0.28897849038244877,127.0,2.0,16,0.0078125,True,2.0,127.0
3-regular_n100_g16,3-regular,100,QAOA-NB,2048,6,6,103654,False,12,1,wurtz_lykov_3reg_p1,0.1,125.0,12,12,0.0,0.0,127.0,2.0,True,6,0,1.0,0.12096538606332574,126.0,1.0,5,0.00244140625,True,1.0,126.0
3-regular_n100_g16,3-regular,100,QAOA-BF,2048,7,7,103655,True,12,1,wurtz_lykov_3reg_p1,0.1,125.0,13,10,2.449489742783178,2.0,127.0,2.0,True,6,0,1.0897247358851685,0.332017257164333,126.0,1.0,10,0.0048828125,True,1.0,126.0
3-regular_n100_g16,3-regular,100,QAOA-NB,2048,7,7,103655,False,12,1,wurtz_lykov_3reg_p1,0.1,125.0,13,10,0.0,0.0,127.0,2.0,True,6,0,1.0,0.2760911440396284,126.0,1.0,17,0.00830078125,True,1.0,126.0
3-regular_n100_g17,3-regular,100,LS-only,,,,,,,,,,123.0,,,,,,,,,,,,,,,,,,123.0
3-regular_n100_g17,3-regular,100,QAOA-BF,32,0,0,101732,True,12,1,wurtz_lykov_3reg_p1,0.1,123.0,11,14,3.4641016151377544,2.0,125.0,2.0,True,6,1,1.2817398889233114,0.29933229409494433,123.0,0.0,0,0.0,False,0.0,123.0
3-regular_n100_g17,3-regular,100,QAOA-NB,32,0,0,101732,False,12,1,wurtz_lykov_3reg_p1,0.1,123.0,11,14,0.0,0.0,125.0,2.0,True,6,1,1.0,0.21469703639132898,124.0,1.0,1,0.03125,True,1.0,124.0
3-regular_n100_g17,3-regular,100,QAOA-BF,32,1,1,101733,True,12,1,wurtz_lykov_3reg_p1,0.1,123.0,11,14,4.47213595499958,2.0,125.0,2.0,True,6,0,1.3919410907075054,0.2896095819277761,123.0,0.0,0,0.0,False,0.0,123.0
3-regular_n100_g17,3-regular,100,QAOA-NB,32,1,1,101733,False,12,1,wurtz_lykov_3reg_p1,0.1,123.0,11,14,0.0,0.0,125.0,2.0,True,6,0,1.0,0.1521117655351534,123.0,0.0,0,0.0,False,0.0,123.0
3-regular_n100_g17,3-regular,100,QAOA-BF,32,2,2,101734,True,12,1,wurtz_lykov_3reg_p1,0.1,123.0,12,12,4.69041575982343,2.0,125.0,2.0,True,6,5,1.3377121081198773,0.33402923845894633,124.0,1.0,1,0.03125,True,1.0,124.0
3-regular_n100_g17,3-regular,100,QAOA-NB,32,2,2,101734,False,12,1,wurtz_lykov_3reg_p1,0.1,123.0,12,12,0.0,0.0,125.0,2.0,True,6,5,1.0,0.1721090057122328,123.0,0.0,0,0.0,False,0.0,123.0
3-regular_n100_g17,3-regular,100,QAOA-BF,32,3,3,101735,True,12,1,wurtz_lykov_3reg_p1,0.1,123.0,13,10,3.7416573867739413,2.0,125.0,2.0,True,6,0,1.224744871391589,0.4061275361494778,123.0,0.0,0,0.0,False,0.0,123.0
3-regular_n100_g17,3-regular,100,QAOA-NB,32,3,3,101735,False,12,1,wurtz_lykov_3reg_p1,0.1,123.0,13,10,0.0,0.0,125.0,2.0,True,6,0,1.0,0.3933510931595547,123.0,0.0,0,0.0,False,0.0,123.0
3-regular_n100_g17,3-regular,100,QAOA-BF,32,4,4,101736,True,12,1,wurtz_lykov_3reg_p1,0.1,123.0,12,12,2.449489742783178,2.0,125.0,2.0,True,6,0,1.0954451150103321,0.3286206977968045,123.0,0.0,0,0.0,False,0.0,123.0
3-regular_n100_g17,3-regular,100,QAOA-NB,32,4,4,101736,False,12,1,wurtz_lykov_3reg_p1,0.1,123.0,12,12,0.0,0.0,125.0,2.0,True,6,0,1.0,0.30825346919687774,123.0,0.0,0,0.0,False,0.0,123.0
3-regular_n100_g17,3-regular,100,QAOA-BF,32,5,5,101737,True,12,1,wurtz_lykov_3reg_p1,0.1,123.0,13,10,4.242640687119285,2.0,124.0,1.0,True,6,4,1.2773327473170102,0.4254216062780074,123.0,0.0,0,0.0,False,0.0,123.0
3-regular_n100_g17,3-regular,100,QAOA-NB,32,5,5,101737,False,12,1,wurtz_lykov_3reg_p1,0.1,123.0,13,10,0.0,0.0,124.0,1.0,True,6,4,1.0,0.21984235047553638,123.0,0.0,0,0.0,False,0.0,123.0
3-regular_n100_g17,3-regular,100,QAOA-BF,32,6,6,101738,True,12,1,wurtz_lykov_3reg_p1,0.1,123.0,12,12,3.1622776601683795,2.0,125.0,2.0,True,6,1,1.1726039399558574,0.27109150376613106,123.0,0.0,0,0.0,False,0.0,123.0
3-regular_n100_g17,3-regular,100,QAOA-NB,32,6,6,101738,False,12,1,wurtz_lykov_3reg_p1,0.1,123.0,12,12,0.0,0.0,125.0,2.0,True,6,1,1.0,0.19050377219327258,123.0,0.0,0,0.0,False,0.0,123.0
3-regular_n100_g17,3-regular,100,QAOA-BF,32,7,7,101739,True,12,1,wurtz_lykov_3reg_p1,0.1,123.0,12,12,3.4641016151377544,2.0,125.0,2.0,True,6,5,1.2649110640673518,0.28521052101146044,123.0,0.0,0,0.0,False,0.0,123.0
3-regular_n100_g17,3-regular,100,QAOA-NB,32,7,7,101739,False,12,1,wurtz_lykov_3reg_p1,0.1,123.0,12,12,0.0,0.0,125.0,2.0,True,6,5,1.0,0.20343648954535504,123.0,0.0,0,0.0,False,0.0,123.0
3-regular_n100_g17,3-regular,100,QAOA-BF,128,0,0,101828,True,12,1,wurtz_lykov_3reg_p1,0.1,123.0,13,10,3.7416573867739413,2.0,125.0,2.0,True,6,0,1.224744871391589,0.3771028974586247,123.0,0.0,0,0.0,False,0.0,123.0
3-regular_n100_g17,3-regular,100,QAOA-NB,128,0,0,101828,False,12,1,wurtz_lykov_3reg_p1,0.1,123.0,13,10,0.0,0.0,125.0,2.0,True,6,0,1.0,0.26959685506023623,123.0,0.0,0,0.0,False,0.0,123.0
3-regular_n100_g17,3-regular,100,QAOA-BF,128,1,1,101829,True,12,1,wurtz_lykov_3reg_p1,0.1,123.0,11,14,3.4641016151377544,2.0,125.0,2.0,True,6,2,1.2817398889233114,0.2983126150000728,123.0,0.0,0,0.0,False,0.0,123.0
3-regular_n100_g17,3-regular,100,QAOA-NB,128,1,1,101829,False,12,1,wurtz_lykov_3reg_p1,0.1,123.0,11,14,0.0,0.0,125.0,2.0,True,6,2,1.0,0.21876830154728008,124.0,1.0,1,0.0078125,True,1.0,124.0
3-regular_n100_g17,3-regular,100,QAOA-BF,128,2,2,101830,True,12,1,wurtz_lykov_3reg_p1,0.1,123.0,11,14,4.47213595499958,2.0,124.0,1.0,True,6,5,1.3919410907075054,0.36397816996554316,123.0,0.0,0,0.0,False,0.0,123.0
3-regular_n100_g17,3-regular,100,QAOA-NB,128,2,2,101830,False,12,1,wurtz_lykov_3reg_p1,0.1,123.0,11,14,0.0,0.0,124.0,1.0,True,6,5,1.0,0.21876830154728008,124.0,1.0,1,0.0078125,True,1.0,124.0
3-regular_n100_g17,3-regular,100,QAOA-BF,128,3,3,101831,True,12,1,wurtz_lykov_3reg_p1,0.1,123.0,12,12,3.7416573867739413,2.0,126.0,3.0,True,6,5,1.2366938848016846,0.2811766031105797,123.0,0.0,0,0.0,False,0.0,123.0
3-regular_n100_g17,3-regular,100,QAOA-NB,128,3,3,101831,False,12,1,wurtz_lykov_3reg_p1,0.1,123.0,12,12,0.0,0.0,126.0,3.0,True,6,5,1.0,0.17441914426273195,124.0,1.0,1,0.0078125,True,1.0,124.0
3-regular_n100_g17,3-regular,100,QAOA-BF,128,4,4,101832,True,12,1,wurtz_lykov_3reg_p1,0.1,123.0,12,12,4.47213595499958,2.0,124.0,1.0,True,6,0,1.3719886811400708,0.3220426629184646,123.0,0.0,0,0.0,False,0.0,123.0
3-regular_n100_g17,3-regular,100,QAOA-NB,128,4,4,101832,False,12,1,wurtz_lykov_3reg_p1,0.1,123.0,12,12,0.0,0.0,124.0,1.0,True,6,0,1.0,0.20379823135163178,123.0,0.0,0,0.0,False,0.0,123.0
3-regular_n100_g17,3-regular,100,QAOA-BF,128,5,5,101833,True,12,1,wurtz_lykov_3reg_p1,0.1,123.0,11,14,5.291502622129181,2.0,124.0,1.0,True,6,5,1.4719601443879744,0.2896823106580678,124.0,1.0,1,0.0078125,True,1.0,124.0
3-regular_n100_g17,3-regular,100,QAOA-NB,128,5,5,101833,False,12,1,wurtz_lykov_3reg_p1,0.1,123.0,11,14,0.0,0.0,124.0,1.0,True,6,5,1.0,0.10823810098934242,123.0,0.0,0,0.0,False,0.0,123.0
3-regular_n100_g17,3-regular,100,QAOA-BF,128,6,6,101834,True,12,1,wurtz_lykov_3reg_p1,0.1,123.0,13,10,3.7416573867739413,2.0,125.0,2.0,True,6,0,1.224744871391589,0.40612753614947766,123.0,0.0,0,0.0,False,0.0,123.0
3-regular_n100_g17,3-regular,100,QAOA-NB,128,6,6,101834,False,12,1,wurtz_lykov_3reg_p1,0.1,123.0,13,10,0.0,0.0,125.0,2.0,True,6,0,1.0,0.3933510931595547,123.0,0.0,0,0.0,False,0.0,123.0
3-regular_n100_g17,3-regular,100,QAOA-BF,128,7,7,101835,True,12,1,wurtz_lykov_3reg_p1,0.1,123.0,12,12,4.242640687119285,2.0,126.0,3.0,True,6,5,1.2909944487358056,0.27757699685071946,124.0,1.0,1,0.0078125,True,1.0,124.0
3-regular_n100_g17,3-regular,100,QAOA-NB,128,7,7,101835,False,12,1,wurtz_lykov_3reg_p1,0.1,123.0,12,12,0.0,0.0,126.0,3.0,True,6,5,1.0,0.17269816440966695,124.0,1.0,1,0.0078125,True,1.0,124.0
3-regular_n100_g17,3-regular,100,QAOA-BF,512,0,0,102212,True,12,1,wurtz_lykov_3reg_p1,0.1,123.0,13,10,3.7416573867739413,2.0,125.0,2.0,True,6,5,1.224744871391589,0.37710289745862485,123.0,0.0,0,0.0,False,0.0,123.0
3-regular_n100_g17,3-regular,100,QAOA-NB,512,0,0,102212,False,12,1,wurtz_lykov_3reg_p1,0.1,123.0,13,10,0.0,0.0,125.0,2.0,True,6,5,1.0,0.2695968550602361,123.0,0.0,0,0.0,False,0.0,123.0
3-regular_n100_g17,3-regular,100,QAOA-BF,512,1,1,102213,True,12,1,wurtz_lykov_3reg_p1,0.1,123.0,11,14,4.0,2.0,123.0,0.0,False,6,0,1.3416407864998738,0.39344850145148913,123.0,0.0,0,0.0,False,0.0,123.0
3-regular_n100_g17,3-regular,100,QAOA-NB,512,1,1,102213,False,12,1,wurtz_lykov_3reg_p1,0.1,123.0,11,14,0.0,0.0,123.0,0.0,False,6,0,1.0,0.30738199378850956,123.0,0.0,0,0.0,False,0.0,123.0
3-regular_n100_g17,3-regular,100,QAOA-BF,512,2,2,102214,True,12,1,wurtz_lykov_3reg_p1,0.1,123.0,11,14,4.0,2.0,125.0,2.0,True,6,0,1.3416407864998738,0.2678968037726722,123.0,0.0,0,0.0,False,0.0,123.0
3-regular_n100_g17,3-regular,100,QAOA-NB,512,2,2,102214,False,12,1,wurtz_lykov_3reg_p1,0.1,123.0,11,14,0.0,0.0,125.0,2.0,True,6,0,1.0,0.15241636923846383,123.0,0.0,0,0.0,False,0.0,123.0
3-regular_n100_g17,3-regular,100,QAOA-BF,512,3,3,102215,True,12,1,wurtz_lykov_3reg_p1,0.1,123.0,12,12,4.47213595499958,2.0,124.0,1.0,True,6,1,1.3719886811400708,0.3321276041436916,124.0,1.0,1,0.001953125,True,1.0,124.0
3-regular_n100_g17,3-regular,100,QAOA-NB,512,3,3,102215,False,12,1,wurtz_lykov_3reg_p1,0.1,123.0,12,12,0.0,0.0,124.0,1.0,True,6,1,1.0,0.20340504059379252,124.0,1.0,1,0.001953125,True,1.0,124.0
3-regular_n100_g17,3-regular,100,QAOA-BF,512,4,4,102216,True,12,1,wurtz_lykov_3reg_p1,0.1,123.0,12,12,3.1622776601683795,2.0,126.0,3.0,True,6,3,1.1726039399558574,0.2521732297866051,125.0,2.0,13,0.025390625,True,2.0,125.0
3-regular_n100_g17,3-regular,100,QAOA-NB,512,4,4,102216,False,12,1,wurtz_lykov_3reg_p1,0.1,123.0,12,12,0.0,0.0,126.0,3.0,True,6,3,1.0,0.1542965367923601,125.0,2.0,15,0.029296875,True,2.0,125.0
3-regular_n100_g17,3-regular,100,QAOA-BF,512,5,5,102217,True,12,1,wurtz_lykov_3reg_p1,0.1,123.0,11,14,3.4641016151377544,2.0,125.0,2.0,True,6,5,1.2817398889233114,0.29666598651372356,124.0,1.0,2,0.00390625,True,1.0,124.0
3-regular_n100_g17,3-regular,100,QAOA-NB,512,5,5,102217,False,12,1,wurtz_lykov_3reg_p1,0.1,123.0,11,14,0.0,0.0,125.0,2.0,True,6,5,1.0,0.2716069211628067,124.0,1.0,1,0.001953125,True,1.0,124.0
3-regular_n100_g17,3-regular,100,QAOA-BF,512,6,6,102218,True,12,1,wurtz_lykov_3reg_p1,0.1,123.0,11,14,2.8284271247461903,2.0,125.0,2.0,True,6,4,1.2089410496539776,0.28212464267384135,123.0,0.0,0,0.0,False,0.0,123.0
3-regular_n100_g17,3-regular,100,QAOA-NB,512,6,6,102218,False,12,1,wurtz_lykov_3reg_p1,0.1,123.0,11,14,0.0,0.0,125.0,2.0,True,6,4,1.0,0.21876830154727997,123.0,0.0,0,0.0,False,0.0,123.0
3-regular_n100_g17,3-regular,100,QAOA-BF,512,7,7,102219,True,12,1,wurtz_lykov_3reg_p1,0.1,123.0,12,12,4.0,2.0,125.0,2.0,True,6,0,1.3228756555322954,0.2503095408680141,124.0,1.0,7,0.013671875,True,1.0,124.0
3-regular_n100_g17,3-regular,100,QAOA-NB,512,7,7,102219,False,12,1,wurtz_lykov_3reg_p1,0.1,123.0,12,12,0.0,0.0,125.0,2.0,True,6,0,1.0,0.14443802243376735,124.0,1.0,4,0.0078125,True,1.0,124.0
3-regular_n100_g17,3-regular,100,QAOA-BF,2048,0,0,103748,True,12,1,wurtz_lykov_3reg_p1,0.1,123.0,12,12,4.0,2.0,125.0,2.0,True,6,5,1.3228756555322954,0.250309540868014,125.0,2.0,32,0.015625,True,2.0,125.0
3-regular_n100_g17,3-regular,100,QAOA-NB,2048,0,0,103748,False,12,1,wurtz_lykov_3reg_p1,0.1,123.0,12,12,0.0,0.0,125.0,2.0,True,6,5,1.0,0.14443802243376735,125.0,2.0,22,0.0107421875,True,2.0,125.0
3-regular_n100_g17,3-regular,100,QAOA-BF,2048,1,1,103749,True,12,1,wurtz_lykov_3reg_p1,0.1,123.0,11,14,3.4641016151377544,2.0,124.0,1.0,True,6,0,1.2817398889233114,0.300898504522909,123.0,0.0,0,0.0,False,0.0,123.0
3-regular_n100_g17,3-regular,100,QAOA-NB,2048,1,1,103749,False,12,1,wurtz_lykov_3reg_p1,0.1,123.0,11,14,0.0,0.0,124.0,1.0,True,6,0,1.0,0.17604402706718542,123.0,0.0,0,0.0,False,0.0,123.0
3-regular_n100_g17,3-regular,100,QAOA-BF,2048,2,2,103750,True,12,1,wurtz_lykov_3reg_p1,0.1,123.0,13,10,3.1622776601683795,2.0,125.0,2.0,True,6,1,1.1631599960755994,0.35137262870886415,123.0,0.0,0,0.0,False,0.0,123.0
3-regular_n100_g17,3-regular,100,QAOA-NB,2048,2,2,103750,False,12,1,wurtz_lykov_3reg_p1,0.1,123.0,13,10,0.0,0.0,125.0,2.0,True,6,1,1.0,0.2755853138459219,123.0,0.0,0,0.0,False,0.0,123.0
3-regular_n100_g17,3-regular,100,QAOA-BF,2048,3,3,103751,True,12,1,wurtz_lykov_3reg_p1,0.1,123.0,12,12,3.7416573867739413,2.0,125.0,2.0,True,6,1,1.2366938848016846,0.2659861417644751,125.0,2.0,49,0.02392578125,True,2.0,125.0
3-regular_n100_g17,3-regular,100,QAOA-NB,2048,3,3,103751,False,12,1,wurtz_lykov_3reg_p1,0.1,123.0,12,12,0.0,0.0,125.0,2.0,True,6,1,1.0,0.1527509757997955,125.0,2.0,31,0.01513671875,True,2.0,125.0
3-regular_n100_g17,3-regular,100,QAOA-BF,2048,4,4,103752,True,12,1,wurtz_lykov_3reg_p1,0.1,123.0,12,12,3.7416573867739413,2.0,125.0,2.0,True,6,4,1.2366938848016846,0.265986141764475,125.0,2.0,46,0.0224609375,True,2.0,125.0
3-regular_n100_g17,3-regular,100,QAOA-NB,2048,4,4,103752,False,12,1,wurtz_lykov_3reg_p1,0.1,123.0,12,12,0.0,0.0,125.0,2.0,True,6,4,1.0,0.1527509757997954,125.0,2.0,39,0.01904296875,True,2.0,125.0
3-regular_n100_g17,3-regular,100,QAOA-BF,2048,5,5,103753,True,12,1,wurtz_lykov_3reg_p1,0.1,123.0,11,14,4.47213595499958,2.0,124.0,1.0,True,6,0,1.3919410907075054,0.29009568858543244,124.0,1.0,1,0.00048828125,True,1.0,124.0
3-regular_n100_g17,3-regular,100,QAOA-NB,2048,5,5,103753,False,12,1,wurtz_lykov_3reg_p1,0.1,123.0,11,14,0.0,0.0,124.0,1.0,True,6,0,1.0,0.1524163692384639,123.0,0.0,0,0.0,False,0.0,123.0
3-regular_n100_g17,3-regular,100,QAOA-BF,2048,6,6,103754,True,12,1,wurtz_lykov_3reg_p1,0.1,123.0,12,12,3.1622776601683795,2.0,126.0,3.0,True,6,3,1.1726039399558574,0.28711223090785487,126.0,3.0,59,0.02880859375,True,3.0,126.0
3-regular_n100_g17,3-regular,100,QAOA-NB,2048,6,6,103754,False,12,1,wurtz_lykov_3reg_p1,0.1,123.0,12,12,0.0,0.0,126.0,3.0,True,6,3,1.0,0.3082293957632979,126.0,3.0,16,0.0078125,True,3.0,126.0
3-regular_n100_g17,3-regular,100,QAOA-BF,2048,7,7,103755,True,12,1,wurtz_lykov_3reg_p1,0.1,123.0,13,10,3.7416573867739413,2.0,125.0,2.0,True,6,5,1.224744871391589,0.3771028974586246,123.0,0.0,0,0.0,False,0.0,123.0
3-regular_n100_g17,3-regular,100,QAOA-NB,2048,7,7,103755,False,12,1,wurtz_lykov_3reg_p1,0.1,123.0,13,10,0.0,0.0,125.0,2.0,True,6,5,1.0,0.26959685506023623,123.0,0.0,0,0.0,False,0.0,123.0
3-regular_n100_g18,3-regular,100,LS-only,,,,,,,,,,127.0,,,,,,,,,,,,,,,,,,127.0
3-regular_n100_g18,3-regular,100,QAOA-BF,32,0,0,101832,True,12,1,wurtz_lykov_3reg_p1,0.1,127.0,12,12,4.242640687119285,2.0,128.0,1.0,True,6,1,1.2909944487358056,0.34713178454267596,128.0,1.0,2,0.0625,True,1.0,128.0
3-regular_n100_g18,3-regular,100,QAOA-NB,32,0,0,101832,False,12,1,wurtz_lykov_3reg_p1,0.1,127.0,12,12,0.0,0.0,128.0,1.0,True,6,1,1.0,0.16357264842028732,127.0,0.0,0,0.0,False,0.0,127.0
3-regular_n100_g18,3-regular,100,QAOA-BF,32,1,1,101833,True,12,1,wurtz_lykov_3reg_p1,0.1,127.0,11,14,4.898979485566356,2.0,128.0,1.0,True,6,0,1.4348601079588785,0.3244190635771872,127.0,0.0,0,0.0,False,0.0,127.0
3-regular_n100_g18,3-regular,100,QAOA-NB,32,1,1,101833,False,12,1,wurtz_lykov_3reg_p1,0.1,127.0,11,14,0.0,0.0,128.0,1.0,True,6,0,1.0,0.15241636923846377,128.0,1.0,1,0.03125,True,1.0,128.0
3-regular_n100_g18,3-regular,100,QAOA-BF,32,2,2,101834,True,12,1,wurtz_lykov_3reg_p1,0.1,127.0,11,14,3.4641016151377544,2.0,128.0,1.0,True,6,5,1.2817398889233114,0.3067415086612194,127.0,0.0,0,0.0,False,0.0,127.0
3-regular_n100_g18,3-regular,100,QAOA-NB,32,2,2,101834,False,12,1,wurtz_lykov_3reg_p1,0.1,127.0,11,14,0.0,0.0,128.0,1.0,True,6,5,1.0,0.2716069211628067,128.0,1.0,1,0.03125,True,1.0,128.0
3-regular_n100_g18,3-regular,100,QAOA-BF,32,3,3,101835,True,12,1,wurtz_lykov_3reg_p1,0.1,127.0,11,14,4.47213595499958,2.0,128.0,1.0,True,6,2,1.3919410907075054,0.2899900465769794,127.0,0.0,0,0.0,False,0.0,127.0
3-regular_n100_g18,3-regular,100,QAOA-NB,32,3,3,101835,False,12,1,wurtz_lykov_3reg_p1,0.1,127.0,11,14,0.0,0.0,128.0,1.0,True,6,2,1.0,0.15241636923846383,127.0,0.0,0,0.0,False,0.0,127.0
3-regular_n100_g18,3-regular,100,QAOA-BF,32,4,4,101836,True,12,1,wurtz_lykov_3reg_p1,0.1,127.0,12,12,3.7416573867739413,2.0,128.0,1.0,True,6,0,1.2366938848016846,0.3687771590634829,128.0,1.0,2,0.0625,True,1.0,128.0
3-regular_n100_g18,3-regular,100,QAOA-NB,32,4,4,101836,False,12,1,wurtz_lykov_3reg_p1,0.1,127.0,12,12,0.0,0.0,128.0,1.0,True,6,0,1.0,0.3532195076296304,127.0,0.0,0,0.0,False,0.0,127.0
3-regular_n100_g18,3-regular,100,QAOA-BF,32,5,5,101837,True,12,1,wurtz_lykov_3reg_p1,0.1,127.0,12,12,3.1622776601683795,2.0,129.0,2.0,True,6,2,1.1726039399558574,0.3182314016251719,128.0,1.0,1,0.03125,True,1.0,128.0
3-regular_n100_g18,3-regular,100,QAOA-NB,32,5,5,101837,False,12,1,wurtz_lykov_3reg_p1,0.1,127.0,12,12,0.0,0.0,129.0,2.0,True,6,2,1.0,0.2543744511499186,127.0,0.0,0,0.0,False,0.0,127.0
3-regular_n100_g18,3-regular,100,QAOA-BF,32,6,6,101838,True,12,1,wurtz_lykov_3reg_p1,0.1,127.0,12,12,4.0,2.0,129.0,2.0,True,6,2,1.3228756555322954,0.3007021788014425,127.0,0.0,0,0.0,False,0.0,127.0
3-regular_n100_g18,3-regular,100,QAOA-NB,32,6,6,101838,False,12,1,wurtz_lykov_3reg_p1,0.1,127.0,12,12,0.0,0.0,129.0,2.0,True,6,2,1.0,0.1315018454347953,127.0,0.0,0,0.0,False,0.0,127.0
3-regular_n100_g18,3-regular,100,QAOA-BF,32,7,7,101839,True,12,1,wurtz_lykov_3reg_p1,0.1,127.0,12,12,3.4641016151377544,2.0,128.0,1.0,True,6,0,1.2649110640673518,0.3392572729992181,128.0,1.0,1,0.03125,True,1.0,128.0
3-regular_n100_g18,3-regular,100,QAOA-NB,32,7,7,101839,False,12,1,wurtz_lykov_3reg_p1,0.1,127.0,12,12,0.0,0.0,128.0,1.0,True,6,0,1.0,0.22959370998712694,127.0,0.0,0,0.0,False,0.0,127.0
3-regular_n100_g18,3-regular,100,QAOA-BF,128,0,0,101928,True,12,1,wurtz_lykov_3reg_p1,0.1,127.0,12,12,4.69041575982343,2.0,128.0,1.0,True,6,4,1.3377121081198773,0.37414156835233076,128.0,1.0,1,0.0078125,True,1.0,128.0
3-regular_n100_g18,3-regular,100,QAOA-NB,128,0,0,101928,False,12,1,wurtz_lykov_3reg_p1,0.1,127.0,12,12,0.0,0.0,128.0,1.0,True,6,4,1.0,0.218906497599428,128.0,1.0,1,0.0078125,True,1.0,128.0
3-regular_n100_g18,3-regular,100,QAOA-BF,128,1,1,101929,True,12,1,wurtz_lykov_3reg_p1,0.1,127.0,11,14,4.47213595499958,2.0,128.0,1.0,True,6,4,1.3919410907075054,0.297508598121584,128.0,1.0,2,0.015625,True,1.0,128.0
3-regular_n100_g18,3-regular,100,QAOA-NB,128,1,1,101929,False,12,1,wurtz_lykov_3reg_p1,0.1,127.0,11,14,0.0,0.0,128.0,1.0,True,6,4,1.0,0.1524163692384639,128.0,1.0,2,0.015625,True,1.0,128.0
3-regular_n100_g18,3-regular,100,QAOA-BF,128,2,2,101930,True,12,1,wurtz_lykov_3reg_p1,0.1,127.0,12,12,4.242640687119285,2.0,127.0,0.0,False,6,0,1.2909944487358056,0.41490754080425235,127.0,0.0,0,0.0,False,0.0,127.0
3-regular_n100_g18,3-regular,100,QAOA-NB,128,2,2,101930,False,12,1,wurtz_lykov_3reg_p1,0.1,127.0,12,12,0.0,0.0,127.0,0.0,False,6,0,1.0,0.2492777597153184,127.0,0.0,0,0.0,False,0.0,127.0
3-regular_n100_g18,3-regular,100,QAOA-BF,128,3,3,101931,True,12,1,wurtz_lykov_3reg_p1,0.1,127.0,13,10,2.449489742783178,2.0,128.0,1.0,True,6,1,1.0897247358851685,0.3565477665267891,127.0,0.0,0,0.0,False,0.0,127.0
3-regular_n100_g18,3-regular,100,QAOA-NB,128,3,3,101931,False,12,1,wurtz_lykov_3reg_p1,0.1,127.0,13,10,0.0,0.0,128.0,1.0,True,6,1,1.0,0.2949073666805596,127.0,0.0,0,0.0,False,0.0,127.0
3-regular_n100_g18,3-regular,100,QAOA-BF,128,4,4,101932,True,12,1,wurtz_lykov_3reg_p1,0.1,127.0,12,12,3.7416573867739413,2.0,127.0,0.0,False,6,0,1.2366938848016846,0.4763562844956303,127.0,0.0,0,0.0,False,0.0,127.0
3-regular_n100_g18,3-regular,100,QAOA-NB,128,4,4,101932,False,12,1,wurtz_lykov_3reg_p1,0.1,127.0,12,12,0.0,0.0,127.0,0.0,False,6,0,1.0,0.29406041420495266,127.0,0.0,0,0.0,False,0.0,127.0
3-regular_n100_g18,3-regular,100,QAOA-BF,128,5,5,101933,True,12,1,wurtz_lykov_3reg_p1,0.1,127.0,13,10,3.4641016151377544,2.0,128.0,1.0,True,6,3,1.1470786693528088,0.37160708055685576,127.0,0.0,0,0.0,False,0.0,127.0
3-regular_n100_g18,3-regular,100,QAOA-NB,128,5,5,101933,False,12,1,wurtz_lykov_3reg_p1,0.1,127.0,13,10,0.0,0.0,128.0,1.0,True,6,3,1.0,0.23955561270266496,127.0,0.0,0,0.0,False,0.0,127.0
3-regular_n100_g18,3-regular,100,QAOA-BF,128,6,6,101934,True,12,1,wurtz_lykov_3reg_p1,0.1,127.0,11,14,3.4641016151377544,2.0,127.0,0.0,False,6,0,1.2817398889233114,0.3716534227987368,127.0,0.0,0,0.0,False,0.0,127.0
3-regular_n100_g18,3-regular,100,QAOA-NB,128,6,6,101934,False,12,1,wurtz_lykov_3reg_p1,0.1,127.0,11,14,0.0,0.0,127.0,0.0,False,6,0,1.0,0.2529047219308406,127.0,0.0,0,0.0,False,0.0,127.0
3-regular_n100_g18,3-regular,100,QAOA-BF,128,7,7,101935,True,12,1,wurtz_lykov_3reg_p1,0.1,127.0,12,12,1.4142135623730951,1.0,129.0,2.0,True,6,4,1.0,0.3011555164062939,127.0,0.0,0,0.0,False,0.0,127.0
3-regular_n100_g18,3-regular,100,QAOA-NB,128,7,7,101935,False,12,1,wurtz_lykov_3reg_p1,0.1,127.0,12,12,0.0,0.0,129.0,2.0,True,6,4,1.0,0.35547176388562435,128.0,1.0,1,0.0078125,True,1.0,128.0
3-regular_n100_g18,3-regular,100,QAOA-BF,512,0,0,102312,True,12,1,wurtz_lykov_3reg_p1,0.1,127.0,11,14,4.898979485566356,2.0,127.0,0.0,False,6,0,1.4348601079588785,0.32128917761425607,127.0,0.0,0,0.0,False,0.0,127.0
3-regular_n100_g18,3-regular,100,QAOA-NB,512,0,0,102312,False,12,1,wurtz_lykov_3reg_p1,0.1,127.0,11,14,0.0,0.0,127.0,0.0,False,6,0,1.0,0.1224948287162504,127.0,0.0,0,0.0,False,0.0,127.0
3-regular_n100_g18,3-regular,100,QAOA-BF,512,1,1,102313,True,12,1,wurtz_lykov_3reg_p1,0.1,127.0,11,14,4.47213595499958,2.0,127.0,0.0,False,6,0,1.3919410907075054,0.353489859201387,127.0,0.0,0,0.0,False,0.0,127.0
3-regular_n100_g18,3-regular,100,QAOA-NB,512,1,1,102313,False,12,1,wurtz_lykov_3reg_p1,0.1,127.0,11,14,0.0,0.0,127.0,0.0,False,6,0,1.0,0.2716069211628066,127.0,0.0,0,0.0,False,0.0,127.0
3-regular_n100_g18,3-regular,100,QAOA-BF,512,2,2,102314,True,12,1,wurtz_lykov_3reg_p1,0.1,127.0,12,12,4.0,2.0,129.0,2.0,True,6,0,1.3228756555322954,0.3007021788014424,127.0,0.0,0,0.0,False,0.0,127.0
3-regular_n100_g18,3-regular,100,QAOA-NB,512,2,2,102314,False,12,1,wurtz_lykov_3reg_p1,0.1,127.0,12,12,0.0,0.0,129.0,2.0,True,6,0,1.0,0.13150184543479534,127.0,0.0,0,0.0,False,0.0,127.0
3-regular_n100_g18,3-regular,100,QAOA-BF,512,3,3,102315,True,12,1,wurtz_lykov_3reg_p1,0.1,127.0,13,10,4.0,2.0,128.0,1.0,True,6,5,1.2041594578792296,0.3525535959153142,128.0,1.0,2,0.00390625,True,1.0,128.0
3-regular_n100_g18,3-regular,100,QAOA-NB,512,3,3,102315,False,12,1,wurtz_lykov_3reg_p1,0.1,127.0,13,10,0.0,0.0,128.0,1.0,True,6,5,1.0,0.21990064662924294,128.0,1.0,2,0.00390625,True,1.0,128.0
3-regular_n100_g18,3-regular,100,QAOA-BF,512,4,4,102316,True,12,1,wurtz_lykov_3reg_p1,0.1,127.0,12,12,4.0,2.0,129.0,2.0,True,6,2,1.3228756555322954,0.3007021788014424,127.0,0.0,0,0.0,False,0.0,127.0
3-regular_n100_g18,3-regular,100,QAOA-NB,512,4,4,102316,False,12,1,wurtz_lykov_3reg_p1,0.1,127.0,12,12,0.0,0.0,129.0,2.0,True,6,2,1.0,0.1315018454347953,127.0,0.0,0,0.0,False,0.0,127.0
3-regular_n100_g18,3-regular,100,QAOA-BF,512,5,5,102317,True,12,1,wurtz_lykov_3reg_p1,0.1,127.0,12,12,3.1622776601683795,2.0,129.0,2.0,True,6,0,1.1726039399558574,0.3182314016251718,128.0,1.0,3,0.005859375,True,1.0,128.0
3-regular_n100_g18,3-regular,100,QAOA-NB,512,5,5,102317,False,12,1,wurtz_lykov_3reg_p1,0.1,127.0,12,12,0.0,0.0,129.0,2.0,True,6,0,1.0,0.2543744511499186,128.0,1.0,4,0.0078125,True,1.0,128.0
3-regular_n100_g18,3-regular,100,QAOA-BF,512,6,6,102318,True,12,1,wurtz_lykov_3reg_p1,0.1,127.0,11,14,4.898979485566356,2.0,128.0,1.0,True,6,0,1.4348601079588785,0.2644641370712729,128.0,1.0,5,0.009765625,True,1.0,128.0
3-regular_n100_g18,3-regular,100,QAOA-NB,512,6,6,102318,False,12,1,wurtz_lykov_3reg_p1,0.1,127.0,11,14,0.0,0.0,128.0,1.0,True,6,0,1.0,0.10823810098934242,128.0,1.0,1,0.001953125,True,1.0,128.0
3-regular_n100_g18,3-regular,100,QAOA-BF,512,7,7,102319,True,12,1,wurtz_lykov_3reg_p1,0.1,127.0,11,14,4.898979485566356,2.0,128.0,1.0,True,6,0,1.4348601079588785,0.3201378680165372,128.0,1.0,2,0.00390625,True,1.0,128.0
3-regular_n100_g18,3-regular,100,QAOA-NB,512,7,7,102319,False,12,1,wurtz_lykov_3reg_p1,0.1,127.0,11,14,0.0,0.0,128.0,1.0,True,6,0,1.0,0.1524163692384639,128.0,1.0,1,0.001953125,True,1.0,128.0
3-regular_n100_g18,3-regular,100,QAOA-BF,2048,0,0,103848,True,12,1,wurtz_lykov_3reg_p1,0.1,127.0,11,14,2.8284271247461903,2.0,129.0,2.0,True,6,1,1.2089410496539776,0.27856277733202184,128.0,1.0,21,0.01025390625,True,1.0,128.0
3-regular_n100_g18,3-regular,100,QAOA-NB,2048,0,0,103848,False,12,1,wurtz_lykov_3reg_p1,0.1,127.0,11,14,0.0,0.0,129.0,2.0,True,6,1,1.0,0.2716069211628067,128.0,1.0,19,0.00927734375,True,1.0,128.0
3-regular_n100_g18,3-regular,100,QAOA-BF,2048,1,1,103849,True,12,1,wurtz_lykov_3reg_p1,0.1,127.0,13,10,3.4641016151377544,2.0,127.0,0.0,False,6,0,1.1470786693528088,0.442778989190804,127.0,0.0,0,0.0,False,0.0,127.0
3-regular_n100_g18,3-regular,100,QAOA-NB,2048,1,1,103849,False,12,1,wurtz_lykov_3reg_p1,0.1,127.0,13,10,0.0,0.0,127.0,0.0,False,6,0,1.0,0.28245338298185596,127.0,0.0,0,0.0,False,0.0,127.0
3-regular_n100_g18,3-regular,100,QAOA-BF,2048,2,2,103850,True,12,1,wurtz_lykov_3reg_p1,0.1,127.0,12,12,2.449489742783178,2.0,128.0,1.0,True,6,1,1.0954451150103321,0.2978369272066868,128.0,1.0,9,0.00439453125,True,1.0,128.0
3-regular_n100_g18,3-regular,100,QAOA-NB,2048,2,2,103850,False,12,1,wurtz_lykov_3reg_p1,0.1,127.0,12,12,0.0,0.0,128.0,1.0,True,6,1,1.0,0.21265539572662123,128.0,1.0,9,0.00439453125,True,1.0,128.0
3-regular_n100_g18,3-regular,100,QAOA-BF,2048,3,3,103851,True,12,1,wurtz_lykov_3reg_p1,0.1,127.0,13,10,3.7416573867739413,2.0,128.0,1.0,True,6,4,1.224744871391589,0.34736306012661056,128.0,1.0,14,0.0068359375,True,1.0,128.0
3-regular_n100_g18,3-regular,100,QAOA-NB,2048,3,3,103851,False,12,1,wurtz_lykov_3reg_p1,0.1,127.0,13,10,0.0,0.0,128.0,1.0,True,6,4,1.0,0.23218611527459987,128.0,1.0,13,0.00634765625,True,1.0,128.0
3-regular_n100_g18,3-regular,100,QAOA-BF,2048,4,4,103852,True,12,1,wurtz_lykov_3reg_p1,0.1,127.0,13,10,3.1622776601683795,2.0,128.0,1.0,True,6,4,1.1631599960755994,0.34433599833155426,127.0,0.0,0,0.0,False,0.0,127.0
3-regular_n100_g18,3-regular,100,QAOA-NB,2048,4,4,103852,False,12,1,wurtz_lykov_3reg_p1,0.1,127.0,13,10,0.0,0.0,128.0,1.0,True,6,4,1.0,0.26764252730370297,127.0,0.0,0,0.0,False,0.0,127.0
3-regular_n100_g18,3-regular,100,QAOA-BF,2048,5,5,103853,True,12,1,wurtz_lykov_3reg_p1,0.1,127.0,11,14,4.898979485566356,2.0,127.0,0.0,False,6,0,1.4348601079588785,0.3171334123086557,127.0,0.0,0,0.0,False,0.0,127.0
3-regular_n100_g18,3-regular,100,QAOA-NB,2048,5,5,103853,False,12,1,wurtz_lykov_3reg_p1,0.1,127.0,11,14,0.0,0.0,127.0,0.0,False,6,0,1.0,0.12249482871625032,127.0,0.0,0,0.0,False,0.0,127.0
3-regular_n100_g18,3-regular,100,QAOA-BF,2048,6,6,103854,True,12,1,wurtz_lykov_3reg_p1,0.1,127.0,11,14,4.0,2.0,128.0,1.0,True,6,1,1.3416407864998738,0.3313651213231697,128.0,1.0,5,0.00244140625,True,1.0,128.0
3-regular_n100_g18,3-regular,100,QAOA-NB,2048,6,6,103854,False,12,1,wurtz_lykov_3reg_p1,0.1,127.0,11,14,0.0,0.0,128.0,1.0,True,6,1,1.0,0.21876830154728008,128.0,1.0,8,0.00390625,True,1.0,128.0
3-regular_n100_g18,3-regular,100,QAOA-BF,2048,7,7,103855,True,12,1,wurtz_lykov_3reg_p1,0.1,127.0,11,14,4.898979485566356,2.0,128.0,1.0,True,6,5,1.4348601079588785,0.3201378680165374,128.0,1.0,12,0.005859375,True,1.0,128.0
3-regular_n100_g18,3-regular,100,QAOA-NB,2048,7,7,103855,False,12,1,wurtz_lykov_3reg_p1,0.1,127.0,11,14,0.0,0.0,128.0,1.0,True,6,5,1.0,0.15241636923846377,128.0,1.0,9,0.00439453125,True,1.0,128.0
3-regular_n100_g19,3-regular,100,LS-only,,,,,,,,,,119.0,,,,,,,,,,,,,,,,,,119.0
3-regular_n100_g19,3-regular,100,QAOA-BF,32,0,0,101932,True,12,1,wurtz_lykov_3reg_p1,0.1,119.0,11,14,3.4641016151377544,2.0,122.0,3.0,True,6,1,1.2817398889233114,0.2494732917076213,119.0,0.0,0,0.0,False,0.0,119.0
3-regular_n100_g19,3-regular,100,QAOA-NB,32,0,0,101932,False,12,1,wurtz_lykov_3reg_p1,0.1,119.0,11,14,0.0,0.0,122.0,3.0,True,6,1,1.0,0.15211176553515346,120.0,1.0,1,0.03125,True,1.0,120.0
3-regular_n100_g19,3-regular,100,QAOA-BF,32,1,1,101933,True,12,1,wurtz_lykov_3reg_p1,0.1,119.0,12,12,2.449489742783178,2.0,122.0,3.0,True,6,4,1.0954451150103321,0.25623212911924487,120.0,1.0,2,0.0625,True,1.0,120.0
3-regular_n100_g19,3-regular,100,QAOA-NB,32,1,1,101933,False,12,1,wurtz_lykov_3reg_p1,0.1,119.0,12,12,0.0,0.0,122.0,3.0,True,6,4,1.0,0.19114067102411686,120.0,1.0,1,0.03125,True,1.0,120.0
3-regular_n100_g19,3-regular,100,QAOA-BF,32,2,2,101934,True,12,1,wurtz_lykov_3reg_p1,0.1,119.0,11,14,3.4641016151377544,2.0,122.0,3.0,True,6,0,1.2817398889233114,0.25127303650926,120.0,1.0,2,0.0625,True,1.0,120.0
3-regular_n100_g19,3-regular,100,QAOA-NB,32,2,2,101934,False,12,1,wurtz_lykov_3reg_p1,0.1,119.0,11,14,0.0,0.0,122.0,3.0,True,6,0,1.0,0.19289914765349228,119.0,0.0,0,0.0,False,0.0,119.0
3-regular_n100_g19,3-regular,100,QAOA-BF,32,3,3,101935,True,12,1,wurtz_lykov_3reg_p1,0.1,119.0,12,12,3.7416573867739413,2.0,120.0,1.0,True,6,3,1.2366938848016846,0.38499807335653735,119.0,0.0,0,0.0,False,0.0,119.0
3-regular_n100_g19,3-regular,100,QAOA-NB,32,3,3,101935,False,12,1,wurtz_lykov_3reg_p1,0.1,119.0,12,12,0.0,0.0,120.0,1.0,True,6,3,1.0,0.24610754900248782,119.0,0.0,0,0.0,False,0.0,119.0
3-regular_n100_g19,3-regular,100,QAOA-BF,32,4,4,101936,True,12,1,wurtz_lykov_3reg_p1,0.1,119.0,11,14,4.47213595499958,2.0,121.0,2.0,True,6,1,1.3919410907075054,0.2985687471694421,119.0,0.0,0,0.0,False,0.0,119.0
3-regular_n100_g19,3-regular,100,QAOA-NB,32,4,4,101936,False,12,1,wurtz_lykov_3reg_p1,0.1,119.0,11,14,0.0,0.0,121.0,2.0,True,6,1,1.0,0.1224948287162504,119.0,0.0,0,0.0,False,0.0,119.0
3-regular_n100_g19,3-regular,100,QAOA-BF,32,5,5,101937,True,12,1,wurtz_lykov_3reg_p1,0.1,119.0,11,14,4.0,2.0,121.0,2.0,True,6,5,1.3416407864998738,0.2678968037726722,119.0,0.0,0,0.0,False,0.0,119.0
3-regular_n100_g19,3-regular,100,QAOA-NB,32,5,5,101937,False,12,1,wurtz_lykov_3reg_p1,0.1,119.0,11,14,0.0,0.0,121.0,2.0,True,6,5,1.0,0.15241636923846377,119.0,0.0,0,0.0,False,0.0,119.0
3-regular_n100_g19,3-regular,100,QAOA-BF,32,6,6,101938,True,12,1,wurtz_lykov_3reg_p1,0.1,119.0,12,12,4.242640687119285,2.0,120.0,1.0,True,6,1,1.2909944487358056,0.41897057968835183,119.0,0.0,0,0.0,False,0.0,119.0
3-regular_n100_g19,3-regular,100,QAOA-NB,32,6,6,101938,False,12,1,wurtz_lykov_3reg_p1,0.1,119.0,12,12,0.0,0.0,120.0,1.0,True,6,1,1.0,0.312025395867763,119.0,0.0,0,0.0,False,0.0,119.0
3-regular_n100_g19,3-regular,100,QAOA-BF,32,7,7,101939,True,12,1,wurtz_lykov_3reg_p1,0.1,119.0,11,14,3.4641016151377544,2.0,122.0,3.0,True,6,3,1.2817398889233114,0.25070934511284665,120.0,1.0,1,0.03125,True,1.0,120.0
3-regular_n100_g19,3-regular,100,QAOA-NB,32,7,7,101939,False,12,1,wurtz_lykov_3reg_p1,0.1,119.0,11,14,0.0,0.0,122.0,3.0,True,6,3,1.0,0.19289914765349228,119.0,0.0,0,0.0,False,0.0,119.0
3-regular_n100_g19,3-regular,100,QAOA-BF,128,0,0,102028,True,12,1,wurtz_lykov_3reg_p1,0.1,119.0,12,12,4.69041575982343,2.0,121.0,2.0,True,6,1,1.3377121081198773,0.25894748867359313,120.0,1.0,1,0.0078125,True,1.0,120.0
3-regular_n100_g19,3-regular,100,QAOA-NB,128,0,0,102028,False,12,1,wurtz_lykov_3reg_p1,0.1,119.0,12,12,0.0,0.0,121.0,2.0,True,6,1,1.0,0.08593271447738547,120.0,1.0,1,0.0078125,True,1.0,120.0
3-regular_n100_g19,3-regular,100,QAOA-BF,128,1,1,102029,True,12,1,wurtz_lykov_3reg_p1,0.1,119.0,11,14,4.47213595499958,2.0,121.0,2.0,True,6,0,1.3919410907075054,0.2897861398510972,120.0,1.0,1,0.0078125,True,1.0,120.0
3-regular_n100_g19,3-regular,100,QAOA-NB,128,1,1,102029,False,12,1,wurtz_lykov_3reg_p1,0.1,119.0,11,14,0.0,0.0,121.0,2.0,True,6,0,1.0,0.15241636923846374,119.0,0.0,0,0.0,False,0.0,119.0
3-regular_n100_g19,3-regular,100,QAOA-BF,128,2,2,102030,True,12,1,wurtz_lykov_3reg_p1,0.1,119.0,11,14,3.4641016151377544,2.0,121.0,2.0,True,6,0,1.2817398889233114,0.24986095058762878,119.0,0.0,0,0.0,False,0.0,119.0
3-regular_n100_g19,3-regular,100,QAOA-NB,128,2,2,102030,False,12,1,wurtz_lykov_3reg_p1,0.1,119.0,11,14,0.0,0.0,121.0,2.0,True,6,0,1.0,0.15241636923846374,120.0,1.0,1,0.0078125,True,1.0,120.0
3-regular_n100_g19,3-regular,100,QAOA-BF,128,3,3,102031,True,12,1,wurtz_lykov_3reg_p1,0.1,119.0,11,14,4.0,2.0,121.0,2.0,True,6,1,1.3416407864998738,0.269072539377085,120.0,1.0,3,0.0234375,True,1.0,120.0
3-regular_n100_g19,3-regular,100,QAOA-NB,128,3,3,102031,False,12,1,wurtz_lykov_3reg_p1,0.1,119.0,11,14,0.0,0.0,121.0,2.0,True,6,1,1.0,0.19289914765349223,120.0,1.0,3,0.0234375,True,1.0,120.0
3-regular_n100_g19,3-regular,100,QAOA-BF,128,4,4,102032,True,12,1,wurtz_lykov_3reg_p1,0.1,119.0,11,14,3.4641016151377544,2.0,122.0,3.0,True,6,4,1.2817398889233114,0.2494732917076213,119.0,0.0,0,0.0,False,0.0,119.0
3-regular_n100_g19,3-regular,100,QAOA-NB,128,4,4,102032,False,12,1,wurtz_lykov_3reg_p1,0.1,119.0,11,14,0.0,0.0,122.0,3.0,True,6,4,1.0,0.15211176553515346,121.0,2.0,1,0.0078125,True,2.0,121.0
3-regular_n100_g19,3-regular,100,QAOA-BF,128,5,5,102033,True,12,1,wurtz_lykov_3reg_p1,0.1,119.0,12,12,4.242640687119285,2.0,122.0,3.0,True,6,0,1.2909944487358056,0.27532410986030836,122.0,3.0,3,0.0234375,True,3.0,122.0
3-regular_n100_g19,3-regular,100,QAOA-NB,128,5,5,102033,False,12,1,wurtz_lykov_3reg_p1,0.1,119.0,12,12,0.0,0.0,122.0,3.0,True,6,0,1.0,0.218906497599428,119.0,0.0,0,0.0,False,0.0,119.0
3-regular_n100_g19,3-regular,100,QAOA-BF,128,6,6,102034,True,12,1,wurtz_lykov_3reg_p1,0.1,119.0,12,12,3.7416573867739413,2.0,122.0,3.0,True,6,0,1.2366938848016846,0.22505130850984947,120.0,1.0,1,0.0078125,True,1.0,120.0
3-regular_n100_g19,3-regular,100,QAOA-NB,128,6,6,102034,False,12,1,wurtz_lykov_3reg_p1,0.1,119.0,12,12,0.0,0.0,122.0,3.0,True,6,0,1.0,0.08593271447738544,120.0,1.0,2,0.015625,True,1.0,120.0
3-regular_n100_g19,3-regular,100,QAOA-BF,128,7,7,102035,True,12,1,wurtz_lykov_3reg_p1,0.1,119.0,12,12,3.4641016151377544,2.0,121.0,2.0,True,6,1,1.2649110640673518,0.27836069359353477,119.0,0.0,0,0.0,False,0.0,119.0
3-regular_n100_g19,3-regular,100,QAOA-NB,128,7,7,102035,False,12,1,wurtz_lykov_3reg_p1,0.1,119.0,12,12,0.0,0.0,121.0,2.0,True,6,1,1.0,0.1638451877649099,120.0,1.0,1,0.0078125,True,1.0,120.0
3-regular_n100_g19,3-regular,100,QAOA-BF,512,0,0,102412,True,12,1,wurtz_lykov_3reg_p1,0.1,119.0,12,12,2.449489742783178,2.0,121.0,2.0,True,6,2,1.0954451150103321,0.2853531131561543,120.0,1.0,5,0.009765625,True,1.0,120.0
3-regular_n100_g19,3-regular,100,QAOA-NB,512,0,0,102412,False,12,1,wurtz_lykov_3reg_p1,0.1,119.0,12,12,0.0,0.0,121.0,2.0,True,6,2,1.0,0.1699396486017672,120.0,1.0,8,0.015625,True,1.0,120.0
3-regular_n100_g19,3-regular,100,QAOA-BF,512,1,1,102413,True,12,1,wurtz_lykov_3reg_p1,0.1,119.0,12,12,3.7416573867739413,2.0,122.0,3.0,True,6,2,1.2366938848016846,0.24007208196385602,121.0,2.0,13,0.025390625,True,2.0,121.0
3-regular_n100_g19,3-regular,100,QAOA-NB,512,1,1,102413,False,12,1,wurtz_lykov_3reg_p1,0.1,119.0,12,12,0.0,0.0,122.0,3.0,True,6,2,1.0,0.13571455852608633,121.0,2.0,3,0.005859375,True,2.0,121.0
3-regular_n100_g19,3-regular,100,QAOA-BF,512,2,2,102414,True,12,1,wurtz_lykov_3reg_p1,0.1,119.0,11,14,3.4641016151377544,2.0,121.0,2.0,True,6,1,1.2817398889233114,0.24945925723137077,121.0,2.0,10,0.01953125,True,2.0,121.0
3-regular_n100_g19,3-regular,100,QAOA-NB,512,2,2,102414,False,12,1,wurtz_lykov_3reg_p1,0.1,119.0,11,14,0.0,0.0,121.0,2.0,True,6,1,1.0,0.15241636923846386,121.0,2.0,5,0.009765625,True,2.0,121.0
3-regular_n100_g19,3-regular,100,QAOA-BF,512,3,3,102415,True,12,1,wurtz_lykov_3reg_p1,0.1,119.0,11,14,3.4641016151377544,2.0,121.0,2.0,True,6,4,1.2817398889233114,0.2533754869775389,121.0,2.0,9,0.017578125,True,2.0,121.0
3-regular_n100_g19,3-regular,100,QAOA-NB,512,3,3,102415,False,12,1,wurtz_lykov_3reg_p1,0.1,119.0,11,14,0.0,0.0,121.0,2.0,True,6,4,1.0,0.15241636923846386,121.0,2.0,6,0.01171875,True,2.0,121.0
3-regular_n100_g19,3-regular,100,QAOA-BF,512,4,4,102416,True,12,1,wurtz_lykov_3reg_p1,0.1,119.0,11,14,4.0,2.0,121.0,2.0,True,6,0,1.3416407864998738,0.2716973103110551,120.0,1.0,4,0.0078125,True,1.0,120.0
3-regular_n100_g19,3-regular,100,QAOA-NB,512,4,4,102416,False,12,1,wurtz_lykov_3reg_p1,0.1,119.0,11,14,0.0,0.0,121.0,2.0,True,6,0,1.0,0.15241636923846383,120.0,1.0,4,0.0078125,True,1.0,120.0
3-regular_n100_g19,3-regular,100,QAOA-BF,512,5,5,102417,True,12,1,wurtz_lykov_3reg_p1,0.1,119.0,12,12,2.449489742783178,2.0,122.0,3.0,True,6,3,1.0954451150103321,0.25722674634239767,121.0,2.0,10,0.01953125,True,2.0,121.0
3-regular_n100_g19,3-regular,100,QAOA-NB,512,5,5,102417,False,12,1,wurtz_lykov_3reg_p1,0.1,119.0,12,12,0.0,0.0,122.0,3.0,True,6,3,1.0,0.2419130464763058,122.0,3.0,13,0.025390625,True,3.0,122.0
3-regular_n100_g19,3-regular,100,QAOA-BF,512,6,6,102418,True,12,1,wurtz_lykov_3reg_p1,0.1,119.0,11,14,4.0,2.0,121.0,2.0,True,6,5,1.3416407864998738,0.2695881389827966,121.0,2.0,8,0.015625,True,2.0,121.0
3-regular_n100_g19,3-regular,100,QAOA-NB,512,6,6,102418,False,12,1,wurtz_lykov_3reg_p1,0.1,119.0,11,14,0.0,0.0,121.0,2.0,True,6,5,1.0,0.19289914765349223,120.0,1.0,4,0.0078125,True,1.0,120.0
3-regular_n100_g19,3-regular,100,QAOA-BF,512,7,7,102419,True,12,1,wurtz_lykov_3reg_p1,0.1,119.0,12,12,3.1622776601683795,2.0,122.0,3.0,True,6,3,1.1726039399558574,0.2521226945202966,121.0,2.0,10,0.01953125,True,2.0,121.0
3-regular_n100_g19,3-regular,100,QAOA-NB,512,7,7,102419,False,12,1,wurtz_lykov_3reg_p1,0.1,119.0,12,12,0.0,0.0,122.0,3.0,True,6,3,1.0,0.15519175918436817,121.0,2.0,8,0.015625,True,2.0,121.0
3-regular_n100_g19,3-regular,100,QAOA-BF,2048,0,0,103948,True,12,1,wurtz_lykov_3reg_p1,0.1,119.0,11,14,4.47213595499958,2.0,121.0,2.0,True,6,3,1.3919410907075054,0.2897861398510972,120.0,1.0,1,0.00048828125,True,1.0,120.0
3-regular_n100_g19,3-regular,100,QAOA-NB,2048,0,0,103948,False,12,1,wurtz_lykov_3reg_p1,0.1,119.0,11,14,0.0,0.0,121.0,2.0,True,6,3,1.0,0.15241636923846377,121.0,2.0,2,0.0009765625,True,2.0,121.0
3-regular_n100_g19,3-regular,100,QAOA-BF,2048,1,1,103949,True,12,1,wurtz_lykov_3reg_p1,0.1,119.0,12,12,3.7416573867739413,2.0,121.0,2.0,True,6,1,1.2366938848016846,0.28370153702983747,121.0,2.0,40,0.01953125,True,2.0,121.0
3-regular_n100_g19,3-regular,100,QAOA-NB,2048,1,1,103949,False,12,1,wurtz_lykov_3reg_p1,0.1,119.0,12,12,0.0,0.0,121.0,2.0,True,6,1,1.0,0.2419130464763058,121.0,2.0,33,0.01611328125,True,2.0,121.0
3-regular_n100_g19,3-regular,100,QAOA-BF,2048,2,2,103950,True,12,1,wurtz_lykov_3reg_p1,0.1,119.0,11,14,3.4641016151377544,2.0,121.0,2.0,True,6,1,1.2817398889233114,0.2513461764079789,121.0,2.0,30,0.0146484375,True,2.0,121.0
3-regular_n100_g19,3-regular,100,QAOA-NB,2048,2,2,103950,False,12,1,wurtz_lykov_3reg_p1,0.1,119.0,11,14,0.0,0.0,121.0,2.0,True,6,1,1.0,0.19289914765349228,121.0,2.0,29,0.01416015625,True,2.0,121.0
3-regular_n100_g19,3-regular,100,QAOA-BF,2048,3,3,103951,True,12,1,wurtz_lykov_3reg_p1,0.1,119.0,11,14,2.0,2.0,120.0,1.0,True,6,2,1.118033988749895,0.31947741702418697,120.0,1.0,14,0.0068359375,True,1.0,120.0
3-regular_n100_g19,3-regular,100,QAOA-NB,2048,3,3,103951,False,12,1,wurtz_lykov_3reg_p1,0.1,119.0,11,14,0.0,0.0,120.0,1.0,True,6,2,1.0,0.3073819937885098,120.0,1.0,5,0.00244140625,True,1.0,120.0
3-regular_n100_g19,3-regular,100,QAOA-BF,2048,4,4,103952,True,12,1,wurtz_lykov_3reg_p1,0.1,119.0,11,14,4.47213595499958,2.0,121.0,2.0,True,6,0,1.3919410907075054,0.2934355619575084,121.0,2.0,19,0.00927734375,True,2.0,121.0
3-regular_n100_g19,3-regular,100,QAOA-NB,2048,4,4,103952,False,12,1,wurtz_lykov_3reg_p1,0.1,119.0,11,14,0.0,0.0,121.0,2.0,True,6,0,1.0,0.15211176553515346,121.0,2.0,16,0.0078125,True,2.0,121.0
3-regular_n100_g19,3-regular,100,QAOA-BF,2048,5,5,103953,True,12,1,wurtz_lykov_3reg_p1,0.1,119.0,11,14,4.47213595499958,2.0,120.0,1.0,True,6,0,1.3919410907075054,0.29009568858543244,120.0,1.0,1,0.00048828125,True,1.0,120.0
3-regular_n100_g19,3-regular,100,QAOA-NB,2048,5,5,103953,False,12,1,wurtz_lykov_3reg_p1,0.1,119.0,11,14,0.0,0.0,120.0,1.0,True,6,0,1.0,0.15241636923846383,119.0,0.0,0,0.0,False,0.0,119.0
3-regular_n100_g19,3-regular,100,QAOA-BF,2048,6,6,103954,True,12,1,wurtz_lykov_3reg_p1,0.1,119.0,12,12,3.7416573867739413,2.0,122.0,3.0,True,6,1,1.2366938848016846,0.2665155465532525,122.0,3.0,40,0.01953125,True,3.0,122.0
3-regular_n100_g19,3-regular,100,QAOA-NB,2048,6,6,103954,False,12,1,wurtz_lykov_3reg_p1,0.1,119.0,12,12,0.0,0.0,122.0,3.0,True,6,1,1.0,0.15519175918436812,122.0,3.0,22,0.0107421875,True,3.0,122.0
3-regular_n100_g19,3-regular,100,QAOA-BF,2048,7,7,103955,True,12,1,wurtz_lykov_3reg_p1,0.1,119.0,12,12,3.7416573867739413,2.0,122.0,3.0,True,6,0,1.2366938848016846,0.22505130850984947,121.0,2.0,53,0.02587890625,True,2.0,121.0
3-regular_n100_g19,3-regular,100,QAOA-NB,2048,7,7,103955,False,12,1,wurtz_lykov_3reg_p1,0.1,119.0,12,12,0.0,0.0,122.0,3.0,True,6,0,1.0,0.08593271447738544,121.0,2.0,38,0.0185546875,True,2.0,121.0
ER_n50_g0,ER,50,LS-only,,,,,,,,,,53.0,,,,,,,,,,,,,,,,,,53.0
ER_n50_g0,ER,50,QAOA-BF,32,0,0,100032,True,12,1,wurtz_lykov_3reg_p1,0.1,53.0,14,13,3.872983346207417,2.0,55.0,2.0,True,6,0,1.2041594578792296,0.3303832017697039,55.0,2.0,1,0.03125,True,2.0,55.0
ER_n50_g0,ER,50,QAOA-NB,32,0,0,100032,False,12,1,wurtz_lykov_3reg_p1,0.1,53.0,14,13,0.0,0.0,55.0,2.0,True,6,0,1.0,0.2139527051885095,55.0,2.0,3,0.09375,True,2.0,55.0
ER_n50_g0,ER,50,QAOA-BF,32,1,1,100033,True,12,1,wurtz_lykov_3reg_p1,0.1,53.0,12,20,6.782329983125268,4.0,56.0,3.0,True,6,3,1.7950549357115013,0.23816694273415528,54.0,1.0,3,0.09375,True,1.0,54.0
ER_n50_g0,ER,50,QAOA-NB,32,1,1,100033,False,12,1,wurtz_lykov_3reg_p1,0.1,53.0,12,20,0.0,0.0,56.0,3.0,True,6,3,1.0,0.08706354583793857,53.0,0.0,0,0.0,False,0.0,53.0
ER_n50_g0,ER,50,QAOA-BF,32,2,2,100034,True,12,1,wurtz_lykov_3reg_p1,0.1,53.0,13,15,4.795831523312719,3.0,55.0,2.0,True,6,0,1.3416407864998738,0.3288787883392575,55.0,2.0,3,0.09375,True,2.0,55.0
ER_n50_g0,ER,50,QAOA-NB,32,2,2,100034,False,12,1,wurtz_lykov_3reg_p1,0.1,53.0,13,15,0.0,0.0,55.0,2.0,True,6,0,1.0,0.19852104914998256,55.0,2.0,2,0.0625,True,2.0,55.0
ER_n50_g0,ER,50,QAOA-BF,32,3,3,100035,True,12,1,wurtz_lykov_3reg_p1,0.1,53.0,12,20,5.656854249492381,3.0,57.0,4.0,True,6,2,1.5217718205053643,0.23645025158042807,54.0,1.0,1,0.03125,True,1.0,54.0
ER_n50_g0,ER,50,QAOA-NB,32,3,3,100035,False,12,1,wurtz_lykov_3reg_p1,0.1,53.0,12,20,0.0,0.0,57.0,4.0,True,6,2,1.0,0.10075421242532522,53.0,0.0,0,0.0,False,0.0,53.0
ER_n50_g0,ER,50,QAOA-BF,32,4,4,100036,True,12,1,wurtz_lykov_3reg_p1,0.1,53.0,14,13,3.872983346207417,2.0,55.0,2.0,True,6,2,1.2041594578792296,0.3303832017697041,55.0,2.0,1,0.03125,True,2.0,55.0
ER_n50_g0,ER,50,QAOA-NB,32,4,4,100036,False,12,1,wurtz_lykov_3reg_p1,0.1,53.0,14,13,0.0,0.0,55.0,2.0,True,6,2,1.0,0.21395270518850956,55.0,2.0,1,0.03125,True,2.0,55.0
ER_n50_g0,ER,50,QAOA-BF,32,5,5,100037,True,12,1,wurtz_lykov_3reg_p1,0.1,53.0,12,15,3.872983346207417,2.0,55.0,2.0,True,6,2,1.224744871391589,0.2514274550220314,53.0,0.0,0,0.0,False,0.0,53.0
ER_n50_g0,ER,50,QAOA-NB,32,5,5,100037,False,12,1,wurtz_lykov_3reg_p1,0.1,53.0,12,15,0.0,0.0,55.0,2.0,True,6,2,1.0,0.13384247660181992,53.0,0.0,0,0.0,False,0.0,53.0
ER_n50_g0,ER,50,QAOA-BF,32,6,6,100038,True,12,1,wurtz_lykov_3reg_p1,0.1,53.0,13,17,4.358898943540674,2.0,56.0,3.0,True,6,0,1.2649110640673518,0.2943611281050836,55.0,2.0,2,0.0625,True,2.0,55.0
ER_n50_g0,ER,50,QAOA-NB,32,6,6,100038,False,12,1,wurtz_lykov_3reg_p1,0.1,53.0,13,17,0.0,0.0,56.0,3.0,True,6,0,1.0,0.15255965513157776,53.0,0.0,0,0.0,False,0.0,53.0
ER_n50_g0,ER,50,QAOA-BF,32,7,7,100039,True,12,1,wurtz_lykov_3reg_p1,0.1,53.0,11,22,7.211102550927978,4.0,56.0,3.0,True,6,4,1.7748239349298849,0.29494882286208507,55.0,2.0,1,0.03125,True,2.0,55.0
ER_n50_g0,ER,50,QAOA-NB,32,7,7,100039,False,12,1,wurtz_lykov_3reg_p1,0.1,53.0,11,22,0.0,0.0,56.0,3.0,True,6,4,1.0,0.07164532453370326,53.0,0.0,0,0.0,False,0.0,53.0
ER_n50_g0,ER,50,QAOA-BF,128,0,0,100128,True,12,1,wurtz_lykov_3reg_p1,0.1,53.0,13,14,4.0,2.0,54.0,1.0,True,6,0,1.2041594578792296,0.251769451751933,54.0,1.0,6,0.046875,True,1.0,54.0
ER_n50_g0,ER,50,QAOA-NB,128,0,0,100128,False,12,1,wurtz_lykov_3reg_p1,0.1,53.0,13,14,0.0,0.0,54.0,1.0,True,6,0,1.0,0.07998402685672969,54.0,1.0,3,0.0234375,True,1.0,54.0
ER_n50_g0,ER,50,QAOA-BF,128,1,1,100129,True,12,1,wurtz_lykov_3reg_p1,0.1,53.0,12,20,6.782329983125268,4.0,56.0,3.0,True,6,0,1.7950549357115013,0.23816694273415512,56.0,3.0,7,0.0546875,True,3.0,56.0
ER_n50_g0,ER,50,QAOA-NB,128,1,1,100129,False,12,1,wurtz_lykov_3reg_p1,0.1,53.0,12,20,0.0,0.0,56.0,3.0,True,6,0,1.0,0.08706354583793852,55.0,2.0,4,0.03125,True,2.0,55.0
ER_n50_g0,ER,50,QAOA-BF,128,2,2,100130,True,12,1,wurtz_lykov_3reg_p1,0.1,53.0,12,18,4.898979485566356,3.0,56.0,3.0,True,6,4,1.3764944032233706,0.27866172140394324,56.0,3.0,10,0.078125,True,3.0,56.0
ER_n50_g0,ER,50,QAOA-NB,128,2,2,100130,False,12,1,wurtz_lykov_3reg_p1,0.1,53.0,12,18,0.0,0.0,56.0,3.0,True,6,4,1.0,0.16788532398446984,56.0,3.0,6,0.046875,True,3.0,56.0
ER_n50_g0,ER,50,QAOA-BF,128,3,3,100131,True,12,1,wurtz_lykov_3reg_p1,0.1,53.0,12,19,6.082762530298219,4.0,56.0,3.0,True,6,2,1.5652475842498528,0.25913299449211447,55.0,2.0,4,0.03125,True,2.0,55.0
ER_n50_g0,ER,50,QAOA-NB,128,3,3,100131,False,12,1,wurtz_lykov_3reg_p1,0.1,53.0,12,19,0.0,0.0,56.0,3.0,True,6,2,1.0,0.09382557009050484,56.0,3.0,4,0.03125,True,3.0,56.0
ER_n50_g0,ER,50,QAOA-BF,128,4,4,100132,True,12,1,wurtz_lykov_3reg_p1,0.1,53.0,13,17,5.0,2.0,56.0,3.0,True,6,2,1.378404875209022,0.30682692495935937,55.0,2.0,10,0.078125,True,2.0,55.0
ER_n50_g0,ER,50,QAOA-NB,128,4,4,100132,False,12,1,wurtz_lykov_3reg_p1,0.1,53.0,13,17,0.0,0.0,56.0,3.0,True,6,2,1.0,0.17591463393629503,55.0,2.0,3,0.0234375,True,2.0,55.0
ER_n50_g0,ER,50,QAOA-BF,128,5,5,100133,True,12,1,wurtz_lykov_3reg_p1,0.1,53.0,11,22,6.928203230275509,4.0,56.0,3.0,True,6,3,1.7621756887140216,0.2602710410004573,55.0,2.0,9,0.0703125,True,2.0,55.0
ER_n50_g0,ER,50,QAOA-NB,128,5,5,100133,False,12,1,wurtz_lykov_3reg_p1,0.1,53.0,11,22,0.0,0.0,56.0,3.0,True,6,3,1.0,0.09891609372768524,56.0,3.0,6,0.046875,True,3.0,56.0
ER_n50_g0,ER,50,QAOA-BF,128,6,6,100134,True,12,1,wurtz_lykov_3reg_p1,0.1,53.0,12,19,6.082762530298219,4.0,57.0,4.0,True,6,1,1.5652475842498528,0.22260957212379948,56.0,3.0,14,0.109375,True,3.0,56.0
ER_n50_g0,ER,50,QAOA-NB,128,6,6,100134,False,12,1,wurtz_lykov_3reg_p1,0.1,53.0,12,19,0.0,0.0,57.0,4.0,True,6,1,1.0,0.05943561602067547,56.0,3.0,8,0.0625,True,3.0,56.0
ER_n50_g0,ER,50,QAOA-BF,128,7,7,100135,True,12,1,wurtz_lykov_3reg_p1,0.1,53.0,13,18,4.47213595499958,2.0,55.0,2.0,True,6,0,1.2535663410560174,0.3462750786108473,55.0,2.0,8,0.0625,True,2.0,55.0
ER_n50_g0,ER,50,QAOA-NB,128,7,7,100135,False,12,1,wurtz_lykov_3reg_p1,0.1,53.0,13,18,0.0,0.0,55.0,2.0,True,6,0,1.0,0.15276787476069642,55.0,2.0,7,0.0546875,True,2.0,55.0
ER_n50_g0,ER,50,QAOA-BF,512,0,0,100512,True,12,1,wurtz_lykov_3reg_p1,0.1,53.0,14,12,3.7416573867739413,2.0,55.0,2.0,True,6,5,1.2139539573337679,0.3017886093978246,55.0,2.0,32,0.0625,True,2.0,55.0
ER_n50_g0,ER,50,QAOA-NB,512,0,0,100512,False,12,1,wurtz_lykov_3reg_p1,0.1,53.0,14,12,0.0,0.0,55.0,2.0,True,6,5,1.0,0.19256628638073922,55.0,2.0,18,0.03515625,True,2.0,55.0
ER_n50_g0,ER,50,QAOA-BF,512,1,1,100513,True,12,1,wurtz_lykov_3reg_p1,0.1,53.0,12,19,5.916079783099616,3.0,56.0,3.0,True,6,3,1.5727950313140984,0.2526544836717398,56.0,3.0,32,0.0625,True,3.0,56.0
ER_n50_g0,ER,50,QAOA-NB,512,1,1,100513,False,12,1,wurtz_lykov_3reg_p1,0.1,53.0,12,19,0.0,0.0,56.0,3.0,True,6,3,1.0,0.09282473671005273,56.0,3.0,21,0.041015625,True,3.0,56.0
ER_n50_g0,ER,50,QAOA-BF,512,2,2,100514,True,12,1,wurtz_lykov_3reg_p1,0.1,53.0,12,23,7.54983443527075,4.0,56.0,3.0,True,6,3,1.8126539343499315,0.2501297997201898,56.0,3.0,32,0.0625,True,3.0,56.0
ER_n50_g0,ER,50,QAOA-NB,512,2,2,100514,False,12,1,wurtz_lykov_3reg_p1,0.1,53.0,12,23,0.0,0.0,56.0,3.0,True,6,3,1.0,0.05196080682120277,55.0,2.0,11,0.021484375,True,2.0,55.0
ER_n50_g0,ER,50,QAOA-BF,512,3,3,100515,True,12,1,wurtz_lykov_3reg_p1,0.1,53.0,13,18,5.0990195135927845,3.0,57.0,4.0,True,6,1,1.396424004376894,0.2501454646952885,56.0,3.0,49,0.095703125,True,3.0,56.0
ER_n50_g0,ER,50,QAOA-NB,512,3,3,100515,False,12,1,wurtz_lykov_3reg_p1,0.1,53.0,13,18,0.0,0.0,57.0,4.0,True,6,1,1.0,0.1338410606489207,56.0,3.0,17,0.033203125,True,3.0,56.0
ER_n50_g0,ER,50,QAOA-BF,512,4,4,100516,True,12,1,wurtz_lykov_3reg_p1,0.1,53.0,13,16,5.291502622129181,3.0,55.0,2.0,True,6,1,1.4689774459950382,0.31964865836209994,55.0,2.0,20,0.0390625,True,2.0,55.0
ER_n50_g0,ER,50,QAOA-NB,512,4,4,100516,False,12,1,wurtz_lykov_3reg_p1,0.1,53.0,13,16,0.0,0.0,55.0,2.0,True,6,1,1.0,0.20202016424059158,55.0,2.0,13,0.025390625,True,2.0,55.0
ER_n50_g0,ER,50,QAOA-BF,512,5,5,100517,True,12,1,wurtz_lykov_3reg_p1,0.1,53.0,14,12,3.4641016151377544,2.0,55.0,2.0,True,6,5,1.140175425099138,0.26811485103574595,54.0,1.0,25,0.048828125,True,1.0,54.0
ER_n50_g0,ER,50,QAOA-NB,512,5,5,100517,False,12,1,wurtz_lykov_3reg_p1,0.1,53.0,14,12,0.0,0.0,55.0,2.0,True,6,5,1.0,0.1645510124687385,54.0,1.0,6,0.01171875,True,1.0,54.0
ER_n50_g0,ER,50,QAOA-BF,512,6,6,100518,True,12,1,wurtz_lykov_3reg_p1,0.1,53.0,11,19,5.196152422706632,3.0,57.0,4.0,True,6,4,1.541103500742244,0.19078837150909095,56.0,3.0,37,0.072265625,True,3.0,56.0
ER_n50_g0,ER,50,QAOA-NB,512,6,6,100518,False,12,1,wurtz_lykov_3reg_p1,0.1,53.0,11,19,0.0,0.0,57.0,4.0,True,6,4,1.0,0.08121887161278155,56.0,3.0,24,0.046875,True,3.0,56.0
ER_n50_g0,ER,50,QAOA-BF,512,7,7,100519,True,12,1,wurtz_lykov_3reg_p1,0.1,53.0,12,18,4.69041575982343,2.0,56.0,3.0,True,6,0,1.3377121081198773,0.2570522095797656,56.0,3.0,45,0.087890625,True,3.0,56.0
ER_n50_g0,ER,50,QAOA-NB,512,7,7,100519,False,12,1,wurtz_lykov_3reg_p1,0.1,53.0,12,18,0.0,0.0,56.0,3.0,True,6,0,1.0,0.12446680271170492,56.0,3.0,24,0.046875,True,3.0,56.0
ER_n50_g0,ER,50,QAOA-BF,2048,0,0,102048,True,12,1,wurtz_lykov_3reg_p1,0.1,53.0,14,15,3.605551275463989,2.0,56.0,3.0,True,6,4,1.1338934190276817,0.33022984671510364,56.0,3.0,176,0.0859375,True,3.0,56.0
ER_n50_g0,ER,50,QAOA-NB,2048,0,0,102048,False,12,1,wurtz_lykov_3reg_p1,0.1,53.0,14,15,0.0,0.0,56.0,3.0,True,6,4,1.0,0.309443678042223,56.0,3.0,63,0.03076171875,True,3.0,56.0
ER_n50_g0,ER,50,QAOA-BF,2048,1,1,102049,True,12,1,wurtz_lykov_3reg_p1,0.1,53.0,11,23,6.708203932499369,3.0,57.0,4.0,True,6,0,1.7638342073763937,0.24230452579362738,57.0,4.0,138,0.0673828125,True,4.0,57.0
ER_n50_g0,ER,50,QAOA-NB,2048,1,1,102049,False,12,1,wurtz_lykov_3reg_p1,0.1,53.0,11,23,0.0,0.0,57.0,4.0,True,6,0,1.0,0.08866149599491199,56.0,3.0,63,0.03076171875,True,3.0,56.0
ER_n50_g0,ER,50,QAOA-BF,2048,2,2,102050,True,12,1,wurtz_lykov_3reg_p1,0.1,53.0,12,14,2.8284271247461903,2.0,54.0,1.0,True,6,0,1.0846522890932808,0.3284998663506429,54.0,1.0,57,0.02783203125,True,1.0,54.0
ER_n50_g0,ER,50,QAOA-NB,2048,2,2,102050,False,12,1,wurtz_lykov_3reg_p1,0.1,53.0,12,14,0.0,0.0,54.0,1.0,True,6,0,1.0,0.25182168192495186,54.0,1.0,12,0.005859375,True,1.0,54.0
ER_n50_g0,ER,50,QAOA-BF,2048,3,3,102051,True,12,1,wurtz_lykov_3reg_p1,0.1,53.0,13,17,5.385164807134504,3.0,55.0,2.0,True,6,4,1.449137674618944,0.2749498209178148,55.0,2.0,35,0.01708984375,True,2.0,55.0
ER_n50_g0,ER,50,QAOA-NB,2048,3,3,102051,False,12,1,wurtz_lykov_3reg_p1,0.1,53.0,13,17,0.0,0.0,55.0,2.0,True,6,4,1.0,0.06993040782446182,55.0,2.0,40,0.01953125,True,2.0,55.0
ER_n50_g0,ER,50,QAOA-BF,2048,4,4,102052,True,12,1,wurtz_lykov_3reg_p1,0.1,53.0,13,11,3.3166247903554,2.0,55.0,2.0,True,6,4,1.1547005383792515,0.29683197213782053,55.0,2.0,108,0.052734375,True,2.0,55.0
ER_n50_g0,ER,50,QAOA-NB,2048,4,4,102052,False,12,1,wurtz_lykov_3reg_p1,0.1,53.0,13,11,0.0,0.0,55.0,2.0,True,6,4,1.0,0.19935214371081364,55.0,2.0,60,0.029296875,True,2.0,55.0
ER_n50_g0,ER,50,QAOA-BF,2048,5,5,102053,True,12,1,wurtz_lykov_3reg_p1,0.1,53.0,11,22,7.211102550927978,4.0,56.0,3.0,True,6,4,1.7748239349298849,0.29494882286208507,56.0,3.0,137,0.06689453125,True,3.0,56.0
ER_n50_g0,ER,50,QAOA-NB,2048,5,5,102053,False,12,1,wurtz_lykov_3reg_p1,0.1,53.0,11,22,0.0,0.0,56.0,3.0,True,6,4,1.0,0.07164532453370326,56.0,3.0,57,0.02783203125,True,3.0,56.0
ER_n50_g0,ER,50,QAOA-BF,2048,6,6,102054,True,12,1,wurtz_lykov_3reg_p1,0.1,53.0,12,20,6.782329983125268,4.0,56.0,3.0,True,6,4,1.7950549357115013,0.23816694273415528,56.0,3.0,138,0.0673828125,True,3.0,56.0
ER_n50_g0,ER,50,QAOA-NB,2048,6,6,102054,False,12,1,wurtz_lykov_3reg_p1,0.1,53.0,12,20,0.0,0.0,56.0,3.0,True,6,4,1.0,0.08706354583793854,56.0,3.0,73,0.03564453125,True,3.0,56.0
ER_n50_g0,ER,50,QAOA-BF,2048,7,7,102055,True,12,1,wurtz_lykov_3reg_p1,0.1,53.0,14,14,4.69041575982343,3.0,55.0,2.0,True,6,1,1.2792042981336627,0.3196219025036102,55.0,2.0,98,0.0478515625,True,2.0,55.0
ER_n50_g0,ER,50,QAOA-NB,2048,7,7,102055,False,12,1,wurtz_lykov_3reg_p1,0.1,53.0,14,14,0.0,0.0,55.0,2.0,True,6,1,1.0,0.12896858052555016,55.0,2.0,90,0.0439453125,True,2.0,55.0
ER_n50_g1,ER,50,LS-only,,,,,,,,,,64.0,,,,,,,,,,,,,,,,,,64.0
ER_n50_g1,ER,50,QAOA-BF,32,0,0,100132,True,12,1,wurtz_lykov_3reg_p1,0.1,64.0,13,23,7.416198487095663,4.0,65.0,1.0,True,6,0,1.7994708216848747,0.2780432887700981,64.0,0.0,0,0.0,False,0.0,64.0
ER_n50_g1,ER,50,QAOA-NB,32,0,0,100132,False,12,1,wurtz_lykov_3reg_p1,0.1,64.0,13,23,0.0,0.0,65.0,1.0,True,6,0,1.0,0.09834809874706035,65.0,1.0,1,0.03125,True,1.0,65.0
ER_n50_g1,ER,50,QAOA-BF,32,1,1,100133,True,12,1,wurtz_lykov_3reg_p1,0.1,64.0,14,18,3.4641016151377544,2.0,66.0,2.0,True,6,2,1.140175425099138,0.2345344204004444,64.0,0.0,0,0.0,False,0.0,64.0
ER_n50_g1,ER,50,QAOA-NB,32,1,1,100133,False,12,1,wurtz_lykov_3reg_p1,0.1,64.0,14,18,0.0,0.0,66.0,2.0,True,6,2,1.0,0.16764056493935267,64.0,0.0,0,0.0,False,0.0,64.0
ER_n50_g1,ER,50,QAOA-BF,32,2,2,100134,True,12,1,wurtz_lykov_3reg_p1,0.1,64.0,12,18,6.0,3.0,65.0,1.0,True,6,0,1.632993161855452,0.32388560489517987,64.0,0.0,0,0.0,False,0.0,64.0
ER_n50_g1,ER,50,QAOA-NB,32,2,2,100134,False,12,1,wurtz_lykov_3reg_p1,0.1,64.0,12,18,0.0,0.0,65.0,1.0,True,6,0,1.0,0.1842024315977345,64.0,0.0,0,0.0,False,0.0,64.0
ER_n50_g1,ER,50,QAOA-BF,32,3,3,100135,True,12,1,wurtz_lykov_3reg_p1,0.1,64.0,14,19,5.744562646538029,3.0,66.0,2.0,True,6,3,1.4616304718921387,0.33076074785483783,64.0,0.0,0,0.0,False,0.0,64.0
ER_n50_g1,ER,50,QAOA-NB,32,3,3,100135,False,12,1,wurtz_lykov_3reg_p1,0.1,64.0,14,19,0.0,0.0,66.0,2.0,True,6,3,1.0,0.2926990790928329,64.0,0.0,0,0.0,False,0.0,64.0
ER_n50_g1,ER,50,QAOA-BF,32,4,4,100136,True,12,1,wurtz_lykov_3reg_p1,0.1,64.0,13,17,3.872983346207417,2.0,65.0,1.0,True,6,1,1.2139539573337679,0.27619886757510925,65.0,1.0,1,0.03125,True,1.0,65.0
ER_n50_g1,ER,50,QAOA-NB,32,4,4,100136,False,12,1,wurtz_lykov_3reg_p1,0.1,64.0,13,17,0.0,0.0,65.0,1.0,True,6,1,1.0,0.16615824879155938,65.0,1.0,1,0.03125,True,1.0,65.0
ER_n50_g1,ER,50,QAOA-BF,32,5,5,100137,True,12,1,wurtz_lykov_3reg_p1,0.1,64.0,15,17,4.795831523312719,4.0,66.0,2.0,True,6,2,1.378404875209022,0.24999214101841052,64.0,0.0,0,0.0,False,0.0,64.0
ER_n50_g1,ER,50,QAOA-NB,32,5,5,100137,False,12,1,wurtz_lykov_3reg_p1,0.1,64.0,15,17,0.0,0.0,66.0,2.0,True,6,2,1.0,0.1374900761578416,65.0,1.0,2,0.0625,True,1.0,65.0
ER_n50_g1,ER,50,QAOA-BF,32,6,6,100138,True,12,1,wurtz_lykov_3reg_p1,0.1,64.0,14,17,5.196152422706632,4.0,66.0,2.0,True,6,2,1.4317821063276353,0.2624722431159916,64.0,0.0,0,0.0,False,0.0,64.0
ER_n50_g1,ER,50,QAOA-NB,32,6,6,100138,False,12,1,wurtz_lykov_3reg_p1,0.1,64.0,14,17,0.0,0.0,66.0,2.0,True,6,2,1.0,0.15169614901951123,64.0,0.0,0,0.0,False,0.0,64.0
ER_n50_g1,ER,50,QAOA-BF,32,7,7,100139,True,12,1,wurtz_lykov_3reg_p1,0.1,64.0,15,19,5.385164807134504,4.0,66.0,2.0,True,6,2,1.3831281496162493,0.24906333266404365,64.0,0.0,0,0.0,False,0.0,64.0
ER_n50_g1,ER,50,QAOA-NB,32,7,7,100139,False,12,1,wurtz_lykov_3reg_p1,0.1,64.0,15,19,0.0,0.0,66.0,2.0,True,6,2,1.0,0.1257176655416875,64.0,0.0,0,0.0,False,0.0,64.0
ER_n50_g1,ER,50,QAOA-BF,128,0,0,100228,True,12,1,wurtz_lykov_3reg_p1,0.1,64.0,12,16,5.0990195135927845,3.0,65.0,1.0,True,6,3,1.541103500742244,0.29783280053206596,65.0,1.0,1,0.0078125,True,1.0,65.0
ER_n50_g1,ER,50,QAOA-NB,128,0,0,100228,False,12,1,wurtz_lykov_3reg_p1,0.1,64.0,12,16,0.0,0.0,65.0,1.0,True,6,3,1.0,0.18469203422661684,64.0,0.0,0,0.0,False,0.0,64.0
ER_n50_g1,ER,50,QAOA-BF,128,1,1,100229,True,12,1,wurtz_lykov_3reg_p1,0.1,64.0,15,21,6.4031242374328485,4.0,65.0,1.0,True,6,1,1.5275252316519468,0.31907089539527744,65.0,1.0,6,0.046875,True,1.0,65.0
ER_n50_g1,ER,50,QAOA-NB,128,1,1,100229,False,12,1,wurtz_lykov_3reg_p1,0.1,64.0,15,21,0.0,0.0,65.0,1.0,True,6,1,1.0,0.161474958823466,65.0,1.0,2,0.015625,True,1.0,65.0
ER_n50_g1,ER,50,QAOA-BF,128,2,2,100230,True,12,1,wurtz_lykov_3reg_p1,0.1,64.0,15,19,5.385164807134504,4.0,66.0,2.0,True,6,5,1.3831281496162493,0.2490633326640436,65.0,1.0,2,0.015625,True,1.0,65.0
ER_n50_g1,ER,50,QAOA-NB,128,2,2,100230,False,12,1,wurtz_lykov_3reg_p1,0.1,64.0,15,19,0.0,0.0,66.0,2.0,True,6,5,1.0,0.1257176655416876,64.0,0.0,0,0.0,False,0.0,64.0
ER_n50_g1,ER,50,QAOA-BF,128,3,3,100231,True,12,1,wurtz_lykov_3reg_p1,0.1,64.0,14,16,4.69041575982343,4.0,66.0,2.0,True,6,4,1.4142135623730951,0.25831316311471253,64.0,0.0,0,0.0,False,0.0,64.0
ER_n50_g1,ER,50,QAOA-NB,128,3,3,100231,False,12,1,wurtz_lykov_3reg_p1,0.1,64.0,14,16,0.0,0.0,66.0,2.0,True,6,4,1.0,0.14608884579869788,64.0,0.0,0,0.0,False,0.0,64.0
ER_n50_g1,ER,50,QAOA-BF,128,4,4,100232,True,12,1,wurtz_lykov_3reg_p1,0.1,64.0,12,22,6.0,4.0,65.0,1.0,True,6,2,1.5894388284780525,0.2623481098108307,65.0,1.0,3,0.0234375,True,1.0,65.0
ER_n50_g1,ER,50,QAOA-NB,128,4,4,100232,False,12,1,wurtz_lykov_3reg_p1,0.1,64.0,12,22,0.0,0.0,65.0,1.0,True,6,2,1.0,0.1940850466662956,65.0,1.0,2,0.015625,True,1.0,65.0
ER_n50_g1,ER,50,QAOA-BF,128,5,5,100233,True,12,1,wurtz_lykov_3reg_p1,0.1,64.0,14,14,4.0,3.0,66.0,2.0,True,6,3,1.2565617248750864,0.24900657891021505,64.0,0.0,0,0.0,False,0.0,64.0
ER_n50_g1,ER,50,QAOA-NB,128,5,5,100233,False,12,1,wurtz_lykov_3reg_p1,0.1,64.0,14,14,0.0,0.0,66.0,2.0,True,6,3,1.0,0.3917739882543983,64.0,0.0,0,0.0,False,0.0,64.0
ER_n50_g1,ER,50,QAOA-BF,128,6,6,100234,True,12,1,wurtz_lykov_3reg_p1,0.1,64.0,13,19,4.58257569495584,3.0,65.0,1.0,True,6,0,1.3743685418725535,0.29765601137381914,64.0,0.0,0,0.0,False,0.0,64.0
ER_n50_g1,ER,50,QAOA-NB,128,6,6,100234,False,12,1,wurtz_lykov_3reg_p1,0.1,64.0,13,19,0.0,0.0,65.0,1.0,True,6,0,1.0,0.21543081090014957,65.0,1.0,1,0.0078125,True,1.0,65.0
ER_n50_g1,ER,50,QAOA-BF,128,7,7,100235,True,12,1,wurtz_lykov_3reg_p1,0.1,64.0,14,15,5.744562646538029,4.0,66.0,2.0,True,6,0,1.4960264830861913,0.3073773803689781,65.0,1.0,2,0.015625,True,1.0,65.0
ER_n50_g1,ER,50,QAOA-NB,128,7,7,100235,False,12,1,wurtz_lykov_3reg_p1,0.1,64.0,14,15,0.0,0.0,66.0,2.0,True,6,0,1.0,0.2226737280936871,64.0,0.0,0,0.0,False,0.0,64.0
ER_n50_g1,ER,50,QAOA-BF,512,0,0,100612,True,12,1,wurtz_lykov_3reg_p1,0.1,64.0,15,18,3.7416573867739413,2.0,66.0,2.0,True,6,5,1.2041594578792296,0.3002320733946982,65.0,1.0,14,0.02734375,True,1.0,65.0
ER_n50_g1,ER,50,QAOA-NB,512,0,0,100612,False,12,1,wurtz_lykov_3reg_p1,0.1,64.0,15,18,0.0,0.0,66.0,2.0,True,6,5,1.0,0.20773652176992627,65.0,1.0,15,0.029296875,True,1.0,65.0
ER_n50_g1,ER,50,QAOA-BF,512,1,1,100613,True,12,1,wurtz_lykov_3reg_p1,0.1,64.0,15,19,5.385164807134504,4.0,66.0,2.0,True,6,3,1.3831281496162493,0.24906333266404365,65.0,1.0,6,0.01171875,True,1.0,65.0
ER_n50_g1,ER,50,QAOA-NB,512,1,1,100613,False,12,1,wurtz_lykov_3reg_p1,0.1,64.0,15,19,0.0,0.0,66.0,2.0,True,6,3,1.0,0.12571766554168756,65.0,1.0,4,0.0078125,True,1.0,65.0
ER_n50_g1,ER,50,QAOA-BF,512,2,2,100614,True,12,1,wurtz_lykov_3reg_p1,0.1,64.0,13,19,5.916079783099616,3.0,65.0,1.0,True,6,4,1.5491933384829668,0.3072125053735121,65.0,1.0,1,0.001953125,True,1.0,65.0
ER_n50_g1,ER,50,QAOA-NB,512,2,2,100614,False,12,1,wurtz_lykov_3reg_p1,0.1,64.0,13,19,0.0,0.0,65.0,1.0,True,6,4,1.0,0.19448514228382466,64.0,0.0,0,0.0,False,0.0,64.0
ER_n50_g1,ER,50,QAOA-BF,512,3,3,100615,True,12,1,wurtz_lykov_3reg_p1,0.1,64.0,16,17,4.123105625617661,2.0,65.0,1.0,True,6,5,1.1726039399558574,0.39150102349141475,65.0,1.0,14,0.02734375,True,1.0,65.0
ER_n50_g1,ER,50,QAOA-NB,512,3,3,100615,False,12,1,wurtz_lykov_3reg_p1,0.1,64.0,16,17,0.0,0.0,65.0,1.0,True,6,5,1.0,0.3721428453653947,65.0,1.0,6,0.01171875,True,1.0,65.0
ER_n50_g1,ER,50,QAOA-BF,512,4,4,100616,True,12,1,wurtz_lykov_3reg_p1,0.1,64.0,14,14,5.291502622129181,3.0,65.0,1.0,True,6,0,1.449137674618944,0.29995671443855665,64.0,0.0,0,0.0,False,0.0,64.0
ER_n50_g1,ER,50,QAOA-NB,512,4,4,100616,False,12,1,wurtz_lykov_3reg_p1,0.1,64.0,14,14,0.0,0.0,65.0,1.0,True,6,0,1.0,0.19589218517437307,64.0,0.0,0,0.0,False,0.0,64.0
ER_n50_g1,ER,50,QAOA-BF,512,5,5,100617,True,12,1,wurtz_lykov_3reg_p1,0.1,64.0,14,13,3.3166247903554,2.0,66.0,2.0,True,6,4,1.1470786693528088,0.24159583303113033,65.0,1.0,1,0.001953125,True,1.0,65.0
ER_n50_g1,ER,50,QAOA-NB,512,5,5,100617,False,12,1,wurtz_lykov_3reg_p1,0.1,64.0,14,13,0.0,0.0,66.0,2.0,True,6,4,1.0,0.21417510161210196,64.0,0.0,0,0.0,False,0.0,64.0
ER_n50_g1,ER,50,QAOA-BF,512,6,6,100618,True,12,1,wurtz_lykov_3reg_p1,0.1,64.0,14,21,4.795831523312719,3.0,65.0,1.0,True,6,3,1.3601470508735443,0.40009720391237413,65.0,1.0,3,0.005859375,True,1.0,65.0
ER_n50_g1,ER,50,QAOA-NB,512,6,6,100618,False,12,1,wurtz_lykov_3reg_p1,0.1,64.0,14,21,0.0,0.0,65.0,1.0,True,6,3,1.0,0.2275375042995377,65.0,1.0,4,0.0078125,True,1.0,65.0
ER_n50_g1,ER,50,QAOA-BF,512,7,7,100619,True,12,1,wurtz_lykov_3reg_p1,0.1,64.0,14,15,5.744562646538029,4.0,66.0,2.0,True,6,1,1.4960264830861913,0.3073773803689782,66.0,2.0,2,0.00390625,True,2.0,66.0
ER_n50_g1,ER,50,QAOA-NB,512,7,7,100619,False,12,1,wurtz_lykov_3reg_p1,0.1,64.0,14,15,0.0,0.0,66.0,2.0,True,6,1,1.0,0.22267372809368705,66.0,2.0,4,0.0078125,True,2.0,66.0
ER_n50_g1,ER,50,QAOA-BF,2048,0,0,102148,True,12,1,wurtz_lykov_3reg_p1,0.1,64.0,14,17,5.744562646538029,4.0,66.0,2.0,True,6,3,1.4960264830861913,0.2676809239177517,65.0,1.0,15,0.00732421875,True,1.0,65.0
ER_n50_g1,ER,50,QAOA-NB,2048,0,0,102148,False,12,1,wurtz_lykov_3reg_p1,0.1,64.0,14,17,0.0,0.0,66.0,2.0,True,6,3,1.0,0.1345681606146148,65.0,1.0,12,0.005859375,True,1.0,65.0
ER_n50_g1,ER,50,QAOA-BF,2048,1,1,102149,True,12,1,wurtz_lykov_3reg_p1,0.1,64.0,14,13,2.6457513110645907,2.0,67.0,3.0,True,6,4,1.0801234497346435,0.22712186154293987,65.0,1.0,4,0.001953125,True,1.0,65.0
ER_n50_g1,ER,50,QAOA-NB,2048,1,1,102149,False,12,1,wurtz_lykov_3reg_p1,0.1,64.0,14,13,0.0,0.0,67.0,3.0,True,6,4,1.0,0.36171421418531247,64.0,0.0,0,0.0,False,0.0,64.0
ER_n50_g1,ER,50,QAOA-BF,2048,2,2,102150,True,12,1,wurtz_lykov_3reg_p1,0.1,64.0,12,19,5.196152422706632,3.0,65.0,1.0,True,6,0,1.5146344928922038,0.27188280221106764,65.0,1.0,70,0.0341796875,True,1.0,65.0
ER_n50_g1,ER,50,QAOA-NB,2048,2,2,102150,False,12,1,wurtz_lykov_3reg_p1,0.1,64.0,12,19,0.0,0.0,65.0,1.0,True,6,0,1.0,0.18469203422661684,65.0,1.0,40,0.01953125,True,1.0,65.0
ER_n50_g1,ER,50,QAOA-BF,2048,3,3,102151,True,12,1,wurtz_lykov_3reg_p1,0.1,64.0,13,17,5.0,3.0,65.0,1.0,True,6,2,1.4529663145135578,0.27180957740160827,65.0,1.0,57,0.02783203125,True,1.0,65.0
ER_n50_g1,ER,50,QAOA-NB,2048,3,3,102151,False,12,1,wurtz_lykov_3reg_p1,0.1,64.0,13,17,0.0,0.0,65.0,1.0,True,6,2,1.0,0.2417432973524704,65.0,1.0,27,0.01318359375,True,1.0,65.0
ER_n50_g1,ER,50,QAOA-BF,2048,4,4,102152,True,12,1,wurtz_lykov_3reg_p1,0.1,64.0,11,17,4.58257569495584,3.0,64.0,0.0,False,6,0,1.3333333333333333,0.35754936597034803,64.0,0.0,0,0.0,False,0.0,64.0
ER_n50_g1,ER,50,QAOA-NB,2048,4,4,102152,False,12,1,wurtz_lykov_3reg_p1,0.1,64.0,11,17,0.0,0.0,64.0,0.0,False,6,0,1.0,0.2529047219308405,64.0,0.0,0,0.0,False,0.0,64.0
ER_n50_g1,ER,50,QAOA-BF,2048,5,5,102153,True,12,1,wurtz_lykov_3reg_p1,0.1,64.0,15,15,3.0,2.0,65.0,1.0,True,6,0,1.0690449676496976,0.3688767572518208,65.0,1.0,64,0.03125,True,1.0,65.0
ER_n50_g1,ER,50,QAOA-NB,2048,5,5,102153,False,12,1,wurtz_lykov_3reg_p1,0.1,64.0,15,15,0.0,0.0,65.0,1.0,True,6,0,1.0,0.24893621813347844,65.0,1.0,29,0.01416015625,True,1.0,65.0
ER_n50_g1,ER,50,QAOA-BF,2048,6,6,102154,True,12,1,wurtz_lykov_3reg_p1,0.1,64.0,11,15,5.0,3.0,64.0,0.0,False,6,0,1.5,0.3164477016734634,64.0,0.0,0,0.0,False,0.0,64.0
ER_n50_g1,ER,50,QAOA-NB,2048,6,6,102154,False,12,1,wurtz_lykov_3reg_p1,0.1,64.0,11,15,0.0,0.0,64.0,0.0,False,6,0,1.0,0.1525597341329951,64.0,0.0,0,0.0,False,0.0,64.0
ER_n50_g1,ER,50,QAOA-BF,2048,7,7,102155,True,12,1,wurtz_lykov_3reg_p1,0.1,64.0,15,19,5.385164807134504,4.0,66.0,2.0,True,6,5,1.3831281496162493,0.2490633326640436,65.0,1.0,14,0.0068359375,True,1.0,65.0
ER_n50_g1,ER,50,QAOA-NB,2048,7,7,102155,False,12,1,wurtz_lykov_3reg_p1,0.1,64.0,15,19,0.0,0.0,66.0,2.0,True,6,5,1.0,0.1257176655416876,66.0,2.0,19,0.00927734375,True,2.0,66.0
ER_n50_g2,ER,50,LS-only,,,,,,,,,,56.0,,,,,,,,,,,,,,,,,,56.0
ER_n50_g2,ER,50,QAOA-BF,32,0,0,100232,True,12,1,wurtz_lykov_3reg_p1,0.1,56.0,14,16,4.242640687119285,3.0,58.0,2.0,True,6,4,1.2344267996967353,0.2464320298613852,58.0,2.0,3,0.09375,True,2.0,58.0
ER_n50_g2,ER,50,QAOA-NB,32,0,0,100232,False,12,1,wurtz_lykov_3reg_p1,0.1,56.0,14,16,0.0,0.0,58.0,2.0,True,6,4,1.0,0.1251205251173284,58.0,2.0,2,0.0625,True,2.0,58.0
ER_n50_g2,ER,50,QAOA-BF,32,1,1,100233,True,12,1,wurtz_lykov_3reg_p1,0.1,56.0,11,21,5.385164807134504,4.0,59.0,3.0,True,6,0,1.6903085094570331,0.16761352971124652,57.0,1.0,1,0.03125,True,1.0,57.0
ER_n50_g2,ER,50,QAOA-NB,32,1,1,100233,False,12,1,wurtz_lykov_3reg_p1,0.1,56.0,11,21,0.0,0.0,59.0,3.0,True,6,0,1.0,0.10857023531614533,57.0,1.0,1,0.03125,True,1.0,57.0
ER_n50_g2,ER,50,QAOA-BF,32,2,2,100234,True,12,1,wurtz_lykov_3reg_p1,0.1,56.0,11,21,5.385164807134504,4.0,59.0,3.0,True,6,3,1.6903085094570331,0.16761352971124652,56.0,0.0,0,0.0,False,0.0,56.0
ER_n50_g2,ER,50,QAOA-NB,32,2,2,100234,False,12,1,wurtz_lykov_3reg_p1,0.1,56.0,11,21,0.0,0.0,59.0,3.0,True,6,3,1.0,0.10857023531614537,56.0,0.0,0,0.0,False,0.0,56.0
ER_n50_g2,ER,50,QAOA-BF,32,3,3,100235,True,12,1,wurtz_lykov_3reg_p1,0.1,56.0,13,21,5.5677643628300215,3.0,58.0,2.0,True,6,2,1.4474937289114918,0.2610909046647272,56.0,0.0,0,0.0,False,0.0,56.0
ER_n50_g2,ER,50,QAOA-NB,32,3,3,100235,False,12,1,wurtz_lykov_3reg_p1,0.1,56.0,13,21,0.0,0.0,58.0,2.0,True,6,2,1.0,0.08713279294060733,56.0,0.0,0,0.0,False,0.0,56.0
ER_n50_g2,ER,50,QAOA-BF,32,4,4,100236,True,12,1,wurtz_lykov_3reg_p1,0.1,56.0,11,21,5.385164807134504,4.0,59.0,3.0,True,6,4,1.6903085094570331,0.16761352971124657,57.0,1.0,2,0.0625,True,1.0,57.0
ER_n50_g2,ER,50,QAOA-NB,32,4,4,100236,False,12,1,wurtz_lykov_3reg_p1,0.1,56.0,11,21,0.0,0.0,59.0,3.0,True,6,4,1.0,0.10857023531614533,57.0,1.0,2,0.0625,True,1.0,57.0
ER_n50_g2,ER,50,QAOA-BF,32,5,5,100237,True,12,1,wurtz_lykov_3reg_p1,0.1,56.0,12,26,5.656854249492381,3.0,58.0,2.0,True,6,0,1.5217718205053643,0.27625717514762244,57.0,1.0,2,0.0625,True,1.0,57.0
ER_n50_g2,ER,50,QAOA-NB,32,5,5,100237,False,12,1,wurtz_lykov_3reg_p1,0.1,56.0,12,26,0.0,0.0,58.0,2.0,True,6,0,1.0,0.0995474543434383,56.0,0.0,0,0.0,False,0.0,56.0
ER_n50_g2,ER,50,QAOA-BF,32,6,6,100238,True,12,1,wurtz_lykov_3reg_p1,0.1,56.0,11,20,5.656854249492381,3.0,58.0,2.0,True,6,0,1.466287829861518,0.21396655308414972,57.0,1.0,1,0.03125,True,1.0,57.0
ER_n50_g2,ER,50,QAOA-NB,32,6,6,100238,False,12,1,wurtz_lykov_3reg_p1,0.1,56.0,11,20,0.0,0.0,58.0,2.0,True,6,0,1.0,0.050308826346333324,56.0,0.0,0,0.0,False,0.0,56.0
ER_n50_g2,ER,50,QAOA-BF,32,7,7,100239,True,12,1,wurtz_lykov_3reg_p1,0.1,56.0,13,15,4.358898943540674,3.0,58.0,2.0,True,6,3,1.3333333333333333,0.3113367553295623,56.0,0.0,0,0.0,False,0.0,56.0
ER_n50_g2,ER,50,QAOA-NB,32,7,7,100239,False,12,1,wurtz_lykov_3reg_p1,0.1,56.0,13,15,0.0,0.0,58.0,2.0,True,6,3,1.0,0.1776404554417703,56.0,0.0,0,0.0,False,0.0,56.0
ER_n50_g2,ER,50,QAOA-BF,128,0,0,100328,True,12,1,wurtz_lykov_3reg_p1,0.1,56.0,11,21,5.385164807134504,4.0,59.0,3.0,True,6,3,1.6903085094570331,0.16761352971124657,58.0,2.0,9,0.0703125,True,2.0,58.0
ER_n50_g2,ER,50,QAOA-NB,128,0,0,100328,False,12,1,wurtz_lykov_3reg_p1,0.1,56.0,11,21,0.0,0.0,59.0,3.0,True,6,3,1.0,0.1085702353161454,58.0,2.0,5,0.0390625,True,2.0,58.0
ER_n50_g2,ER,50,QAOA-BF,128,1,1,100329,True,12,1,wurtz_lykov_3reg_p1,0.1,56.0,11,21,5.385164807134504,4.0,59.0,3.0,True,6,2,1.6903085094570331,0.16761352971124652,58.0,2.0,15,0.1171875,True,2.0,58.0
ER_n50_g2,ER,50,QAOA-NB,128,1,1,100329,False,12,1,wurtz_lykov_3reg_p1,0.1,56.0,11,21,0.0,0.0,59.0,3.0,True,6,2,1.0,0.10857023531614533,57.0,1.0,13,0.1015625,True,1.0,57.0
ER_n50_g2,ER,50,QAOA-BF,128,2,2,100330,True,12,1,wurtz_lykov_3reg_p1,0.1,56.0,13,14,4.242640687119285,3.0,58.0,2.0,True,6,0,1.2449899597988732,0.2668691893721242,58.0,2.0,6,0.046875,True,2.0,58.0
ER_n50_g2,ER,50,QAOA-NB,128,2,2,100330,False,12,1,wurtz_lykov_3reg_p1,0.1,56.0,13,14,0.0,0.0,58.0,2.0,True,6,0,1.0,0.14767374513709264,58.0,2.0,2,0.015625,True,2.0,58.0
ER_n50_g2,ER,50,QAOA-BF,128,3,3,100331,True,12,1,wurtz_lykov_3reg_p1,0.1,56.0,11,21,5.385164807134504,4.0,59.0,3.0,True,6,0,1.6903085094570331,0.16761352971124646,58.0,2.0,7,0.0546875,True,2.0,58.0
ER_n50_g2,ER,50,QAOA-NB,128,3,3,100331,False,12,1,wurtz_lykov_3reg_p1,0.1,56.0,11,21,0.0,0.0,59.0,3.0,True,6,0,1.0,0.1085702353161454,57.0,1.0,7,0.0546875,True,1.0,57.0
ER_n50_g2,ER,50,QAOA-BF,128,4,4,100332,True,12,1,wurtz_lykov_3reg_p1,0.1,56.0,11,21,5.385164807134504,4.0,59.0,3.0,True,6,1,1.6903085094570331,0.16761352971124652,57.0,1.0,8,0.0625,True,1.0,57.0
ER_n50_g2,ER,50,QAOA-NB,128,4,4,100332,False,12,1,wurtz_lykov_3reg_p1,0.1,56.0,11,21,0.0,0.0,59.0,3.0,True,6,1,1.0,0.10857023531614533,58.0,2.0,6,0.046875,True,2.0,58.0
ER_n50_g2,ER,50,QAOA-BF,128,5,5,100333,True,12,1,wurtz_lykov_3reg_p1,0.1,56.0,14,19,5.0,3.0,58.0,2.0,True,6,2,1.3314380468978917,0.27388696238770116,58.0,2.0,13,0.1015625,True,2.0,58.0
ER_n50_g2,ER,50,QAOA-NB,128,5,5,100333,False,12,1,wurtz_lykov_3reg_p1,0.1,56.0,14,19,0.0,0.0,58.0,2.0,True,6,2,1.0,0.1505947674896652,57.0,1.0,2,0.015625,True,1.0,57.0
ER_n50_g2,ER,50,QAOA-BF,128,6,6,100334,True,12,1,wurtz_lykov_3reg_p1,0.1,56.0,14,18,4.0,2.0,58.0,2.0,True,6,2,1.1952286093343936,0.303407667239025,57.0,1.0,2,0.015625,True,1.0,57.0
ER_n50_g2,ER,50,QAOA-NB,128,6,6,100334,False,12,1,wurtz_lykov_3reg_p1,0.1,56.0,14,18,0.0,0.0,58.0,2.0,True,6,2,1.0,0.19607786748979777,56.0,0.0,0,0.0,False,0.0,56.0
ER_n50_g2,ER,50,QAOA-BF,128,7,7,100335,True,12,1,wurtz_lykov_3reg_p1,0.1,56.0,13,15,4.358898943540674,3.0,58.0,2.0,True,6,2,1.3333333333333333,0.31133675532956245,57.0,1.0,1,0.0078125,True,1.0,57.0
ER_n50_g2,ER,50,QAOA-NB,128,7,7,100335,False,12,1,wurtz_lykov_3reg_p1,0.1,56.0,13,15,0.0,0.0,58.0,2.0,True,6,2,1.0,0.17764045544177037,56.0,0.0,0,0.0,False,0.0,56.0
ER_n50_g2,ER,50,QAOA-BF,512,0,0,100712,True,12,1,wurtz_lykov_3reg_p1,0.1,56.0,13,26,5.656854249492381,3.0,58.0,2.0,True,6,2,1.4301938838683885,0.3654112863382537,58.0,2.0,16,0.03125,True,2.0,58.0
ER_n50_g2,ER,50,QAOA-NB,512,0,0,100712,False,12,1,wurtz_lykov_3reg_p1,0.1,56.0,13,26,0.0,0.0,58.0,2.0,True,6,2,1.0,0.14473338894639803,58.0,2.0,2,0.00390625,True,2.0,58.0
ER_n50_g2,ER,50,QAOA-BF,512,1,1,100713,True,12,1,wurtz_lykov_3reg_p1,0.1,56.0,11,21,5.385164807134504,4.0,59.0,3.0,True,6,1,1.6903085094570331,0.16761352971124652,58.0,2.0,36,0.0703125,True,2.0,58.0
ER_n50_g2,ER,50,QAOA-NB,512,1,1,100713,False,12,1,wurtz_lykov_3reg_p1,0.1,56.0,11,21,0.0,0.0,59.0,3.0,True,6,1,1.0,0.10857023531614533,58.0,2.0,23,0.044921875,True,2.0,58.0
ER_n50_g2,ER,50,QAOA-BF,512,2,2,100714,True,12,1,wurtz_lykov_3reg_p1,0.1,56.0,12,17,2.6457513110645907,2.0,59.0,3.0,True,6,5,1.0897247358851685,0.26561262703661886,58.0,2.0,17,0.033203125,True,2.0,58.0
ER_n50_g2,ER,50,QAOA-NB,512,2,2,100714,False,12,1,wurtz_lykov_3reg_p1,0.1,56.0,12,17,0.0,0.0,59.0,3.0,True,6,5,1.0,0.2655658108083494,58.0,2.0,8,0.015625,True,2.0,58.0
ER_n50_g2,ER,50,QAOA-BF,512,3,3,100715,True,12,1,wurtz_lykov_3reg_p1,0.1,56.0,13,22,4.47213595499958,3.0,58.0,2.0,True,6,1,1.3178930553209385,0.258245228865682,57.0,1.0,14,0.02734375,True,1.0,57.0
ER_n50_g2,ER,50,QAOA-NB,512,3,3,100715,False,12,1,wurtz_lykov_3reg_p1,0.1,56.0,13,22,0.0,0.0,58.0,2.0,True,6,1,1.0,0.18131542747839283,57.0,1.0,9,0.017578125,True,1.0,57.0
ER_n50_g2,ER,50,QAOA-BF,512,4,4,100716,True,12,1,wurtz_lykov_3reg_p1,0.1,56.0,12,23,6.244997998398398,4.0,59.0,3.0,True,6,1,1.6383560438182505,0.25598348192915693,58.0,2.0,14,0.02734375,True,2.0,58.0
ER_n50_g2,ER,50,QAOA-NB,512,4,4,100716,False,12,1,wurtz_lykov_3reg_p1,0.1,56.0,12,23,0.0,0.0,59.0,3.0,True,6,1,1.0,0.13547478859685877,58.0,2.0,2,0.00390625,True,2.0,58.0
ER_n50_g2,ER,50,QAOA-BF,512,5,5,100717,True,12,1,wurtz_lykov_3reg_p1,0.1,56.0,12,23,5.744562646538029,3.0,58.0,2.0,True,6,0,1.5,0.2467221456311515,58.0,2.0,20,0.0390625,True,2.0,58.0
ER_n50_g2,ER,50,QAOA-NB,512,5,5,100717,False,12,1,wurtz_lykov_3reg_p1,0.1,56.0,12,23,0.0,0.0,58.0,2.0,True,6,0,1.0,0.11599613925695586,57.0,1.0,8,0.015625,True,1.0,57.0
ER_n50_g2,ER,50,QAOA-BF,512,6,6,100718,True,12,1,wurtz_lykov_3reg_p1,0.1,56.0,11,21,5.385164807134504,4.0,59.0,3.0,True,6,0,1.6903085094570331,0.1676135297112466,59.0,3.0,44,0.0859375,True,3.0,59.0
ER_n50_g2,ER,50,QAOA-NB,512,6,6,100718,False,12,1,wurtz_lykov_3reg_p1,0.1,56.0,11,21,0.0,0.0,59.0,3.0,True,6,0,1.0,0.10857023531614533,58.0,2.0,29,0.056640625,True,2.0,58.0
ER_n50_g2,ER,50,QAOA-BF,512,7,7,100719,True,12,1,wurtz_lykov_3reg_p1,0.1,56.0,13,22,4.47213595499958,3.0,58.0,2.0,True,6,5,1.3178930553209385,0.332072001992182,58.0,2.0,13,0.025390625,True,2.0,58.0
ER_n50_g2,ER,50,QAOA-NB,512,7,7,100719,False,12,1,wurtz_lykov_3reg_p1,0.1,56.0,13,22,0.0,0.0,58.0,2.0,True,6,5,1.0,0.20105728865790912,58.0,2.0,3,0.005859375,True,2.0,58.0
ER_n50_g2,ER,50,QAOA-BF,2048,0,0,102248,True,12,1,wurtz_lykov_3reg_p1,0.1,56.0,14,19,3.872983346207417,3.0,57.0,1.0,True,6,1,1.1751393027860062,0.33070817216464193,57.0,1.0,8,0.00390625,True,1.0,57.0
ER_n50_g2,ER,50,QAOA-NB,2048,0,0,102248,False,12,1,wurtz_lykov_3reg_p1,0.1,56.0,14,19,0.0,0.0,57.0,1.0,True,6,1,1.0,0.1642223879638384,57.0,1.0,13,0.00634765625,True,1.0,57.0
ER_n50_g2,ER,50,QAOA-BF,2048,1,1,102249,True,12,1,wurtz_lykov_3reg_p1,0.1,56.0,12,19,4.795831523312719,3.0,57.0,1.0,True,6,0,1.3572417850765923,0.26807483768949086,57.0,1.0,61,0.02978515625,True,1.0,57.0
ER_n50_g2,ER,50,QAOA-NB,2048,1,1,102249,False,12,1,wurtz_lykov_3reg_p1,0.1,56.0,12,19,0.0,0.0,57.0,1.0,True,6,0,1.0,0.1490173708630208,57.0,1.0,31,0.01513671875,True,1.0,57.0
ER_n50_g2,ER,50,QAOA-BF,2048,2,2,102250,True,12,1,wurtz_lykov_3reg_p1,0.1,56.0,11,21,5.385164807134504,4.0,59.0,3.0,True,6,5,1.6903085094570331,0.16761352971124652,59.0,3.0,137,0.06689453125,True,3.0,59.0
ER_n50_g2,ER,50,QAOA-NB,2048,2,2,102250,False,12,1,wurtz_lykov_3reg_p1,0.1,56.0,11,21,0.0,0.0,59.0,3.0,True,6,5,1.0,0.1085702353161454,58.0,2.0,104,0.05078125,True,2.0,58.0
ER_n50_g2,ER,50,QAOA-BF,2048,3,3,102251,True,12,1,wurtz_lykov_3reg_p1,0.1,56.0,11,21,5.385164807134504,3.0,58.0,2.0,True,6,3,1.4907119849998598,0.2207332464973137,58.0,2.0,72,0.03515625,True,2.0,58.0
ER_n50_g2,ER,50,QAOA-NB,2048,3,3,102251,False,12,1,wurtz_lykov_3reg_p1,0.1,56.0,11,21,0.0,0.0,58.0,2.0,True,6,3,1.0,0.09783803691054685,58.0,2.0,37,0.01806640625,True,2.0,58.0
ER_n50_g2,ER,50,QAOA-BF,2048,4,4,102252,True,12,1,wurtz_lykov_3reg_p1,0.1,56.0,14,22,5.0990195135927845,3.0,58.0,2.0,True,6,1,1.4142135623730951,0.3184966426888095,58.0,2.0,57,0.02783203125,True,2.0,58.0
ER_n50_g2,ER,50,QAOA-NB,2048,4,4,102252,False,12,1,wurtz_lykov_3reg_p1,0.1,56.0,14,22,0.0,0.0,58.0,2.0,True,6,1,1.0,0.1728113811218344,58.0,2.0,33,0.01611328125,True,2.0,58.0
ER_n50_g2,ER,50,QAOA-BF,2048,5,5,102253,True,12,1,wurtz_lykov_3reg_p1,0.1,56.0,13,15,4.358898943540674,3.0,58.0,2.0,True,6,3,1.3333333333333333,0.31133675532956245,57.0,1.0,13,0.00634765625,True,1.0,57.0
ER_n50_g2,ER,50,QAOA-NB,2048,5,5,102253,False,12,1,wurtz_lykov_3reg_p1,0.1,56.0,13,15,0.0,0.0,58.0,2.0,True,6,3,1.0,0.17764045544177037,57.0,1.0,7,0.00341796875,True,1.0,57.0
ER_n50_g2,ER,50,QAOA-BF,2048,6,6,102254,True,12,1,wurtz_lykov_3reg_p1,0.1,56.0,13,14,3.4641016151377544,3.0,58.0,2.0,True,6,2,1.212678125181665,0.2902848459821719,58.0,2.0,79,0.03857421875,True,2.0,58.0
ER_n50_g2,ER,50,QAOA-NB,2048,6,6,102254,False,12,1,wurtz_lykov_3reg_p1,0.1,56.0,13,14,0.0,0.0,58.0,2.0,True,6,2,1.0,0.3109198036612521,58.0,2.0,48,0.0234375,True,2.0,58.0
ER_n50_g2,ER,50,QAOA-BF,2048,7,7,102255,True,12,1,wurtz_lykov_3reg_p1,0.1,56.0,13,22,4.47213595499958,3.0,58.0,2.0,True,6,1,1.3178930553209385,0.332072001992182,58.0,2.0,68,0.033203125,True,2.0,58.0
ER_n50_g2,ER,50,QAOA-NB,2048,7,7,102255,False,12,1,wurtz_lykov_3reg_p1,0.1,56.0,13,22,0.0,0.0,58.0,2.0,True,6,1,1.0,0.20105728865790912,58.0,2.0,26,0.0126953125,True,2.0,58.0
ER_n50_g3,ER,50,LS-only,,,,,,,,,,54.0,,,,,,,,,,,,,,,,,,54.0
ER_n50_g3,ER,50,QAOA-BF,32,0,0,100332,True,12,1,wurtz_lykov_3reg_p1,0.1,54.0,12,11,4.358898943540674,3.0,58.0,4.0,True,6,1,1.3503812097939996,0.1505478816808706,58.0,4.0,6,0.1875,True,4.0,58.0
ER_n50_g3,ER,50,QAOA-NB,32,0,0,100332,False,12,1,wurtz_lykov_3reg_p1,0.1,54.0,12,11,0.0,0.0,58.0,4.0,True,6,1,1.0,0.09185993540113872,56.0,2.0,6,0.1875,True,2.0,56.0
ER_n50_g3,ER,50,QAOA-BF,32,1,1,100333,True,12,1,wurtz_lykov_3reg_p1,0.1,54.0,11,12,3.4641016151377544,2.0,58.0,4.0,True,6,0,1.1631599960755994,0.1559803014780503,56.0,2.0,3,0.09375,True,2.0,56.0
ER_n50_g3,ER,50,QAOA-NB,32,1,1,100333,False,12,1,wurtz_lykov_3reg_p1,0.1,54.0,11,12,0.0,0.0,58.0,4.0,True,6,0,1.0,0.10839116209128698,55.0,1.0,1,0.03125,True,1.0,55.0
ER_n50_g3,ER,50,QAOA-BF,32,2,2,100334,True,12,1,wurtz_lykov_3reg_p1,0.1,54.0,12,14,6.324555320336759,5.0,58.0,4.0,True,6,5,1.6543403837370223,0.14653288876605547,56.0,2.0,5,0.15625,True,2.0,56.0
ER_n50_g3,ER,50,QAOA-NB,32,2,2,100334,False,12,1,wurtz_lykov_3reg_p1,0.1,54.0,12,14,0.0,0.0,58.0,4.0,True,6,5,1.0,0.0504350897119771,56.0,2.0,3,0.09375,True,2.0,56.0
ER_n50_g3,ER,50,QAOA-BF,32,3,3,100335,True,12,1,wurtz_lykov_3reg_p1,0.1,54.0,11,16,4.47213595499958,2.0,58.0,4.0,True,6,1,1.2773327473170102,0.15451484597960116,58.0,4.0,4,0.125,True,4.0,58.0
ER_n50_g3,ER,50,QAOA-NB,32,3,3,100335,False,12,1,wurtz_lykov_3reg_p1,0.1,54.0,11,16,0.0,0.0,58.0,4.0,True,6,1,1.0,0.05819894022558603,55.0,1.0,1,0.03125,True,1.0,55.0
ER_n50_g3,ER,50,QAOA-BF,32,4,4,100336,True,12,1,wurtz_lykov_3reg_p1,0.1,54.0,12,10,4.47213595499958,3.0,58.0,4.0,True,6,1,1.3333333333333333,0.18468364566613918,56.0,2.0,3,0.09375,True,2.0,56.0
ER_n50_g3,ER,50,QAOA-NB,32,4,4,100336,False,12,1,wurtz_lykov_3reg_p1,0.1,54.0,12,10,0.0,0.0,58.0,4.0,True,6,1,1.0,0.146714676006191,56.0,2.0,2,0.0625,True,2.0,56.0
ER_n50_g3,ER,50,QAOA-BF,32,5,5,100337,True,12,1,wurtz_lykov_3reg_p1,0.1,54.0,12,11,4.358898943540674,3.0,58.0,4.0,True,6,5,1.3503812097939996,0.17549534027451336,56.0,2.0,8,0.25,True,2.0,56.0
ER_n50_g3,ER,50,QAOA-NB,32,5,5,100337,False,12,1,wurtz_lykov_3reg_p1,0.1,54.0,12,11,0.0,0.0,58.0,4.0,True,6,5,1.0,0.16711683124441148,56.0,2.0,7,0.21875,True,2.0,56.0
ER_n50_g3,ER,50,QAOA-BF,32,6,6,100338,True,12,1,wurtz_lykov_3reg_p1,0.1,54.0,13,6,2.449489742783178,2.0,58.0,4.0,True,6,4,1.0897247358851685,0.14804698272462882,56.0,2.0,3,0.09375,True,2.0,56.0
ER_n50_g3,ER,50,QAOA-NB,32,6,6,100338,False,12,1,wurtz_lykov_3reg_p1,0.1,54.0,13,6,0.0,0.0,58.0,4.0,True,6,4,1.0,0.09126545743055409,56.0,2.0,2,0.0625,True,2.0,56.0
ER_n50_g3,ER,50,QAOA-BF,32,7,7,100339,True,12,1,wurtz_lykov_3reg_p1,0.1,54.0,12,12,4.47213595499958,3.0,58.0,4.0,True,6,0,1.3333333333333333,0.1813930108230639,58.0,4.0,2,0.0625,True,4.0,58.0
ER_n50_g3,ER,50,QAOA-NB,32,7,7,100339,False,12,1,wurtz_lykov_3reg_p1,0.1,54.0,12,12,0.0,0.0,58.0,4.0,True,6,0,1.0,0.11415682149536613,58.0,4.0,1,0.03125,True,4.0,58.0
ER_n50_g3,ER,50,QAOA-BF,128,0,0,100428,True,12,1,wurtz_lykov_3reg_p1,0.1,54.0,12,15,5.916079783099616,5.0,58.0,4.0,True,6,3,1.6627404735414788,0.15172703915724597,56.0,2.0,8,0.0625,True,2.0,56.0
ER_n50_g3,ER,50,QAOA-NB,128,0,0,100428,False,12,1,wurtz_lykov_3reg_p1,0.1,54.0,12,15,0.0,0.0,58.0,4.0,True,6,3,1.0,0.10042394113222072,56.0,2.0,6,0.046875,True,2.0,56.0
ER_n50_g3,ER,50,QAOA-BF,128,1,1,100429,True,12,1,wurtz_lykov_3reg_p1,0.1,54.0,12,14,6.324555320336759,5.0,58.0,4.0,True,6,1,1.6543403837370223,0.14653288876605544,58.0,4.0,12,0.09375,True,4.0,58.0
ER_n50_g3,ER,50,QAOA-NB,128,1,1,100429,False,12,1,wurtz_lykov_3reg_p1,0.1,54.0,12,14,0.0,0.0,58.0,4.0,True,6,1,1.0,0.050435089711977125,58.0,4.0,8,0.0625,True,4.0,58.0
ER_n50_g3,ER,50,QAOA-BF,128,2,2,100430,True,12,1,wurtz_lykov_3reg_p1,0.1,54.0,12,12,4.0,3.0,58.0,4.0,True,6,1,1.2833778958394957,0.14880134281610402,58.0,4.0,12,0.09375,True,4.0,58.0
ER_n50_g3,ER,50,QAOA-NB,128,2,2,100430,False,12,1,wurtz_lykov_3reg_p1,0.1,54.0,12,12,0.0,0.0,58.0,4.0,True,6,1,1.0,0.09801865210399618,58.0,4.0,11,0.0859375,True,4.0,58.0
ER_n50_g3,ER,50,QAOA-BF,128,3,3,100431,True,12,1,wurtz_lykov_3reg_p1,0.1,54.0,12,11,4.358898943540674,3.0,58.0,4.0,True,6,2,1.3503812097939996,0.15054788168087058,56.0,2.0,13,0.1015625,True,2.0,56.0
ER_n50_g3,ER,50,QAOA-NB,128,3,3,100431,False,12,1,wurtz_lykov_3reg_p1,0.1,54.0,12,11,0.0,0.0,58.0,4.0,True,6,2,1.0,0.09185993540113872,56.0,2.0,11,0.0859375,True,2.0,56.0
ER_n50_g3,ER,50,QAOA-BF,128,4,4,100432,True,12,1,wurtz_lykov_3reg_p1,0.1,54.0,12,11,4.123105625617661,3.0,58.0,4.0,True,6,2,1.2692955176439846,0.18211777537444085,58.0,4.0,17,0.1328125,True,4.0,58.0
ER_n50_g3,ER,50,QAOA-NB,128,4,4,100432,False,12,1,wurtz_lykov_3reg_p1,0.1,54.0,12,11,0.0,0.0,58.0,4.0,True,6,2,1.0,0.13946375147398962,56.0,2.0,12,0.09375,True,2.0,56.0
ER_n50_g3,ER,50,QAOA-BF,128,5,5,100433,True,12,1,wurtz_lykov_3reg_p1,0.1,54.0,13,11,3.0,2.0,58.0,4.0,True,6,4,1.0760551736979407,0.22622422046325102,55.0,1.0,1,0.0078125,True,1.0,55.0
ER_n50_g3,ER,50,QAOA-NB,128,5,5,100433,False,12,1,wurtz_lykov_3reg_p1,0.1,54.0,13,11,0.0,0.0,58.0,4.0,True,6,4,1.0,0.17424199050910072,54.0,0.0,0,0.0,False,0.0,54.0
ER_n50_g3,ER,50,QAOA-BF,128,6,6,100434,True,12,1,wurtz_lykov_3reg_p1,0.1,54.0,12,11,4.358898943540674,3.0,58.0,4.0,True,6,0,1.3503812097939996,0.17549534027451336,57.0,3.0,14,0.109375,True,3.0,57.0
ER_n50_g3,ER,50,QAOA-NB,128,6,6,100434,False,12,1,wurtz_lykov_3reg_p1,0.1,54.0,12,11,0.0,0.0,58.0,4.0,True,6,0,1.0,0.16711683124441154,57.0,3.0,11,0.0859375,True,3.0,57.0
ER_n50_g3,ER,50,QAOA-BF,128,7,7,100435,True,12,1,wurtz_lykov_3reg_p1,0.1,54.0,13,11,3.872983346207417,2.0,57.0,3.0,True,6,4,1.2139539573337679,0.2798244712798669,55.0,1.0,1,0.0078125,True,1.0,55.0
ER_n50_g3,ER,50,QAOA-NB,128,7,7,100435,False,12,1,wurtz_lykov_3reg_p1,0.1,54.0,13,11,0.0,0.0,57.0,3.0,True,6,4,1.0,0.18780300757876228,54.0,0.0,0,0.0,False,0.0,54.0
ER_n50_g3,ER,50,QAOA-BF,512,0,0,100812,True,12,1,wurtz_lykov_3reg_p1,0.1,54.0,12,12,5.0990195135927845,4.0,58.0,4.0,True,6,3,1.495090003192804,0.14502474575408308,58.0,4.0,48,0.09375,True,4.0,58.0
ER_n50_g3,ER,50,QAOA-NB,512,0,0,100812,False,12,1,wurtz_lykov_3reg_p1,0.1,54.0,12,12,0.0,0.0,58.0,4.0,True,6,3,1.0,0.08932184708696816,58.0,4.0,31,0.060546875,True,4.0,58.0
ER_n50_g3,ER,50,QAOA-BF,512,1,1,100813,True,12,1,wurtz_lykov_3reg_p1,0.1,54.0,12,17,5.0,3.0,57.0,3.0,True,6,2,1.4337208778404378,0.22740692216848915,55.0,1.0,6,0.01171875,True,1.0,55.0
ER_n50_g3,ER,50,QAOA-NB,512,1,1,100813,False,12,1,wurtz_lykov_3reg_p1,0.1,54.0,12,17,0.0,0.0,57.0,3.0,True,6,2,1.0,0.0969170371251797,55.0,1.0,2,0.00390625,True,1.0,55.0
ER_n50_g3,ER,50,QAOA-BF,512,2,2,100814,True,12,1,wurtz_lykov_3reg_p1,0.1,54.0,12,8,3.1622776601683795,2.0,58.0,4.0,True,6,4,1.1726039399558574,0.17336119193755298,58.0,4.0,73,0.142578125,True,4.0,58.0
ER_n50_g3,ER,50,QAOA-NB,512,2,2,100814,False,12,1,wurtz_lykov_3reg_p1,0.1,54.0,12,8,0.0,0.0,58.0,4.0,True,6,4,1.0,0.128974402658532,58.0,4.0,49,0.095703125,True,4.0,58.0
ER_n50_g3,ER,50,QAOA-BF,512,3,3,100815,True,12,1,wurtz_lykov_3reg_p1,0.1,54.0,12,14,6.324555320336759,5.0,58.0,4.0,True,6,0,1.6543403837370223,0.15914243177721357,58.0,4.0,34,0.06640625,True,4.0,58.0
ER_n50_g3,ER,50,QAOA-NB,512,3,3,100815,False,12,1,wurtz_lykov_3reg_p1,0.1,54.0,12,14,0.0,0.0,58.0,4.0,True,6,0,1.0,0.09534154129330286,58.0,4.0,34,0.06640625,True,4.0,58.0
ER_n50_g3,ER,50,QAOA-BF,512,4,4,100816,True,12,1,wurtz_lykov_3reg_p1,0.1,54.0,13,11,3.872983346207417,2.0,57.0,3.0,True,6,2,1.2139539573337679,0.2798244712798669,55.0,1.0,3,0.005859375,True,1.0,55.0
ER_n50_g3,ER,50,QAOA-NB,512,4,4,100816,False,12,1,wurtz_lykov_3reg_p1,0.1,54.0,13,11,0.0,0.0,57.0,3.0,True,6,2,1.0,0.18780300757876223,54.0,0.0,0,0.0,False,0.0,54.0
ER_n50_g3,ER,50,QAOA-BF,512,5,5,100817,True,12,1,wurtz_lykov_3reg_p1,0.1,54.0,12,19,4.795831523312719,2.0,58.0,4.0,True,6,4,1.3228756555322954,0.2726060593686092,58.0,4.0,52,0.1015625,True,4.0,58.0
ER_n50_g3,ER,50,QAOA-NB,512,5,5,100817,False,12,1,wurtz_lykov_3reg_p1,0.1,54.0,12,19,0.0,0.0,58.0,4.0,True,6,4,1.0,0.21686371286307635,58.0,4.0,4,0.0078125,True,4.0,58.0
ER_n50_g3,ER,50,QAOA-BF,512,6,6,100818,True,12,1,wurtz_lykov_3reg_p1,0.1,54.0,13,13,4.795831523312719,2.0,57.0,3.0,True,6,1,1.3093073414159542,0.24622145016522254,57.0,3.0,4,0.0078125,True,3.0,57.0
ER_n50_g3,ER,50,QAOA-NB,512,6,6,100818,False,12,1,wurtz_lykov_3reg_p1,0.1,54.0,13,13,0.0,0.0,57.0,3.0,True,6,1,1.0,0.11384921582223123,54.0,0.0,0,0.0,False,0.0,54.0
ER_n50_g3,ER,50,QAOA-BF,512,7,7,100819,True,12,1,wurtz_lykov_3reg_p1,0.1,54.0,13,6,2.449489742783178,2.0,58.0,4.0,True,6,0,1.0897247358851685,0.14804698272462896,58.0,4.0,75,0.146484375,True,4.0,58.0
ER_n50_g3,ER,50,QAOA-NB,512,7,7,100819,False,12,1,wurtz_lykov_3reg_p1,0.1,54.0,13,6,0.0,0.0,58.0,4.0,True,6,0,1.0,0.09126545743055411,58.0,4.0,65,0.126953125,True,4.0,58.0
ER_n50_g3,ER,50,QAOA-BF,2048,0,0,102348,True,12,1,wurtz_lykov_3reg_p1,0.1,54.0,11,21,5.196152422706632,3.0,56.0,2.0,True,6,0,1.4529663145135578,0.18400545414338118,56.0,2.0,20,0.009765625,True,2.0,56.0
ER_n50_g3,ER,50,QAOA-NB,2048,0,0,102348,False,12,1,wurtz_lykov_3reg_p1,0.1,54.0,11,21,0.0,0.0,56.0,2.0,True,6,0,1.0,0.05281081269124314,56.0,2.0,9,0.00439453125,True,2.0,56.0
ER_n50_g3,ER,50,QAOA-BF,2048,1,1,102349,True,12,1,wurtz_lykov_3reg_p1,0.1,54.0,12,10,4.47213595499958,3.0,58.0,4.0,True,6,1,1.3333333333333333,0.18391590946636194,58.0,4.0,243,0.11865234375,True,4.0,58.0
ER_n50_g3,ER,50,QAOA-NB,2048,1,1,102349,False,12,1,wurtz_lykov_3reg_p1,0.1,54.0,12,10,0.0,0.0,58.0,4.0,True,6,1,1.0,0.13038767894894857,58.0,4.0,195,0.09521484375,True,4.0,58.0
ER_n50_g3,ER,50,QAOA-BF,2048,2,2,102350,True,12,1,wurtz_lykov_3reg_p1,0.1,54.0,12,18,5.291502622129181,4.0,56.0,2.0,True,6,0,1.4509525002200232,0.22352136347812504,56.0,2.0,16,0.0078125,True,2.0,56.0
ER_n50_g3,ER,50,QAOA-NB,2048,2,2,102350,False,12,1,wurtz_lykov_3reg_p1,0.1,54.0,12,18,0.0,0.0,56.0,2.0,True,6,0,1.0,0.12933300558907854,56.0,2.0,11,0.00537109375,True,2.0,56.0
ER_n50_g3,ER,50,QAOA-BF,2048,3,3,102351,True,12,1,wurtz_lykov_3reg_p1,0.1,54.0,11,18,6.164414002968976,5.0,56.0,2.0,True,6,1,1.6059101370939324,0.21713720693071495,56.0,2.0,22,0.0107421875,True,2.0,56.0
ER_n50_g3,ER,50,QAOA-NB,2048,3,3,102351,False,12,1,wurtz_lykov_3reg_p1,0.1,54.0,11,18,0.0,0.0,56.0,2.0,True,6,1,1.0,0.16224304035724718,56.0,2.0,14,0.0068359375,True,2.0,56.0
ER_n50_g3,ER,50,QAOA-BF,2048,4,4,102352,True,12,1,wurtz_lykov_3reg_p1,0.1,54.0,12,16,5.0990195135927845,4.0,58.0,4.0,True,6,1,1.495090003192804,0.14502474575408303,58.0,4.0,172,0.083984375,True,4.0,58.0
ER_n50_g3,ER,50,QAOA-NB,2048,4,4,102352,False,12,1,wurtz_lykov_3reg_p1,0.1,54.0,12,16,0.0,0.0,58.0,4.0,True,6,1,1.0,0.08932184708696816,58.0,4.0,121,0.05908203125,True,4.0,58.0
ER_n50_g3,ER,50,QAOA-BF,2048,5,5,102353,True,12,1,wurtz_lykov_3reg_p1,0.1,54.0,13,10,2.449489742783178,1.0,56.0,2.0,True,6,5,1.0,0.30625201633705235,55.0,1.0,1,0.00048828125,True,1.0,55.0
ER_n50_g3,ER,50,QAOA-NB,2048,5,5,102353,False,12,1,wurtz_lykov_3reg_p1,0.1,54.0,13,10,0.0,0.0,56.0,2.0,True,6,5,1.0,0.21606404884837033,55.0,1.0,1,0.00048828125,True,1.0,55.0
ER_n50_g3,ER,50,QAOA-BF,2048,6,6,102354,True,12,1,wurtz_lykov_3reg_p1,0.1,54.0,13,13,4.795831523312719,2.0,57.0,3.0,True,6,2,1.3093073414159542,0.2462214501652226,57.0,3.0,15,0.00732421875,True,3.0,57.0
ER_n50_g3,ER,50,QAOA-NB,2048,6,6,102354,False,12,1,wurtz_lykov_3reg_p1,0.1,54.0,13,13,0.0,0.0,57.0,3.0,True,6,2,1.0,0.11384921582223123,57.0,3.0,5,0.00244140625,True,3.0,57.0
ER_n50_g3,ER,50,QAOA-BF,2048,7,7,102355,True,12,1,wurtz_lykov_3reg_p1,0.1,54.0,12,11,4.358898943540674,3.0,58.0,4.0,True,6,4,1.3503812097939996,0.15054788168087058,58.0,4.0,263,0.12841796875,True,4.0,58.0
ER_n50_g3,ER,50,QAOA-NB,2048,7,7,102355,False,12,1,wurtz_lykov_3reg_p1,0.1,54.0,12,11,0.0,0.0,58.0,4.0,True,6,4,1.0,0.09185993540113872,58.0,4.0,215,0.10498046875,True,4.0,58.0
ER_n50_g4,ER,50,LS-only,,,,,,,,,,57.0,,,,,,,,,,,,,,,,,,57.0
ER_n50_g4,ER,50,QAOA-BF,32,0,0,100432,True,12,1,wurtz_lykov_3reg_p1,0.1,57.0,12,21,6.4031242374328485,5.0,59.0,2.0,True,6,0,1.7159383568311668,0.2118071723624783,57.0,0.0,0,0.0,False,0.0,57.0
ER_n50_g4,ER,50,QAOA-NB,32,0,0,100432,False,12,1,wurtz_lykov_3reg_p1,0.1,57.0,12,21,0.0,0.0,59.0,2.0,True,6,0,1.0,0.20368899979523256,59.0,2.0,1,0.03125,True,2.0,59.0
ER_n50_g4,ER,50,QAOA-BF,32,1,1,100433,True,12,1,wurtz_lykov_3reg_p1,0.1,57.0,11,18,7.211102550927978,6.0,60.0,3.0,True,6,0,1.9250668437592438,0.16727140275664518,57.0,0.0,0,0.0,False,0.0,57.0
ER_n50_g4,ER,50,QAOA-NB,32,1,1,100433,False,12,1,wurtz_lykov_3reg_p1,0.1,57.0,11,18,0.0,0.0,60.0,3.0,True,6,0,1.0,0.16019118182349767,58.0,1.0,1,0.03125,True,1.0,58.0
ER_n50_g4,ER,50,QAOA-BF,32,2,2,100434,True,12,1,wurtz_lykov_3reg_p1,0.1,57.0,16,16,3.1622776601683795,2.0,60.0,3.0,True,6,4,1.06321906614239,0.18083883889196056,57.0,0.0,0,0.0,False,0.0,57.0
ER_n50_g4,ER,50,QAOA-NB,32,2,2,100434,False,12,1,wurtz_lykov_3reg_p1,0.1,57.0,16,16,0.0,0.0,60.0,3.0,True,6,4,1.0,0.12124546520119497,57.0,0.0,0,0.0,False,0.0,57.0
ER_n50_g4,ER,50,QAOA-BF,32,3,3,100435,True,12,1,wurtz_lykov_3reg_p1,0.1,57.0,11,14,3.4641016151377544,2.0,59.0,2.0,True,6,3,1.1631599960755994,0.24425820494314973,57.0,0.0,0,0.0,False,0.0,57.0
ER_n50_g4,ER,50,QAOA-NB,32,3,3,100435,False,12,1,wurtz_lykov_3reg_p1,0.1,57.0,11,14,0.0,0.0,59.0,2.0,True,6,3,1.0,0.09169350502213018,57.0,0.0,0,0.0,False,0.0,57.0
ER_n50_g4,ER,50,QAOA-BF,32,4,4,100436,True,12,1,wurtz_lykov_3reg_p1,0.1,57.0,14,18,4.242640687119285,2.0,58.0,1.0,True,6,3,1.2649110640673518,0.26110421744008394,57.0,0.0,0,0.0,False,0.0,57.0
ER_n50_g4,ER,50,QAOA-NB,32,4,4,100436,False,12,1,wurtz_lykov_3reg_p1,0.1,57.0,14,18,0.0,0.0,58.0,1.0,True,6,3,1.0,0.17153211537294377,57.0,0.0,0,0.0,False,0.0,57.0
ER_n50_g4,ER,50,QAOA-BF,32,5,5,100437,True,12,1,wurtz_lykov_3reg_p1,0.1,57.0,15,20,7.483314773547883,6.0,59.0,2.0,True,6,1,1.796461167760864,0.20473210789856797,57.0,0.0,0,0.0,False,0.0,57.0
ER_n50_g4,ER,50,QAOA-NB,32,5,5,100437,False,12,1,wurtz_lykov_3reg_p1,0.1,57.0,15,20,0.0,0.0,59.0,2.0,True,6,1,1.0,0.17106061503375222,57.0,0.0,0,0.0,False,0.0,57.0
ER_n50_g4,ER,50,QAOA-BF,32,6,6,100438,True,12,1,wurtz_lykov_3reg_p1,0.1,57.0,15,16,4.0,3.0,59.0,2.0,True,6,3,1.2449899597988732,0.2556578419879192,57.0,0.0,0,0.0,False,0.0,57.0
ER_n50_g4,ER,50,QAOA-NB,32,6,6,100438,False,12,1,wurtz_lykov_3reg_p1,0.1,57.0,15,16,0.0,0.0,59.0,2.0,True,6,3,1.0,0.266856788865798,57.0,0.0,0,0.0,False,0.0,57.0
ER_n50_g4,ER,50,QAOA-BF,32,7,7,100439,True,12,1,wurtz_lykov_3reg_p1,0.1,57.0,11,15,2.23606797749979,1.0,58.0,1.0,True,6,0,1.0,0.29181627177192043,57.0,0.0,0,0.0,False,0.0,57.0
ER_n50_g4,ER,50,QAOA-NB,32,7,7,100439,False,12,1,wurtz_lykov_3reg_p1,0.1,57.0,11,15,0.0,0.0,58.0,1.0,True,6,0,1.0,0.16148073847281263,57.0,0.0,0,0.0,False,0.0,57.0
ER_n50_g4,ER,50,QAOA-BF,128,0,0,100528,True,12,1,wurtz_lykov_3reg_p1,0.1,57.0,11,17,5.0,3.0,58.0,1.0,True,6,1,1.4552137502179978,0.3090872581786001,57.0,0.0,0,0.0,False,0.0,57.0
ER_n50_g4,ER,50,QAOA-NB,128,0,0,100528,False,12,1,wurtz_lykov_3reg_p1,0.1,57.0,11,17,0.0,0.0,58.0,1.0,True,6,1,1.0,0.15481539070417288,57.0,0.0,0,0.0,False,0.0,57.0
ER_n50_g4,ER,50,QAOA-BF,128,1,1,100529,True,12,1,wurtz_lykov_3reg_p1,0.1,57.0,14,22,6.928203230275509,6.0,59.0,2.0,True,6,0,1.7182493859684491,0.16893419807712243,57.0,0.0,0,0.0,False,0.0,57.0
ER_n50_g4,ER,50,QAOA-NB,128,1,1,100529,False,12,1,wurtz_lykov_3reg_p1,0.1,57.0,14,22,0.0,0.0,59.0,2.0,True,6,0,1.0,0.13958402179897939,58.0,1.0,1,0.0078125,True,1.0,58.0
ER_n50_g4,ER,50,QAOA-BF,128,2,2,100530,True,12,1,wurtz_lykov_3reg_p1,0.1,57.0,16,16,3.1622776601683795,2.0,60.0,3.0,True,6,2,1.06321906614239,0.18083883889196056,57.0,0.0,0,0.0,False,0.0,57.0
ER_n50_g4,ER,50,QAOA-NB,128,2,2,100530,False,12,1,wurtz_lykov_3reg_p1,0.1,57.0,16,16,0.0,0.0,60.0,3.0,True,6,2,1.0,0.12124546520119497,57.0,0.0,0,0.0,False,0.0,57.0
ER_n50_g4,ER,50,QAOA-BF,128,3,3,100531,True,12,1,wurtz_lykov_3reg_p1,0.1,57.0,15,16,4.0,3.0,59.0,2.0,True,6,0,1.2449899597988732,0.2556578419879193,57.0,0.0,0,0.0,False,0.0,57.0
ER_n50_g4,ER,50,QAOA-NB,128,3,3,100531,False,12,1,wurtz_lykov_3reg_p1,0.1,57.0,15,16,0.0,0.0,59.0,2.0,True,6,0,1.0,0.266856788865798,58.0,1.0,1,0.0078125,True,1.0,58.0
ER_n50_g4,ER,50,QAOA-BF,128,4,4,100532,True,12,1,wurtz_lykov_3reg_p1,0.1,57.0,10,16,4.898979485566356,3.0,59.0,2.0,True,6,5,1.505545305418162,0.25529241848143464,57.0,0.0,0,0.0,False,0.0,57.0
ER_n50_g4,ER,50,QAOA-NB,128,4,4,100532,False,12,1,wurtz_lykov_3reg_p1,0.1,57.0,10,16,0.0,0.0,59.0,2.0,True,6,5,1.0,0.13538297713921926,58.0,1.0,2,0.015625,True,1.0,58.0
ER_n50_g4,ER,50,QAOA-BF,128,5,5,100533,True,12,1,wurtz_lykov_3reg_p1,0.1,57.0,13,18,4.69041575982343,3.0,58.0,1.0,True,6,0,1.3944333775567925,0.25672379624418257,57.0,0.0,0,0.0,False,0.0,57.0
ER_n50_g4,ER,50,QAOA-NB,128,5,5,100533,False,12,1,wurtz_lykov_3reg_p1,0.1,57.0,13,18,0.0,0.0,58.0,1.0,True,6,0,1.0,0.20255129582318102,57.0,0.0,0,0.0,False,0.0,57.0
ER_n50_g4,ER,50,QAOA-BF,128,6,6,100534,True,12,1,wurtz_lykov_3reg_p1,0.1,57.0,12,15,3.605551275463989,2.0,58.0,1.0,True,6,0,1.1470786693528088,0.30014642067681785,57.0,0.0,0,0.0,False,0.0,57.0
ER_n50_g4,ER,50,QAOA-NB,128,6,6,100534,False,12,1,wurtz_lykov_3reg_p1,0.1,57.0,12,15,0.0,0.0,58.0,1.0,True,6,0,1.0,0.20976212919002965,57.0,0.0,0,0.0,False,0.0,57.0
ER_n50_g4,ER,50,QAOA-BF,128,7,7,100535,True,12,1,wurtz_lykov_3reg_p1,0.1,57.0,14,22,6.928203230275509,6.0,59.0,2.0,True,6,1,1.7182493859684491,0.16893419807712243,58.0,1.0,2,0.015625,True,1.0,58.0
ER_n50_g4,ER,50,QAOA-NB,128,7,7,100535,False,12,1,wurtz_lykov_3reg_p1,0.1,57.0,14,22,0.0,0.0,59.0,2.0,True,6,1,1.0,0.1395840217989793,58.0,1.0,2,0.015625,True,1.0,58.0
ER_n50_g4,ER,50,QAOA-BF,512,0,0,100912,True,12,1,wurtz_lykov_3reg_p1,0.1,57.0,13,18,5.656854249492381,4.0,58.0,1.0,True,6,4,1.538967528127731,0.21440850305484024,58.0,1.0,18,0.03515625,True,1.0,58.0
ER_n50_g4,ER,50,QAOA-NB,512,0,0,100912,False,12,1,wurtz_lykov_3reg_p1,0.1,57.0,13,18,0.0,0.0,58.0,1.0,True,6,4,1.0,0.2642682259337442,58.0,1.0,7,0.013671875,True,1.0,58.0
ER_n50_g4,ER,50,QAOA-BF,512,1,1,100913,True,12,1,wurtz_lykov_3reg_p1,0.1,57.0,11,21,6.4031242374328485,6.0,58.0,1.0,True,6,1,1.7489492643904123,0.210126177840187,58.0,1.0,2,0.00390625,True,1.0,58.0
ER_n50_g4,ER,50,QAOA-NB,512,1,1,100913,False,12,1,wurtz_lykov_3reg_p1,0.1,57.0,11,21,0.0,0.0,58.0,1.0,True,6,1,1.0,0.28169106904241437,58.0,1.0,1,0.001953125,True,1.0,58.0
ER_n50_g4,ER,50,QAOA-BF,512,2,2,100914,True,12,1,wurtz_lykov_3reg_p1,0.1,57.0,16,13,3.0,2.0,60.0,3.0,True,6,5,1.0660035817780522,0.26291638687765145,57.0,0.0,0,0.0,False,0.0,57.0
ER_n50_g4,ER,50,QAOA-NB,512,2,2,100914,False,12,1,wurtz_lykov_3reg_p1,0.1,57.0,16,13,0.0,0.0,60.0,3.0,True,6,5,1.0,0.2439478818222231,57.0,0.0,0,0.0,False,0.0,57.0
ER_n50_g4,ER,50,QAOA-BF,512,3,3,100915,True,12,1,wurtz_lykov_3reg_p1,0.1,57.0,16,16,3.1622776601683795,2.0,60.0,3.0,True,6,1,1.06321906614239,0.15335874406216987,57.0,0.0,0,0.0,False,0.0,57.0
ER_n50_g4,ER,50,QAOA-NB,512,3,3,100915,False,12,1,wurtz_lykov_3reg_p1,0.1,57.0,16,16,0.0,0.0,60.0,3.0,True,6,1,1.0,0.062462925421906096,57.0,0.0,0,0.0,False,0.0,57.0
ER_n50_g4,ER,50,QAOA-BF,512,4,4,100916,True,12,1,wurtz_lykov_3reg_p1,0.1,57.0,16,15,4.123105625617661,3.0,60.0,3.0,True,6,3,1.224744871391589,0.22950199932637713,58.0,1.0,2,0.00390625,True,1.0,58.0
ER_n50_g4,ER,50,QAOA-NB,512,4,4,100916,False,12,1,wurtz_lykov_3reg_p1,0.1,57.0,16,15,0.0,0.0,60.0,3.0,True,6,3,1.0,0.1174997983974137,57.0,0.0,0,0.0,False,0.0,57.0
ER_n50_g4,ER,50,QAOA-BF,512,5,5,100917,True,12,1,wurtz_lykov_3reg_p1,0.1,57.0,13,14,4.242640687119285,3.0,58.0,1.0,True,6,0,1.2449899597988732,0.283882479201789,58.0,1.0,21,0.041015625,True,1.0,58.0
ER_n50_g4,ER,50,QAOA-NB,512,5,5,100917,False,12,1,wurtz_lykov_3reg_p1,0.1,57.0,13,14,0.0,0.0,58.0,1.0,True,6,0,1.0,0.17858359740691915,58.0,1.0,6,0.01171875,True,1.0,58.0
ER_n50_g4,ER,50,QAOA-BF,512,6,6,100918,True,12,1,wurtz_lykov_3reg_p1,0.1,57.0,15,17,3.872983346207417,3.0,58.0,1.0,True,6,0,1.1677484162422844,0.29085515466146167,58.0,1.0,2,0.00390625,True,1.0,58.0
ER_n50_g4,ER,50,QAOA-NB,512,6,6,100918,False,12,1,wurtz_lykov_3reg_p1,0.1,57.0,15,17,0.0,0.0,58.0,1.0,True,6,0,1.0,0.2017197620243285,58.0,1.0,1,0.001953125,True,1.0,58.0
ER_n50_g4,ER,50,QAOA-BF,512,7,7,100919,True,12,1,wurtz_lykov_3reg_p1,0.1,57.0,12,22,7.0710678118654755,6.0,59.0,2.0,True,6,1,1.8064212949190015,0.20662260828205783,59.0,2.0,3,0.005859375,True,2.0,59.0
ER_n50_g4,ER,50,QAOA-NB,512,7,7,100919,False,12,1,wurtz_lykov_3reg_p1,0.1,57.0,12,22,0.0,0.0,59.0,2.0,True,6,1,1.0,0.23260102062494858,58.0,1.0,3,0.005859375,True,1.0,58.0
ER_n50_g4,ER,50,QAOA-BF,2048,0,0,102448,True,12,1,wurtz_lykov_3reg_p1,0.1,57.0,11,13,4.123105625617661,3.0,58.0,1.0,True,6,0,1.2833778958394957,0.3284734233995027,58.0,1.0,2,0.0009765625,True,1.0,58.0
ER_n50_g4,ER,50,QAOA-NB,2048,0,0,102448,False,12,1,wurtz_lykov_3reg_p1,0.1,57.0,11,13,0.0,0.0,58.0,1.0,True,6,0,1.0,0.2300907939260625,57.0,0.0,0,0.0,False,0.0,57.0
ER_n50_g4,ER,50,QAOA-BF,2048,1,1,102449,True,12,1,wurtz_lykov_3reg_p1,0.1,57.0,15,20,6.928203230275509,6.0,59.0,2.0,True,6,0,1.6922282244532987,0.19189402724588966,59.0,2.0,6,0.0029296875,True,2.0,59.0
ER_n50_g4,ER,50,QAOA-NB,2048,1,1,102449,False,12,1,wurtz_lykov_3reg_p1,0.1,57.0,15,20,0.0,0.0,59.0,2.0,True,6,0,1.0,0.17106061503375228,59.0,2.0,2,0.0009765625,True,2.0,59.0
ER_n50_g4,ER,50,QAOA-BF,2048,2,2,102450,True,12,1,wurtz_lykov_3reg_p1,0.1,57.0,13,14,4.242640687119285,3.0,58.0,1.0,True,6,1,1.2449899597988732,0.283882479201789,58.0,1.0,58,0.0283203125,True,1.0,58.0
ER_n50_g4,ER,50,QAOA-NB,2048,2,2,102450,False,12,1,wurtz_lykov_3reg_p1,0.1,57.0,13,14,0.0,0.0,58.0,1.0,True,6,1,1.0,0.1785835974069191,58.0,1.0,12,0.005859375,True,1.0,58.0
ER_n50_g4,ER,50,QAOA-BF,2048,3,3,102451,True,12,1,wurtz_lykov_3reg_p1,0.1,57.0,11,15,2.6457513110645907,2.0,59.0,2.0,True,6,5,1.0954451150103321,0.20050050505752154,58.0,1.0,50,0.0244140625,True,1.0,58.0
ER_n50_g4,ER,50,QAOA-NB,2048,3,3,102451,False,12,1,wurtz_lykov_3reg_p1,0.1,57.0,11,15,0.0,0.0,59.0,2.0,True,6,5,1.0,0.0909709979171975,58.0,1.0,40,0.01953125,True,1.0,58.0
ER_n50_g4,ER,50,QAOA-BF,2048,4,4,102452,True,12,1,wurtz_lykov_3reg_p1,0.1,57.0,11,14,4.898979485566356,3.0,58.0,1.0,True,6,2,1.479019945774904,0.2822703328926014,57.0,0.0,0,0.0,False,0.0,57.0
ER_n50_g4,ER,50,QAOA-NB,2048,4,4,102452,False,12,1,wurtz_lykov_3reg_p1,0.1,57.0,11,14,0.0,0.0,58.0,1.0,True,6,2,1.0,0.15481539070417294,57.0,0.0,0,0.0,False,0.0,57.0
ER_n50_g4,ER,50,QAOA-BF,2048,5,5,102453,True,12,1,wurtz_lykov_3reg_p1,0.1,57.0,11,14,3.7416573867739413,2.0,59.0,2.0,True,6,1,1.25,0.21176325667473492,58.0,1.0,57,0.02783203125,True,1.0,58.0
ER_n50_g4,ER,50,QAOA-NB,2048,5,5,102453,False,12,1,wurtz_lykov_3reg_p1,0.1,57.0,11,14,0.0,0.0,59.0,2.0,True,6,1,1.0,0.0909709979171975,58.0,1.0,27,0.01318359375,True,1.0,58.0
ER_n50_g4,ER,50,QAOA-BF,2048,6,6,102454,True,12,1,wurtz_lykov_3reg_p1,0.1,57.0,11,14,3.1622776601683795,2.0,60.0,3.0,True,6,5,1.1832159566199232,0.24193337075731158,59.0,2.0,57,0.02783203125,True,2.0,59.0
ER_n50_g4,ER,50,QAOA-NB,2048,6,6,102454,False,12,1,wurtz_lykov_3reg_p1,0.1,57.0,11,14,0.0,0.0,60.0,3.0,True,6,5,1.0,0.2591021610017989,58.0,1.0,12,0.005859375,True,1.0,58.0
ER_n50_g4,ER,50,QAOA-BF,2048,7,7,102455,True,12,1,wurtz_lykov_3reg_p1,0.1,57.0,13,19,6.082762530298219,4.0,58.0,1.0,True,6,0,1.6222142113076254,0.20991714775568526,58.0,1.0,71,0.03466796875,True,1.0,58.0
ER_n50_g4,ER,50,QAOA-NB,2048,7,7,102455,False,12,1,wurtz_lykov_3reg_p1,0.1,57.0,13,19,0.0,0.0,58.0,1.0,True,6,0,1.0,0.19669290464908146,58.0,1.0,60,0.029296875,True,1.0,58.0
ER_n50_g5,ER,50,LS-only,,,,,,,,,,61.0,,,,,,,,,,,,,,,,,,61.0
ER_n50_g5,ER,50,QAOA-BF,32,0,0,100532,True,12,1,wurtz_lykov_3reg_p1,0.1,61.0,13,23,4.58257569495584,3.0,68.0,7.0,True,6,0,1.3038404810405297,0.16766832391000808,62.0,1.0,1,0.03125,True,1.0,62.0
ER_n50_g5,ER,50,QAOA-NB,32,0,0,100532,False,12,1,wurtz_lykov_3reg_p1,0.1,61.0,13,23,0.0,0.0,68.0,7.0,True,6,0,1.0,0.15855986982519454,62.0,1.0,1,0.03125,True,1.0,62.0
ER_n50_g5,ER,50,QAOA-BF,32,1,1,100533,True,12,1,wurtz_lykov_3reg_p1,0.1,61.0,13,22,5.291502622129181,4.0,64.0,3.0,True,6,3,1.4317821063276353,0.17846616433468673,62.0,1.0,1,0.03125,True,1.0,62.0
ER_n50_g5,ER,50,QAOA-NB,32,1,1,100533,False,12,1,wurtz_lykov_3reg_p1,0.1,61.0,13,22,0.0,0.0,64.0,3.0,True,6,3,1.0,0.06011774057375703,63.0,2.0,2,0.0625,True,2.0,63.0
ER_n50_g5,ER,50,QAOA-BF,32,2,2,100534,True,12,1,wurtz_lykov_3reg_p1,0.1,61.0,13,22,4.47213595499958,3.0,64.0,3.0,True,6,3,1.3178930553209385,0.2128537390652089,63.0,2.0,2,0.0625,True,2.0,63.0
ER_n50_g5,ER,50,QAOA-NB,32,2,2,100534,False,12,1,wurtz_lykov_3reg_p1,0.1,61.0,13,22,0.0,0.0,64.0,3.0,True,6,3,1.0,0.1620202111864348,62.0,1.0,1,0.03125,True,1.0,62.0
ER_n50_g5,ER,50,QAOA-BF,32,3,3,100535,True,12,1,wurtz_lykov_3reg_p1,0.1,61.0,14,20,4.242640687119285,3.0,67.0,6.0,True,6,0,1.2344267996967353,0.16649217636267366,61.0,0.0,0,0.0,False,0.0,61.0
ER_n50_g5,ER,50,QAOA-NB,32,3,3,100535,False,12,1,wurtz_lykov_3reg_p1,0.1,61.0,14,20,0.0,0.0,67.0,6.0,True,6,0,1.0,0.196525931698626,61.0,0.0,0,0.0,False,0.0,61.0
ER_n50_g5,ER,50,QAOA-BF,32,4,4,100536,True,12,1,wurtz_lykov_3reg_p1,0.1,61.0,13,23,5.916079783099616,4.0,63.0,2.0,True,6,1,1.5894388284780525,0.1733572886654618,62.0,1.0,1,0.03125,True,1.0,62.0
ER_n50_g5,ER,50,QAOA-NB,32,4,4,100536,False,12,1,wurtz_lykov_3reg_p1,0.1,61.0,13,23,0.0,0.0,63.0,2.0,True,6,1,1.0,0.10290549446316152,61.0,0.0,0,0.0,False,0.0,61.0
ER_n50_g5,ER,50,QAOA-BF,32,5,5,100537,True,12,1,wurtz_lykov_3reg_p1,0.1,61.0,12,20,3.1622776601683795,2.0,65.0,4.0,True,6,3,1.0760551736979407,0.2295615644630429,62.0,1.0,2,0.0625,True,1.0,62.0
ER_n50_g5,ER,50,QAOA-NB,32,5,5,100537,False,12,1,wurtz_lykov_3reg_p1,0.1,61.0,12,20,0.0,0.0,65.0,4.0,True,6,3,1.0,0.22116890423499852,61.0,0.0,0,0.0,False,0.0,61.0
ER_n50_g5,ER,50,QAOA-BF,32,6,6,100538,True,12,1,wurtz_lykov_3reg_p1,0.1,61.0,15,24,4.898979485566356,3.0,62.0,1.0,True,6,0,1.3314380468978917,0.33241873502172753,62.0,1.0,2,0.0625,True,1.0,62.0
ER_n50_g5,ER,50,QAOA-NB,32,6,6,100538,False,12,1,wurtz_lykov_3reg_p1,0.1,61.0,15,24,0.0,0.0,62.0,1.0,True,6,0,1.0,0.14158081162955075,62.0,1.0,1,0.03125,True,1.0,62.0
ER_n50_g5,ER,50,QAOA-BF,32,7,7,100539,True,12,1,wurtz_lykov_3reg_p1,0.1,61.0,12,17,4.358898943540674,2.0,65.0,4.0,True,6,1,1.2773327473170102,0.19597053382213744,61.0,0.0,0,0.0,False,0.0,61.0
ER_n50_g5,ER,50,QAOA-NB,32,7,7,100539,False,12,1,wurtz_lykov_3reg_p1,0.1,61.0,12,17,0.0,0.0,65.0,4.0,True,6,1,1.0,0.11450065521338067,61.0,0.0,0,0.0,False,0.0,61.0
ER_n50_g5,ER,50,QAOA-BF,128,0,0,100628,True,12,1,wurtz_lykov_3reg_p1,0.1,61.0,12,21,3.872983346207417,2.0,64.0,3.0,True,6,2,1.224744871391589,0.16740095264752228,63.0,2.0,21,0.1640625,True,2.0,63.0
ER_n50_g5,ER,50,QAOA-NB,128,0,0,100628,False,12,1,wurtz_lykov_3reg_p1,0.1,61.0,12,21,0.0,0.0,64.0,3.0,True,6,2,1.0,0.0886313600568269,63.0,2.0,6,0.046875,True,2.0,63.0
ER_n50_g5,ER,50,QAOA-BF,128,1,1,100629,True,12,1,wurtz_lykov_3reg_p1,0.1,61.0,12,23,5.0,4.0,64.0,3.0,True,6,0,1.3954814298487213,0.17220466687569963,63.0,2.0,5,0.0390625,True,2.0,63.0
ER_n50_g5,ER,50,QAOA-NB,128,1,1,100629,False,12,1,wurtz_lykov_3reg_p1,0.1,61.0,12,23,0.0,0.0,64.0,3.0,True,6,0,1.0,0.07463922763816082,63.0,2.0,6,0.046875,True,2.0,63.0
ER_n50_g5,ER,50,QAOA-BF,128,2,2,100630,True,12,1,wurtz_lykov_3reg_p1,0.1,61.0,14,17,3.3166247903554,2.0,63.0,2.0,True,6,2,1.1470786693528088,0.29594453011936417,61.0,0.0,0,0.0,False,0.0,61.0
ER_n50_g5,ER,50,QAOA-NB,128,2,2,100630,False,12,1,wurtz_lykov_3reg_p1,0.1,61.0,14,17,0.0,0.0,63.0,2.0,True,6,2,1.0,0.168586471261767,61.0,0.0,0,0.0,False,0.0,61.0
ER_n50_g5,ER,50,QAOA-BF,128,3,3,100631,True,12,1,wurtz_lykov_3reg_p1,0.1,61.0,15,21,4.358898943540674,3.0,64.0,3.0,True,6,1,1.3038404810405297,0.18946567434204745,63.0,2.0,16,0.125,True,2.0,63.0
ER_n50_g5,ER,50,QAOA-NB,128,3,3,100631,False,12,1,wurtz_lykov_3reg_p1,0.1,61.0,15,21,0.0,0.0,64.0,3.0,True,6,1,1.0,0.12765429603625233,63.0,2.0,20,0.15625,True,2.0,63.0
ER_n50_g5,ER,50,QAOA-BF,128,4,4,100632,True,12,1,wurtz_lykov_3reg_p1,0.1,61.0,14,20,4.69041575982343,3.0,64.0,3.0,True,6,4,1.2792042981336627,0.2673817722437539,62.0,1.0,1,0.0078125,True,1.0,62.0
ER_n50_g5,ER,50,QAOA-NB,128,4,4,100632,False,12,1,wurtz_lykov_3reg_p1,0.1,61.0,14,20,0.0,0.0,64.0,3.0,True,6,4,1.0,0.1614940076310147,61.0,0.0,0,0.0,False,0.0,61.0
ER_n50_g5,ER,50,QAOA-BF,128,5,5,100633,True,12,1,wurtz_lykov_3reg_p1,0.1,61.0,12,23,3.872983346207417,3.0,63.0,2.0,True,6,0,1.299038105676658,0.2371469443376961,61.0,0.0,0,0.0,False,0.0,61.0
ER_n50_g5,ER,50,QAOA-NB,128,5,5,100633,False,12,1,wurtz_lykov_3reg_p1,0.1,61.0,12,23,0.0,0.0,63.0,2.0,True,6,0,1.0,0.22155936899504267,63.0,2.0,1,0.0078125,True,2.0,63.0
ER_n50_g5,ER,50,QAOA-BF,128,6,6,100634,True,12,1,wurtz_lykov_3reg_p1,0.1,61.0,14,26,5.0990195135927845,4.0,64.0,3.0,True,6,4,1.4509525002200232,0.17397726549280554,63.0,2.0,4,0.03125,True,2.0,63.0
ER_n50_g5,ER,50,QAOA-NB,128,6,6,100634,False,12,1,wurtz_lykov_3reg_p1,0.1,61.0,14,26,0.0,0.0,64.0,3.0,True,6,4,1.0,0.07529106190270682,63.0,2.0,7,0.0546875,True,2.0,63.0
ER_n50_g5,ER,50,QAOA-BF,128,7,7,100635,True,12,1,wurtz_lykov_3reg_p1,0.1,61.0,12,22,4.0,3.0,64.0,3.0,True,6,3,1.2833778958394957,0.18021958415319067,63.0,2.0,6,0.046875,True,2.0,63.0
ER_n50_g5,ER,50,QAOA-NB,128,7,7,100635,False,12,1,wurtz_lykov_3reg_p1,0.1,61.0,12,22,0.0,0.0,64.0,3.0,True,6,3,1.0,0.13413767117324518,62.0,1.0,1,0.0078125,True,1.0,62.0
ER_n50_g5,ER,50,QAOA-BF,512,0,0,101012,True,12,1,wurtz_lykov_3reg_p1,0.1,61.0,16,21,4.795831523312719,3.0,63.0,2.0,True,6,1,1.396424004376894,0.19157071504804224,63.0,2.0,35,0.068359375,True,2.0,63.0
ER_n50_g5,ER,50,QAOA-NB,512,0,0,101012,False,12,1,wurtz_lykov_3reg_p1,0.1,61.0,16,21,0.0,0.0,63.0,2.0,True,6,1,1.0,0.12042172849641176,63.0,2.0,37,0.072265625,True,2.0,63.0
ER_n50_g5,ER,50,QAOA-BF,512,1,1,101013,True,12,1,wurtz_lykov_3reg_p1,0.1,61.0,15,19,3.605551275463989,2.0,64.0,3.0,True,6,4,1.1281521496355325,0.2589305273042736,63.0,2.0,31,0.060546875,True,2.0,63.0
ER_n50_g5,ER,50,QAOA-NB,512,1,1,101013,False,12,1,wurtz_lykov_3reg_p1,0.1,61.0,15,19,0.0,0.0,64.0,3.0,True,6,4,1.0,0.16966227436380896,63.0,2.0,18,0.03515625,True,2.0,63.0
ER_n50_g5,ER,50,QAOA-BF,512,2,2,101014,True,12,1,wurtz_lykov_3reg_p1,0.1,61.0,13,23,5.0,3.0,63.0,2.0,True,6,4,1.3451854182690985,0.2301094019015725,63.0,2.0,24,0.046875,True,2.0,63.0
ER_n50_g5,ER,50,QAOA-NB,512,2,2,101014,False,12,1,wurtz_lykov_3reg_p1,0.1,61.0,13,23,0.0,0.0,63.0,2.0,True,6,4,1.0,0.14578047104863898,63.0,2.0,15,0.029296875,True,2.0,63.0
ER_n50_g5,ER,50,QAOA-BF,512,3,3,101015,True,12,1,wurtz_lykov_3reg_p1,0.1,61.0,12,23,5.0,4.0,64.0,3.0,True,6,5,1.3954814298487213,0.17220466687569963,63.0,2.0,14,0.02734375,True,2.0,63.0
ER_n50_g5,ER,50,QAOA-NB,512,3,3,101015,False,12,1,wurtz_lykov_3reg_p1,0.1,61.0,12,23,0.0,0.0,64.0,3.0,True,6,5,1.0,0.07463922763816082,63.0,2.0,12,0.0234375,True,2.0,63.0
ER_n50_g5,ER,50,QAOA-BF,512,4,4,101016,True,12,1,wurtz_lykov_3reg_p1,0.1,61.0,13,23,4.795831523312719,3.0,68.0,7.0,True,6,5,1.3764944032233706,0.16455161512403077,64.0,3.0,22,0.04296875,True,3.0,64.0
ER_n50_g5,ER,50,QAOA-NB,512,4,4,101016,False,12,1,wurtz_lykov_3reg_p1,0.1,61.0,13,23,0.0,0.0,68.0,7.0,True,6,5,1.0,0.1454274100352824,63.0,2.0,12,0.0234375,True,2.0,63.0
ER_n50_g5,ER,50,QAOA-BF,512,5,5,101017,True,12,1,wurtz_lykov_3reg_p1,0.1,61.0,13,16,6.324555320336759,3.0,62.0,1.0,True,6,1,1.6278820596099706,0.25767751727940946,62.0,1.0,12,0.0234375,True,1.0,62.0
ER_n50_g5,ER,50,QAOA-NB,512,5,5,101017,False,12,1,wurtz_lykov_3reg_p1,0.1,61.0,13,16,0.0,0.0,62.0,1.0,True,6,1,1.0,0.09998889976198887,62.0,1.0,4,0.0078125,True,1.0,62.0
ER_n50_g5,ER,50,QAOA-BF,512,6,6,101018,True,12,1,wurtz_lykov_3reg_p1,0.1,61.0,13,21,5.385164807134504,3.0,67.0,6.0,True,6,3,1.449137674618944,0.17931203773368018,62.0,1.0,8,0.015625,True,1.0,62.0
ER_n50_g5,ER,50,QAOA-NB,512,6,6,101018,False,12,1,wurtz_lykov_3reg_p1,0.1,61.0,13,21,0.0,0.0,67.0,6.0,True,6,3,1.0,0.1362851539154699,63.0,2.0,6,0.01171875,True,2.0,63.0
ER_n50_g5,ER,50,QAOA-BF,512,7,7,101019,True,12,1,wurtz_lykov_3reg_p1,0.1,61.0,13,18,4.242640687119285,3.0,62.0,1.0,True,6,2,1.2449899597988732,0.23665715112296423,62.0,1.0,9,0.017578125,True,1.0,62.0
ER_n50_g5,ER,50,QAOA-NB,512,7,7,101019,False,12,1,wurtz_lykov_3reg_p1,0.1,61.0,13,18,0.0,0.0,62.0,1.0,True,6,2,1.0,0.25165155484229446,62.0,1.0,3,0.005859375,True,1.0,62.0
ER_n50_g5,ER,50,QAOA-BF,2048,0,0,102548,True,12,1,wurtz_lykov_3reg_p1,0.1,61.0,12,18,3.4641016151377544,2.0,62.0,1.0,True,6,0,1.1547005383792515,0.19606895259023638,62.0,1.0,84,0.041015625,True,1.0,62.0
ER_n50_g5,ER,50,QAOA-NB,2048,0,0,102548,False,12,1,wurtz_lykov_3reg_p1,0.1,61.0,12,18,0.0,0.0,62.0,1.0,True,6,0,1.0,0.1180203608163186,62.0,1.0,52,0.025390625,True,1.0,62.0
ER_n50_g5,ER,50,QAOA-BF,2048,1,1,102549,True,12,1,wurtz_lykov_3reg_p1,0.1,61.0,15,23,4.795831523312719,3.0,63.0,2.0,True,6,0,1.3451854182690985,0.20331717886497092,63.0,2.0,8,0.00390625,True,2.0,63.0
ER_n50_g5,ER,50,QAOA-NB,2048,1,1,102549,False,12,1,wurtz_lykov_3reg_p1,0.1,61.0,15,23,0.0,0.0,63.0,2.0,True,6,0,1.0,0.08916697693544522,63.0,2.0,3,0.00146484375,True,2.0,63.0
ER_n50_g5,ER,50,QAOA-BF,2048,2,2,102550,True,12,1,wurtz_lykov_3reg_p1,0.1,61.0,14,24,4.47213595499958,3.0,63.0,2.0,True,6,5,1.3038404810405297,0.22419369934340685,63.0,2.0,128,0.0625,True,2.0,63.0
ER_n50_g5,ER,50,QAOA-NB,2048,2,2,102550,False,12,1,wurtz_lykov_3reg_p1,0.1,61.0,14,24,0.0,0.0,63.0,2.0,True,6,5,1.0,0.13107783334097833,63.0,2.0,131,0.06396484375,True,2.0,63.0
ER_n50_g5,ER,50,QAOA-BF,2048,3,3,102551,True,12,1,wurtz_lykov_3reg_p1,0.1,61.0,13,23,5.916079783099616,5.0,65.0,4.0,True,6,3,1.5118578920369088,0.19242109390112597,65.0,4.0,67,0.03271484375,True,4.0,65.0
ER_n50_g5,ER,50,QAOA-NB,2048,3,3,102551,False,12,1,wurtz_lykov_3reg_p1,0.1,61.0,13,23,0.0,0.0,65.0,4.0,True,6,3,1.0,0.0982633567518186,64.0,3.0,39,0.01904296875,True,3.0,64.0
ER_n50_g5,ER,50,QAOA-BF,2048,4,4,102552,True,12,1,wurtz_lykov_3reg_p1,0.1,61.0,14,19,4.123105625617661,2.0,65.0,4.0,True,6,0,1.1870513506545997,0.2117602382730346,65.0,4.0,146,0.0712890625,True,4.0,65.0
ER_n50_g5,ER,50,QAOA-NB,2048,4,4,102552,False,12,1,wurtz_lykov_3reg_p1,0.1,61.0,14,19,0.0,0.0,65.0,4.0,True,6,0,1.0,0.1281211103791832,64.0,3.0,83,0.04052734375,True,3.0,64.0
ER_n50_g5,ER,50,QAOA-BF,2048,5,5,102553,True,12,1,wurtz_lykov_3reg_p1,0.1,61.0,15,19,4.123105625617661,2.0,63.0,2.0,True,6,0,1.179535649239177,0.2636620827801521,63.0,2.0,116,0.056640625,True,2.0,63.0
ER_n50_g5,ER,50,QAOA-NB,2048,5,5,102553,False,12,1,wurtz_lykov_3reg_p1,0.1,61.0,15,19,0.0,0.0,63.0,2.0,True,6,0,1.0,0.13910996075260196,63.0,2.0,57,0.02783203125,True,2.0,63.0
ER_n50_g5,ER,50,QAOA-BF,2048,6,6,102554,True,12,1,wurtz_lykov_3reg_p1,0.1,61.0,12,26,6.164414002968976,4.0,64.0,3.0,True,6,2,1.6222142113076254,0.2015660893352768,64.0,3.0,140,0.068359375,True,3.0,64.0
ER_n50_g5,ER,50,QAOA-NB,2048,6,6,102554,False,12,1,wurtz_lykov_3reg_p1,0.1,61.0,12,26,0.0,0.0,64.0,3.0,True,6,2,1.0,0.2035347941627895,64.0,3.0,65,0.03173828125,True,3.0,64.0
ER_n50_g5,ER,50,QAOA-BF,2048,7,7,102555,True,12,1,wurtz_lykov_3reg_p1,0.1,61.0,12,26,6.164414002968976,4.0,64.0,3.0,True,6,0,1.6222142113076254,0.20156608933527695,64.0,3.0,131,0.06396484375,True,3.0,64.0
ER_n50_g5,ER,50,QAOA-NB,2048,7,7,102555,False,12,1,wurtz_lykov_3reg_p1,0.1,61.0,12,26,0.0,0.0,64.0,3.0,True,6,0,1.0,0.2035347941627895,64.0,3.0,72,0.03515625,True,3.0,64.0
ER_n50_g6,ER,50,LS-only,,,,,,,,,,60.0,,,,,,,,,,,,,,,,,,60.0
ER_n50_g6,ER,50,QAOA-BF,32,0,0,100632,True,12,1,wurtz_lykov_3reg_p1,0.1,60.0,15,16,4.47213595499958,3.0,62.0,2.0,True,6,0,1.2909944487358056,0.22606112278655152,60.0,0.0,0,0.0,False,0.0,60.0
ER_n50_g6,ER,50,QAOA-NB,32,0,0,100632,False,12,1,wurtz_lykov_3reg_p1,0.1,60.0,15,16,0.0,0.0,62.0,2.0,True,6,0,1.0,0.19056852234664412,60.0,0.0,0,0.0,False,0.0,60.0
ER_n50_g6,ER,50,QAOA-BF,32,1,1,100633,True,12,1,wurtz_lykov_3reg_p1,0.1,60.0,13,15,5.0,3.0,63.0,3.0,True,6,4,1.4142135623730951,0.2954763426866318,61.0,1.0,1,0.03125,True,1.0,61.0
ER_n50_g6,ER,50,QAOA-NB,32,1,1,100633,False,12,1,wurtz_lykov_3reg_p1,0.1,60.0,13,15,0.0,0.0,63.0,3.0,True,6,4,1.0,0.2400294005992569,60.0,0.0,0,0.0,False,0.0,60.0
ER_n50_g6,ER,50,QAOA-BF,32,2,2,100634,True,12,1,wurtz_lykov_3reg_p1,0.1,60.0,17,15,4.123105625617661,2.0,63.0,3.0,True,6,2,1.1661903789690602,0.2685043180211801,62.0,2.0,1,0.03125,True,2.0,62.0
ER_n50_g6,ER,50,QAOA-NB,32,2,2,100634,False,12,1,wurtz_lykov_3reg_p1,0.1,60.0,17,15,0.0,0.0,63.0,3.0,True,6,2,1.0,0.2123725693263248,60.0,0.0,0,0.0,False,0.0,60.0
ER_n50_g6,ER,50,QAOA-BF,32,3,3,100635,True,12,1,wurtz_lykov_3reg_p1,0.1,60.0,11,27,8.06225774829855,6.0,62.0,2.0,True,6,1,2.0,0.2911464847276667,61.0,1.0,1,0.03125,True,1.0,61.0
ER_n50_g6,ER,50,QAOA-NB,32,3,3,100635,False,12,1,wurtz_lykov_3reg_p1,0.1,60.0,11,27,0.0,0.0,62.0,2.0,True,6,1,1.0,0.22327913560570067,61.0,1.0,1,0.03125,True,1.0,61.0
ER_n50_g6,ER,50,QAOA-BF,32,4,4,100636,True,12,1,wurtz_lykov_3reg_p1,0.1,60.0,16,16,4.242640687119285,2.0,63.0,3.0,True,6,1,1.1661903789690602,0.21853482786058148,61.0,1.0,1,0.03125,True,1.0,61.0
ER_n50_g6,ER,50,QAOA-NB,32,4,4,100636,False,12,1,wurtz_lykov_3reg_p1,0.1,60.0,16,16,0.0,0.0,63.0,3.0,True,6,1,1.0,0.14442498332062387,61.0,1.0,1,0.03125,True,1.0,61.0
ER_n50_g6,ER,50,QAOA-BF,32,5,5,100637,True,12,1,wurtz_lykov_3reg_p1,0.1,60.0,16,17,5.385164807134504,3.0,61.0,1.0,True,6,1,1.3987572123604706,0.38454303363559644,61.0,1.0,1,0.03125,True,1.0,61.0
ER_n50_g6,ER,50,QAOA-NB,32,5,5,100637,False,12,1,wurtz_lykov_3reg_p1,0.1,60.0,16,17,0.0,0.0,61.0,1.0,True,6,1,1.0,0.23801373772814652,60.0,0.0,0,0.0,False,0.0,60.0
ER_n50_g6,ER,50,QAOA-BF,32,6,6,100638,True,12,1,wurtz_lykov_3reg_p1,0.1,60.0,11,23,5.196152422706632,3.0,62.0,2.0,True,6,0,1.4142135623730951,0.2846156440112835,60.0,0.0,0,0.0,False,0.0,60.0
ER_n50_g6,ER,50,QAOA-NB,32,6,6,100638,False,12,1,wurtz_lykov_3reg_p1,0.1,60.0,11,23,0.0,0.0,62.0,2.0,True,6,0,1.0,0.15798828526623682,61.0,1.0,2,0.0625,True,1.0,61.0
ER_n50_g6,ER,50,QAOA-BF,32,7,7,100639,True,12,1,wurtz_lykov_3reg_p1,0.1,60.0,11,22,6.164414002968976,4.0,61.0,1.0,True,6,3,1.697749375254331,0.31371185217937486,61.0,1.0,1,0.03125,True,1.0,61.0
ER_n50_g6,ER,50,QAOA-NB,32,7,7,100639,False,12,1,wurtz_lykov_3reg_p1,0.1,60.0,11,22,0.0,0.0,61.0,1.0,True,6,3,1.0,0.18317292155128748,60.0,0.0,0,0.0,False,0.0,60.0
ER_n50_g6,ER,50,QAOA-BF,128,0,0,100728,True,12,1,wurtz_lykov_3reg_p1,0.1,60.0,14,18,4.242640687119285,3.0,62.0,2.0,True,6,1,1.3333333333333333,0.20395275635486793,62.0,2.0,11,0.0859375,True,2.0,62.0
ER_n50_g6,ER,50,QAOA-NB,128,0,0,100728,False,12,1,wurtz_lykov_3reg_p1,0.1,60.0,14,18,0.0,0.0,62.0,2.0,True,6,1,1.0,0.1553143510026879,62.0,2.0,8,0.0625,True,2.0,62.0
ER_n50_g6,ER,50,QAOA-BF,128,1,1,100729,True,12,1,wurtz_lykov_3reg_p1,0.1,60.0,16,15,3.605551275463989,2.0,63.0,3.0,True,6,5,1.122884484360431,0.26639123359726247,62.0,2.0,7,0.0546875,True,2.0,62.0
ER_n50_g6,ER,50,QAOA-NB,128,1,1,100729,False,12,1,wurtz_lykov_3reg_p1,0.1,60.0,16,15,0.0,0.0,63.0,3.0,True,6,5,1.0,0.23801373772814652,61.0,1.0,2,0.015625,True,1.0,61.0
ER_n50_g6,ER,50,QAOA-BF,128,2,2,100730,True,12,1,wurtz_lykov_3reg_p1,0.1,60.0,15,20,4.242640687119285,3.0,62.0,2.0,True,6,2,1.224744871391589,0.2375439671570321,62.0,2.0,6,0.046875,True,2.0,62.0
ER_n50_g6,ER,50,QAOA-NB,128,2,2,100730,False,12,1,wurtz_lykov_3reg_p1,0.1,60.0,15,20,0.0,0.0,62.0,2.0,True,6,2,1.0,0.16749883587372036,62.0,2.0,6,0.046875,True,2.0,62.0
ER_n50_g6,ER,50,QAOA-BF,128,3,3,100731,True,12,1,wurtz_lykov_3reg_p1,0.1,60.0,13,17,5.385164807134504,3.0,62.0,2.0,True,6,0,1.449137674618944,0.3026985477773497,61.0,1.0,4,0.03125,True,1.0,61.0
ER_n50_g6,ER,50,QAOA-NB,128,3,3,100731,False,12,1,wurtz_lykov_3reg_p1,0.1,60.0,13,17,0.0,0.0,62.0,2.0,True,6,0,1.0,0.16755744186793142,60.0,0.0,0,0.0,False,0.0,60.0
ER_n50_g6,ER,50,QAOA-BF,128,4,4,100732,True,12,1,wurtz_lykov_3reg_p1,0.1,60.0,15,20,5.656854249492381,3.0,63.0,3.0,True,6,3,1.399404635312222,0.18729407585091148,63.0,3.0,6,0.046875,True,3.0,63.0
ER_n50_g6,ER,50,QAOA-NB,128,4,4,100732,False,12,1,wurtz_lykov_3reg_p1,0.1,60.0,15,20,0.0,0.0,63.0,3.0,True,6,3,1.0,0.062410756529388704,62.0,2.0,3,0.0234375,True,2.0,62.0
ER_n50_g6,ER,50,QAOA-BF,128,5,5,100733,True,12,1,wurtz_lykov_3reg_p1,0.1,60.0,15,16,3.7416573867739413,2.0,62.0,2.0,True,6,0,1.2041594578792296,0.1992100062054711,62.0,2.0,8,0.0625,True,2.0,62.0
ER_n50_g6,ER,50,QAOA-NB,128,5,5,100733,False,12,1,wurtz_lykov_3reg_p1,0.1,60.0,15,16,0.0,0.0,62.0,2.0,True,6,0,1.0,0.09074806955942383,62.0,2.0,6,0.046875,True,2.0,62.0
ER_n50_g6,ER,50,QAOA-BF,128,6,6,100734,True,12,1,wurtz_lykov_3reg_p1,0.1,60.0,13,21,5.196152422706632,3.0,62.0,2.0,True,6,3,1.4142135623730951,0.2701524101239138,62.0,2.0,7,0.0546875,True,2.0,62.0
ER_n50_g6,ER,50,QAOA-NB,128,6,6,100734,False,12,1,wurtz_lykov_3reg_p1,0.1,60.0,13,21,0.0,0.0,62.0,2.0,True,6,3,1.0,0.09082053983430309,61.0,1.0,4,0.03125,True,1.0,61.0
ER_n50_g6,ER,50,QAOA-BF,128,7,7,100735,True,12,1,wurtz_lykov_3reg_p1,0.1,60.0,14,16,3.7416573867739413,2.0,62.0,2.0,True,6,1,1.2139539573337679,0.21904775830988327,62.0,2.0,6,0.046875,True,2.0,62.0
ER_n50_g6,ER,50,QAOA-NB,128,7,7,100735,False,12,1,wurtz_lykov_3reg_p1,0.1,60.0,14,16,0.0,0.0,62.0,2.0,True,6,1,1.0,0.12770172895424026,62.0,2.0,12,0.09375,True,2.0,62.0
ER_n50_g6,ER,50,QAOA-BF,512,0,0,101112,True,12,1,wurtz_lykov_3reg_p1,0.1,60.0,11,17,4.358898943540674,3.0,62.0,2.0,True,6,2,1.2565617248750864,0.24194376306693713,62.0,2.0,31,0.060546875,True,2.0,62.0
ER_n50_g6,ER,50,QAOA-NB,512,0,0,101112,False,12,1,wurtz_lykov_3reg_p1,0.1,60.0,11,17,0.0,0.0,62.0,2.0,True,6,2,1.0,0.23009079392606244,61.0,1.0,3,0.005859375,True,1.0,61.0
ER_n50_g6,ER,50,QAOA-BF,512,1,1,101113,True,12,1,wurtz_lykov_3reg_p1,0.1,60.0,13,16,3.1622776601683795,2.0,63.0,3.0,True,6,3,1.1631599960755994,0.30142499240949294,61.0,1.0,12,0.0234375,True,1.0,61.0
ER_n50_g6,ER,50,QAOA-NB,512,1,1,101113,False,12,1,wurtz_lykov_3reg_p1,0.1,60.0,13,16,0.0,0.0,63.0,3.0,True,6,3,1.0,0.27219030630630375,61.0,1.0,9,0.017578125,True,1.0,61.0
ER_n50_g6,ER,50,QAOA-BF,512,2,2,101114,True,12,1,wurtz_lykov_3reg_p1,0.1,60.0,14,16,4.898979485566356,3.0,61.0,1.0,True,6,0,1.4142135623730951,0.35771052146049137,61.0,1.0,24,0.046875,True,1.0,61.0
ER_n50_g6,ER,50,QAOA-NB,512,2,2,101114,False,12,1,wurtz_lykov_3reg_p1,0.1,60.0,14,16,0.0,0.0,61.0,1.0,True,6,0,1.0,0.2966043558133758,61.0,1.0,12,0.0234375,True,1.0,61.0
ER_n50_g6,ER,50,QAOA-BF,512,3,3,101115,True,12,1,wurtz_lykov_3reg_p1,0.1,60.0,13,22,5.656854249492381,4.0,63.0,3.0,True,6,2,1.538967528127731,0.17131535595226854,62.0,2.0,25,0.048828125,True,2.0,62.0
ER_n50_g6,ER,50,QAOA-NB,512,3,3,101115,False,12,1,wurtz_lykov_3reg_p1,0.1,60.0,13,22,0.0,0.0,63.0,3.0,True,6,2,1.0,0.1175065253337993,62.0,2.0,25,0.048828125,True,2.0,62.0
ER_n50_g6,ER,50,QAOA-BF,512,4,4,101116,True,12,1,wurtz_lykov_3reg_p1,0.1,60.0,11,19,4.795831523312719,3.0,62.0,2.0,True,6,0,1.4142135623730951,0.2880046132370347,62.0,2.0,28,0.0546875,True,2.0,62.0
ER_n50_g6,ER,50,QAOA-NB,512,4,4,101116,False,12,1,wurtz_lykov_3reg_p1,0.1,60.0,11,19,0.0,0.0,62.0,2.0,True,6,0,1.0,0.12987475105722848,62.0,2.0,19,0.037109375,True,2.0,62.0
ER_n50_g6,ER,50,QAOA-BF,512,5,5,101117,True,12,1,wurtz_lykov_3reg_p1,0.1,60.0,14,18,5.291502622129181,3.0,62.0,2.0,True,6,3,1.381698559415515,0.27916283425200455,62.0,2.0,19,0.037109375,True,2.0,62.0
ER_n50_g6,ER,50,QAOA-NB,512,5,5,101117,False,12,1,wurtz_lykov_3reg_p1,0.1,60.0,14,18,0.0,0.0,62.0,2.0,True,6,3,1.0,0.08077300713958332,62.0,2.0,11,0.021484375,True,2.0,62.0
ER_n50_g6,ER,50,QAOA-BF,512,6,6,101118,True,12,1,wurtz_lykov_3reg_p1,0.1,60.0,12,13,4.58257569495584,3.0,61.0,1.0,True,6,1,1.3178930553209385,0.32361866027383385,61.0,1.0,23,0.044921875,True,1.0,61.0
ER_n50_g6,ER,50,QAOA-NB,512,6,6,101118,False,12,1,wurtz_lykov_3reg_p1,0.1,60.0,12,13,0.0,0.0,61.0,1.0,True,6,1,1.0,0.2490589744263539,61.0,1.0,10,0.01953125,True,1.0,61.0
ER_n50_g6,ER,50,QAOA-BF,512,7,7,101119,True,12,1,wurtz_lykov_3reg_p1,0.1,60.0,13,21,7.810249675906654,6.0,62.0,2.0,True,6,0,1.9235384061671346,0.2839686277365235,61.0,1.0,17,0.033203125,True,1.0,61.0
ER_n50_g6,ER,50,QAOA-NB,512,7,7,101119,False,12,1,wurtz_lykov_3reg_p1,0.1,60.0,13,21,0.0,0.0,62.0,2.0,True,6,0,1.0,0.18804909362884667,62.0,2.0,5,0.009765625,True,2.0,62.0
ER_n50_g6,ER,50,QAOA-BF,2048,0,0,102648,True,12,1,wurtz_lykov_3reg_p1,0.1,60.0,11,19,4.795831523312719,3.0,62.0,2.0,True,6,1,1.4142135623730951,0.2880046132370347,62.0,2.0,117,0.05712890625,True,2.0,62.0
ER_n50_g6,ER,50,QAOA-NB,2048,0,0,102648,False,12,1,wurtz_lykov_3reg_p1,0.1,60.0,11,19,0.0,0.0,62.0,2.0,True,6,1,1.0,0.12987475105722848,62.0,2.0,66,0.0322265625,True,2.0,62.0
ER_n50_g6,ER,50,QAOA-BF,2048,1,1,102649,True,12,1,wurtz_lykov_3reg_p1,0.1,60.0,15,21,5.196152422706632,3.0,64.0,4.0,True,6,3,1.296148139681572,0.19234723282887403,64.0,4.0,160,0.078125,True,4.0,64.0
ER_n50_g6,ER,50,QAOA-NB,2048,1,1,102649,False,12,1,wurtz_lykov_3reg_p1,0.1,60.0,15,21,0.0,0.0,64.0,4.0,True,6,3,1.0,0.1660948812175953,63.0,3.0,44,0.021484375,True,3.0,63.0
ER_n50_g6,ER,50,QAOA-BF,2048,2,2,102650,True,12,1,wurtz_lykov_3reg_p1,0.1,60.0,14,21,5.196152422706632,4.0,62.0,2.0,True,6,2,1.4317821063276353,0.21680865912126135,62.0,2.0,91,0.04443359375,True,2.0,62.0
ER_n50_g6,ER,50,QAOA-NB,2048,2,2,102650,False,12,1,wurtz_lykov_3reg_p1,0.1,60.0,14,21,0.0,0.0,62.0,2.0,True,6,2,1.0,0.1254586622790007,62.0,2.0,91,0.04443359375,True,2.0,62.0
ER_n50_g6,ER,50,QAOA-BF,2048,3,3,102651,True,12,1,wurtz_lykov_3reg_p1,0.1,60.0,12,27,6.244997998398398,4.0,63.0,3.0,True,6,4,1.6383560438182505,0.18754705190190415,63.0,3.0,114,0.0556640625,True,3.0,63.0
ER_n50_g6,ER,50,QAOA-NB,2048,3,3,102651,False,12,1,wurtz_lykov_3reg_p1,0.1,60.0,12,27,0.0,0.0,63.0,3.0,True,6,4,1.0,0.07524530714871584,63.0,3.0,95,0.04638671875,True,3.0,63.0
ER_n50_g6,ER,50,QAOA-BF,2048,4,4,102652,True,12,1,wurtz_lykov_3reg_p1,0.1,60.0,16,15,3.605551275463989,2.0,63.0,3.0,True,6,0,1.122884484360431,0.2596868848380219,63.0,3.0,77,0.03759765625,True,3.0,63.0
ER_n50_g6,ER,50,QAOA-NB,2048,4,4,102652,False,12,1,wurtz_lykov_3reg_p1,0.1,60.0,16,15,0.0,0.0,63.0,3.0,True,6,0,1.0,0.27030398778133946,62.0,2.0,62,0.0302734375,True,2.0,62.0
ER_n50_g6,ER,50,QAOA-BF,2048,5,5,102653,True,12,1,wurtz_lykov_3reg_p1,0.1,60.0,14,20,5.0990195135927845,3.0,64.0,4.0,True,6,4,1.318760946791574,0.21869654081340414,63.0,3.0,130,0.0634765625,True,3.0,63.0
ER_n50_g6,ER,50,QAOA-NB,2048,5,5,102653,False,12,1,wurtz_lykov_3reg_p1,0.1,60.0,14,20,0.0,0.0,64.0,4.0,True,6,4,1.0,0.09809309641754578,64.0,4.0,73,0.03564453125,True,4.0,64.0
ER_n50_g6,ER,50,QAOA-BF,2048,6,6,102654,True,12,1,wurtz_lykov_3reg_p1,0.1,60.0,14,22,6.782329983125268,4.0,62.0,2.0,True,6,0,1.6903085094570331,0.20970906895633606,62.0,2.0,109,0.05322265625,True,2.0,62.0
ER_n50_g6,ER,50,QAOA-NB,2048,6,6,102654,False,12,1,wurtz_lykov_3reg_p1,0.1,60.0,14,22,0.0,0.0,62.0,2.0,True,6,0,1.0,0.07691481295356493,62.0,2.0,71,0.03466796875,True,2.0,62.0
ER_n50_g6,ER,50,QAOA-BF,2048,7,7,102655,True,12,1,wurtz_lykov_3reg_p1,0.1,60.0,14,17,4.795831523312719,2.0,63.0,3.0,True,6,1,1.296849328880646,0.24817138285621895,63.0,3.0,78,0.0380859375,True,3.0,63.0
ER_n50_g6,ER,50,QAOA-NB,2048,7,7,102655,False,12,1,wurtz_lykov_3reg_p1,0.1,60.0,14,17,0.0,0.0,63.0,3.0,True,6,1,1.0,0.14720574376566126,63.0,3.0,43,0.02099609375,True,3.0,63.0
ER_n50_g7,ER,50,LS-only,,,,,,,,,,60.0,,,,,,,,,,,,,,,,,,60.0
ER_n50_g7,ER,50,QAOA-BF,32,0,0,100732,True,12,1,wurtz_lykov_3reg_p1,0.1,60.0,16,19,6.4031242374328485,5.0,61.0,1.0,True,6,1,1.6096301099659793,0.3233239654250398,61.0,1.0,1,0.03125,True,1.0,61.0
ER_n50_g7,ER,50,QAOA-NB,32,0,0,100732,False,12,1,wurtz_lykov_3reg_p1,0.1,60.0,16,19,0.0,0.0,61.0,1.0,True,6,1,1.0,0.3244172948297391,60.0,0.0,0,0.0,False,0.0,60.0
ER_n50_g7,ER,50,QAOA-BF,32,1,1,100733,True,12,1,wurtz_lykov_3reg_p1,0.1,60.0,11,10,2.8284271247461903,2.0,61.0,1.0,True,6,1,1.0897247358851685,0.1958164141406619,60.0,0.0,0,0.0,False,0.0,60.0
ER_n50_g7,ER,50,QAOA-NB,32,1,1,100733,False,12,1,wurtz_lykov_3reg_p1,0.1,60.0,11,10,0.0,0.0,61.0,1.0,True,6,1,1.0,0.18483943790186946,60.0,0.0,0,0.0,False,0.0,60.0
ER_n50_g7,ER,50,QAOA-BF,32,2,2,100734,True,12,1,wurtz_lykov_3reg_p1,0.1,60.0,14,19,5.196152422706632,3.0,60.0,0.0,False,6,0,1.3972762620115438,0.3233382029973435,60.0,0.0,0,0.0,False,0.0,60.0
ER_n50_g7,ER,50,QAOA-NB,32,2,2,100734,False,12,1,wurtz_lykov_3reg_p1,0.1,60.0,14,19,0.0,0.0,60.0,0.0,False,6,0,1.0,0.13092463037736138,60.0,0.0,0,0.0,False,0.0,60.0
ER_n50_g7,ER,50,QAOA-BF,32,3,3,100735,True,12,1,wurtz_lykov_3reg_p1,0.1,60.0,13,11,3.872983346207417,3.0,61.0,1.0,True,6,0,1.2833778958394957,0.24415669734392284,60.0,0.0,0,0.0,False,0.0,60.0
ER_n50_g7,ER,50,QAOA-NB,32,3,3,100735,False,12,1,wurtz_lykov_3reg_p1,0.1,60.0,13,11,0.0,0.0,61.0,1.0,True,6,0,1.0,0.19373744929029177,60.0,0.0,0,0.0,False,0.0,60.0
ER_n50_g7,ER,50,QAOA-BF,32,4,4,100736,True,12,1,wurtz_lykov_3reg_p1,0.1,60.0,12,22,5.477225575051661,2.0,60.0,0.0,False,6,0,1.4142135623730951,0.5165019676350936,60.0,0.0,0,0.0,False,0.0,60.0
ER_n50_g7,ER,50,QAOA-NB,32,4,4,100736,False,12,1,wurtz_lykov_3reg_p1,0.1,60.0,12,22,0.0,0.0,60.0,0.0,False,6,0,1.0,0.23623318442404537,60.0,0.0,0,0.0,False,0.0,60.0
ER_n50_g7,ER,50,QAOA-BF,32,5,5,100737,True,12,1,wurtz_lykov_3reg_p1,0.1,60.0,13,12,4.0,2.0,61.0,1.0,True,6,5,1.2041594578792296,0.4004850700934853,61.0,1.0,1,0.03125,True,1.0,61.0
ER_n50_g7,ER,50,QAOA-NB,32,5,5,100737,False,12,1,wurtz_lykov_3reg_p1,0.1,60.0,13,12,0.0,0.0,61.0,1.0,True,6,5,1.0,0.21978676344836764,60.0,0.0,0,0.0,False,0.0,60.0
ER_n50_g7,ER,50,QAOA-BF,32,6,6,100738,True,12,1,wurtz_lykov_3reg_p1,0.1,60.0,14,11,3.3166247903554,2.0,61.0,1.0,True,6,3,1.1470786693528088,0.4370310950907647,61.0,1.0,2,0.0625,True,1.0,61.0
ER_n50_g7,ER,50,QAOA-NB,32,6,6,100738,False,12,1,wurtz_lykov_3reg_p1,0.1,60.0,14,11,0.0,0.0,61.0,1.0,True,6,3,1.0,0.26842294779195774,60.0,0.0,0,0.0,False,0.0,60.0
ER_n50_g7,ER,50,QAOA-BF,32,7,7,100739,True,12,1,wurtz_lykov_3reg_p1,0.1,60.0,12,14,5.656854249492381,5.0,61.0,1.0,True,6,1,1.6087993330796875,0.23108837004140387,60.0,0.0,0,0.0,False,0.0,60.0
ER_n50_g7,ER,50,QAOA-NB,32,7,7,100739,False,12,1,wurtz_lykov_3reg_p1,0.1,60.0,12,14,0.0,0.0,61.0,1.0,True,6,1,1.0,0.13473131100163843,60.0,0.0,0,0.0,False,0.0,60.0
ER_n50_g7,ER,50,QAOA-BF,128,0,0,100828,True,12,1,wurtz_lykov_3reg_p1,0.1,60.0,12,20,4.898979485566356,3.0,61.0,1.0,True,6,5,1.3764944032233706,0.3598317537818812,61.0,1.0,6,0.046875,True,1.0,61.0
ER_n50_g7,ER,50,QAOA-NB,128,0,0,100828,False,12,1,wurtz_lykov_3reg_p1,0.1,60.0,12,20,0.0,0.0,61.0,1.0,True,6,5,1.0,0.28723607988933136,61.0,1.0,4,0.03125,True,1.0,61.0
ER_n50_g7,ER,50,QAOA-BF,128,1,1,100829,True,12,1,wurtz_lykov_3reg_p1,0.1,60.0,14,12,3.1622776601683795,2.0,61.0,1.0,True,6,3,1.1547005383792515,0.39742081770417215,61.0,1.0,5,0.0390625,True,1.0,61.0
ER_n50_g7,ER,50,QAOA-NB,128,1,1,100829,False,12,1,wurtz_lykov_3reg_p1,0.1,60.0,14,12,0.0,0.0,61.0,1.0,True,6,3,1.0,0.265921628945531,61.0,1.0,3,0.0234375,True,1.0,61.0
ER_n50_g7,ER,50,QAOA-BF,128,2,2,100830,True,12,1,wurtz_lykov_3reg_p1,0.1,60.0,14,11,3.3166247903554,2.0,61.0,1.0,True,6,2,1.1470786693528088,0.43703109509076454,61.0,1.0,3,0.0234375,True,1.0,61.0
ER_n50_g7,ER,50,QAOA-NB,128,2,2,100830,False,12,1,wurtz_lykov_3reg_p1,0.1,60.0,14,11,0.0,0.0,61.0,1.0,True,6,2,1.0,0.26842294779195786,61.0,1.0,1,0.0078125,True,1.0,61.0
ER_n50_g7,ER,50,QAOA-BF,128,3,3,100831,True,12,1,wurtz_lykov_3reg_p1,0.1,60.0,13,24,7.3484692283495345,5.0,61.0,1.0,True,6,1,1.7451230745865878,0.2484785225853039,61.0,1.0,3,0.0234375,True,1.0,61.0
ER_n50_g7,ER,50,QAOA-NB,128,3,3,100831,False,12,1,wurtz_lykov_3reg_p1,0.1,60.0,13,24,0.0,0.0,61.0,1.0,True,6,1,1.0,0.12864510515713007,61.0,1.0,2,0.015625,True,1.0,61.0
ER_n50_g7,ER,50,QAOA-BF,128,4,4,100832,True,12,1,wurtz_lykov_3reg_p1,0.1,60.0,12,18,5.656854249492381,3.0,60.0,0.0,False,6,0,1.5217718205053643,0.3508171228235587,60.0,0.0,0,0.0,False,0.0,60.0
ER_n50_g7,ER,50,QAOA-NB,128,4,4,100832,False,12,1,wurtz_lykov_3reg_p1,0.1,60.0,12,18,0.0,0.0,60.0,0.0,False,6,0,1.0,0.16456837120889406,60.0,0.0,0,0.0,False,0.0,60.0
ER_n50_g7,ER,50,QAOA-BF,128,5,5,100833,True,12,1,wurtz_lykov_3reg_p1,0.1,60.0,12,14,5.656854249492381,5.0,61.0,1.0,True,6,0,1.6087993330796875,0.23108837004140387,60.0,0.0,0,0.0,False,0.0,60.0
ER_n50_g7,ER,50,QAOA-NB,128,5,5,100833,False,12,1,wurtz_lykov_3reg_p1,0.1,60.0,12,14,0.0,0.0,61.0,1.0,True,6,0,1.0,0.13473131100163843,60.0,0.0,0,0.0,False,0.0,60.0
ER_n50_g7,ER,50,QAOA-BF,128,6,6,100834,True,12,1,wurtz_lykov_3reg_p1,0.1,60.0,14,14,4.47213595499958,3.0,60.0,0.0,False,6,0,1.3038404810405297,0.3038696406536786,60.0,0.0,0,0.0,False,0.0,60.0
ER_n50_g7,ER,50,QAOA-NB,128,6,6,100834,False,12,1,wurtz_lykov_3reg_p1,0.1,60.0,14,14,0.0,0.0,60.0,0.0,False,6,0,1.0,0.1735129737882254,60.0,0.0,0,0.0,False,0.0,60.0
ER_n50_g7,ER,50,QAOA-BF,128,7,7,100835,True,12,1,wurtz_lykov_3reg_p1,0.1,60.0,12,14,5.656854249492381,5.0,61.0,1.0,True,6,0,1.6087993330796875,0.23108837004140387,60.0,0.0,0,0.0,False,0.0,60.0
ER_n50_g7,ER,50,QAOA-NB,128,7,7,100835,False,12,1,wurtz_lykov_3reg_p1,0.1,60.0,12,14,0.0,0.0,61.0,1.0,True,6,0,1.0,0.13473131100163843,60.0,0.0,0,0.0,False,0.0,60.0
ER_n50_g7,ER,50,QAOA-BF,512,0,0,101212,True,12,1,wurtz_lykov_3reg_p1,0.1,60.0,14,12,3.1622776601683795,2.0,61.0,1.0,True,6,1,1.1547005383792515,0.3974320515006178,61.0,1.0,17,0.033203125,True,1.0,61.0
ER_n50_g7,ER,50,QAOA-NB,512,0,0,101212,False,12,1,wurtz_lykov_3reg_p1,0.1,60.0,14,12,0.0,0.0,61.0,1.0,True,6,1,1.0,0.2748657881196853,61.0,1.0,8,0.015625,True,1.0,61.0
ER_n50_g7,ER,50,QAOA-BF,512,1,1,101213,True,12,1,wurtz_lykov_3reg_p1,0.1,60.0,13,11,3.872983346207417,3.0,61.0,1.0,True,6,0,1.2833778958394957,0.24415669734392284,60.0,0.0,0,0.0,False,0.0,60.0
ER_n50_g7,ER,50,QAOA-NB,512,1,1,101213,False,12,1,wurtz_lykov_3reg_p1,0.1,60.0,13,11,0.0,0.0,61.0,1.0,True,6,0,1.0,0.19373744929029177,60.0,0.0,0,0.0,False,0.0,60.0
ER_n50_g7,ER,50,QAOA-BF,512,2,2,101214,True,12,1,wurtz_lykov_3reg_p1,0.1,60.0,14,15,5.5677643628300215,5.0,61.0,1.0,True,6,1,1.5811388300841898,0.30541744308103874,61.0,1.0,16,0.03125,True,1.0,61.0
ER_n50_g7,ER,50,QAOA-NB,512,2,2,101214,False,12,1,wurtz_lykov_3reg_p1,0.1,60.0,14,15,0.0,0.0,61.0,1.0,True,6,1,1.0,0.3079555729912614,61.0,1.0,18,0.03515625,True,1.0,61.0
ER_n50_g7,ER,50,QAOA-BF,512,3,3,101215,True,12,1,wurtz_lykov_3reg_p1,0.1,60.0,11,10,2.8284271247461903,2.0,61.0,1.0,True,6,2,1.0897247358851685,0.19581641414066184,60.0,0.0,0,0.0,False,0.0,60.0
ER_n50_g7,ER,50,QAOA-NB,512,3,3,101215,False,12,1,wurtz_lykov_3reg_p1,0.1,60.0,11,10,0.0,0.0,61.0,1.0,True,6,2,1.0,0.18483943790186952,60.0,0.0,0,0.0,False,0.0,60.0
ER_n50_g7,ER,50,QAOA-BF,512,4,4,101216,True,12,1,wurtz_lykov_3reg_p1,0.1,60.0,13,12,2.8284271247461903,2.0,61.0,1.0,True,6,3,1.0801234497346435,0.39253733877786434,61.0,1.0,15,0.029296875,True,1.0,61.0
ER_n50_g7,ER,50,QAOA-NB,512,4,4,101216,False,12,1,wurtz_lykov_3reg_p1,0.1,60.0,13,12,0.0,0.0,61.0,1.0,True,6,3,1.0,0.34482847404694855,61.0,1.0,7,0.013671875,True,1.0,61.0
ER_n50_g7,ER,50,QAOA-BF,512,5,5,101217,True,12,1,wurtz_lykov_3reg_p1,0.1,60.0,14,12,3.1622776601683795,2.0,61.0,1.0,True,6,0,1.1547005383792515,0.39742081770417215,61.0,1.0,18,0.03515625,True,1.0,61.0
ER_n50_g7,ER,50,QAOA-NB,512,5,5,101217,False,12,1,wurtz_lykov_3reg_p1,0.1,60.0,14,12,0.0,0.0,61.0,1.0,True,6,0,1.0,0.265921628945531,61.0,1.0,14,0.02734375,True,1.0,61.0
ER_n50_g7,ER,50,QAOA-BF,512,6,6,101218,True,12,1,wurtz_lykov_3reg_p1,0.1,60.0,12,12,4.242640687119285,3.0,61.0,1.0,True,6,3,1.2565617248750864,0.24401722113688393,60.0,0.0,0,0.0,False,0.0,60.0
ER_n50_g7,ER,50,QAOA-NB,512,6,6,101218,False,12,1,wurtz_lykov_3reg_p1,0.1,60.0,12,12,0.0,0.0,61.0,1.0,True,6,3,1.0,0.13532551123688008,60.0,0.0,0,0.0,False,0.0,60.0
ER_n50_g7,ER,50,QAOA-BF,512,7,7,101219,True,12,1,wurtz_lykov_3reg_p1,0.1,60.0,12,14,5.656854249492381,5.0,61.0,1.0,True,6,1,1.6087993330796875,0.23108837004140392,60.0,0.0,0,0.0,False,0.0,60.0
ER_n50_g7,ER,50,QAOA-NB,512,7,7,101219,False,12,1,wurtz_lykov_3reg_p1,0.1,60.0,12,14,0.0,0.0,61.0,1.0,True,6,1,1.0,0.13473131100163843,60.0,0.0,0,0.0,False,0.0,60.0
ER_n50_g7,ER,50,QAOA-BF,2048,0,0,102748,True,12,1,wurtz_lykov_3reg_p1,0.1,60.0,13,9,3.605551275463989,2.0,61.0,1.0,True,6,3,1.140175425099138,0.23987526659572697,60.0,0.0,0,0.0,False,0.0,60.0
ER_n50_g7,ER,50,QAOA-NB,2048,0,0,102748,False,12,1,wurtz_lykov_3reg_p1,0.1,60.0,13,9,0.0,0.0,61.0,1.0,True,6,3,1.0,0.2117570606046553,60.0,0.0,0,0.0,False,0.0,60.0
ER_n50_g7,ER,50,QAOA-BF,2048,1,1,102749,True,12,1,wurtz_lykov_3reg_p1,0.1,60.0,14,11,3.3166247903554,2.0,61.0,1.0,True,6,4,1.1470786693528088,0.4370310950907647,61.0,1.0,60,0.029296875,True,1.0,61.0
ER_n50_g7,ER,50,QAOA-NB,2048,1,1,102749,False,12,1,wurtz_lykov_3reg_p1,0.1,60.0,14,11,0.0,0.0,61.0,1.0,True,6,4,1.0,0.26842294779195797,61.0,1.0,37,0.01806640625,True,1.0,61.0
ER_n50_g7,ER,50,QAOA-BF,2048,2,2,102750,True,12,1,wurtz_lykov_3reg_p1,0.1,60.0,14,16,4.69041575982343,3.0,61.0,1.0,True,6,5,1.3764944032233706,0.34618666689597577,61.0,1.0,65,0.03173828125,True,1.0,61.0
ER_n50_g7,ER,50,QAOA-NB,2048,2,2,102750,False,12,1,wurtz_lykov_3reg_p1,0.1,60.0,14,16,0.0,0.0,61.0,1.0,True,6,5,1.0,0.34072839802958604,61.0,1.0,60,0.029296875,True,1.0,61.0
ER_n50_g7,ER,50,QAOA-BF,2048,3,3,102751,True,12,1,wurtz_lykov_3reg_p1,0.1,60.0,13,11,3.872983346207417,3.0,61.0,1.0,True,6,0,1.2833778958394957,0.2441566973439229,60.0,0.0,0,0.0,False,0.0,60.0
ER_n50_g7,ER,50,QAOA-NB,2048,3,3,102751,False,12,1,wurtz_lykov_3reg_p1,0.1,60.0,13,11,0.0,0.0,61.0,1.0,True,6,0,1.0,0.19373744929029177,60.0,0.0,0,0.0,False,0.0,60.0
ER_n50_g7,ER,50,QAOA-BF,2048,4,4,102752,True,12,1,wurtz_lykov_3reg_p1,0.1,60.0,14,11,4.795831523312719,3.0,60.0,0.0,False,6,0,1.3601470508735443,0.26800303011973714,60.0,0.0,0,0.0,False,0.0,60.0
ER_n50_g7,ER,50,QAOA-NB,2048,4,4,102752,False,12,1,wurtz_lykov_3reg_p1,0.1,60.0,14,11,0.0,0.0,60.0,0.0,False,6,0,1.0,0.20963872401541164,60.0,0.0,0,0.0,False,0.0,60.0
ER_n50_g7,ER,50,QAOA-BF,2048,5,5,102753,True,12,1,wurtz_lykov_3reg_p1,0.1,60.0,14,18,3.7416573867739413,2.0,60.0,0.0,False,6,0,1.2139539573337679,0.3736535261333635,60.0,0.0,0,0.0,False,0.0,60.0
ER_n50_g7,ER,50,QAOA-NB,2048,5,5,102753,False,12,1,wurtz_lykov_3reg_p1,0.1,60.0,14,18,0.0,0.0,60.0,0.0,False,6,0,1.0,0.22025165813236652,60.0,0.0,0,0.0,False,0.0,60.0
ER_n50_g7,ER,50,QAOA-BF,2048,6,6,102754,True,12,1,wurtz_lykov_3reg_p1,0.1,60.0,13,16,3.4641016151377544,2.0,60.0,0.0,False,6,0,1.1470786693528088,0.30511042196710214,60.0,0.0,0,0.0,False,0.0,60.0
ER_n50_g7,ER,50,QAOA-NB,2048,6,6,102754,False,12,1,wurtz_lykov_3reg_p1,0.1,60.0,13,16,0.0,0.0,60.0,0.0,False,6,0,1.0,0.16998765614563058,60.0,0.0,0,0.0,False,0.0,60.0
ER_n50_g7,ER,50,QAOA-BF,2048,7,7,102755,True,12,1,wurtz_lykov_3reg_p1,0.1,60.0,12,22,5.477225575051661,2.0,60.0,0.0,False,6,0,1.4142135623730951,0.5596805402896831,60.0,0.0,0,0.0,False,0.0,60.0
ER_n50_g7,ER,50,QAOA-NB,2048,7,7,102755,False,12,1,wurtz_lykov_3reg_p1,0.1,60.0,12,22,0.0,0.0,60.0,0.0,False,6,0,1.0,0.3300190904781486,60.0,0.0,0,0.0,False,0.0,60.0
ER_n50_g8,ER,50,LS-only,,,,,,,,,,62.0,,,,,,,,,,,,,,,,,,62.0
ER_n50_g8,ER,50,QAOA-BF,32,0,0,100832,True,12,1,wurtz_lykov_3reg_p1,0.1,62.0,12,18,4.47213595499958,3.0,66.0,4.0,True,6,4,1.3333333333333333,0.25469446133250423,65.0,3.0,3,0.09375,True,3.0,65.0
ER_n50_g8,ER,50,QAOA-NB,32,0,0,100832,False,12,1,wurtz_lykov_3reg_p1,0.1,62.0,12,18,0.0,0.0,66.0,4.0,True,6,4,1.0,0.20291487720646614,63.0,1.0,1,0.03125,True,1.0,63.0
ER_n50_g8,ER,50,QAOA-BF,32,1,1,100833,True,12,1,wurtz_lykov_3reg_p1,0.1,62.0,13,22,4.69041575982343,4.0,62.0,0.0,False,6,0,1.3228756555322954,0.29157345359264863,62.0,0.0,0,0.0,False,0.0,62.0
ER_n50_g8,ER,50,QAOA-NB,32,1,1,100833,False,12,1,wurtz_lykov_3reg_p1,0.1,62.0,13,22,0.0,0.0,62.0,0.0,False,6,0,1.0,0.2660519658099264,62.0,0.0,0,0.0,False,0.0,62.0
ER_n50_g8,ER,50,QAOA-BF,32,2,2,100834,True,12,1,wurtz_lykov_3reg_p1,0.1,62.0,13,15,4.58257569495584,3.0,63.0,1.0,True,6,1,1.3038404810405297,0.32278734101970447,63.0,1.0,2,0.0625,True,1.0,63.0
ER_n50_g8,ER,50,QAOA-NB,32,2,2,100834,False,12,1,wurtz_lykov_3reg_p1,0.1,62.0,13,15,0.0,0.0,63.0,1.0,True,6,1,1.0,0.2542578256984891,62.0,0.0,0,0.0,False,0.0,62.0
ER_n50_g8,ER,50,QAOA-BF,32,3,3,100835,True,12,1,wurtz_lykov_3reg_p1,0.1,62.0,13,19,3.605551275463989,2.0,63.0,1.0,True,6,1,1.140175425099138,0.19488633314996603,62.0,0.0,0,0.0,False,0.0,62.0
ER_n50_g8,ER,50,QAOA-NB,32,3,3,100835,False,12,1,wurtz_lykov_3reg_p1,0.1,62.0,13,19,0.0,0.0,63.0,1.0,True,6,1,1.0,0.16065927305775074,62.0,0.0,0,0.0,False,0.0,62.0
ER_n50_g8,ER,50,QAOA-BF,32,4,4,100836,True,12,1,wurtz_lykov_3reg_p1,0.1,62.0,14,16,4.0,3.0,63.0,1.0,True,6,2,1.2565617248750864,0.3249669372632676,63.0,1.0,1,0.03125,True,1.0,63.0
ER_n50_g8,ER,50,QAOA-NB,32,4,4,100836,False,12,1,wurtz_lykov_3reg_p1,0.1,62.0,14,16,0.0,0.0,63.0,1.0,True,6,2,1.0,0.19131320845411626,62.0,0.0,0,0.0,False,0.0,62.0
ER_n50_g8,ER,50,QAOA-BF,32,5,5,100837,True,12,1,wurtz_lykov_3reg_p1,0.1,62.0,12,15,4.358898943540674,3.0,66.0,4.0,True,6,2,1.2449899597988732,0.2090065720529507,63.0,1.0,1,0.03125,True,1.0,63.0
ER_n50_g8,ER,50,QAOA-NB,32,5,5,100837,False,12,1,wurtz_lykov_3reg_p1,0.1,62.0,12,15,0.0,0.0,66.0,4.0,True,6,2,1.0,0.07936864471378689,63.0,1.0,2,0.0625,True,1.0,63.0
ER_n50_g8,ER,50,QAOA-BF,32,6,6,100838,True,12,1,wurtz_lykov_3reg_p1,0.1,62.0,13,17,3.605551275463989,2.0,63.0,1.0,True,6,4,1.140175425099138,0.3185889326400081,62.0,0.0,0,0.0,False,0.0,62.0
ER_n50_g8,ER,50,QAOA-NB,32,6,6,100838,False,12,1,wurtz_lykov_3reg_p1,0.1,62.0,13,17,0.0,0.0,63.0,1.0,True,6,4,1.0,0.1619175302043635,63.0,1.0,3,0.09375,True,1.0,63.0
ER_n50_g8,ER,50,QAOA-BF,32,7,7,100839,True,12,1,wurtz_lykov_3reg_p1,0.1,62.0,14,19,5.0,3.0,63.0,1.0,True,6,2,1.396424004376894,0.2856381854692882,62.0,0.0,0,0.0,False,0.0,62.0
ER_n50_g8,ER,50,QAOA-NB,32,7,7,100839,False,12,1,wurtz_lykov_3reg_p1,0.1,62.0,14,19,0.0,0.0,63.0,1.0,True,6,2,1.0,0.2874415477397714,62.0,0.0,0,0.0,False,0.0,62.0
ER_n50_g8,ER,50,QAOA-BF,128,0,0,100928,True,12,1,wurtz_lykov_3reg_p1,0.1,62.0,12,16,4.47213595499958,3.0,66.0,4.0,True,6,3,1.3333333333333333,0.20952638646729413,66.0,4.0,4,0.03125,True,4.0,66.0
ER_n50_g8,ER,50,QAOA-NB,128,0,0,100928,False,12,1,wurtz_lykov_3reg_p1,0.1,62.0,12,16,0.0,0.0,66.0,4.0,True,6,3,1.0,0.18767926192971246,62.0,0.0,0,0.0,False,0.0,62.0
ER_n50_g8,ER,50,QAOA-BF,128,1,1,100929,True,12,1,wurtz_lykov_3reg_p1,0.1,62.0,11,21,5.0,4.0,63.0,1.0,True,6,1,1.4142135623730951,0.27833258960638585,63.0,1.0,8,0.0625,True,1.0,63.0
ER_n50_g8,ER,50,QAOA-NB,128,1,1,100929,False,12,1,wurtz_lykov_3reg_p1,0.1,62.0,11,21,0.0,0.0,63.0,1.0,True,6,1,1.0,0.24114687497437234,63.0,1.0,2,0.015625,True,1.0,63.0
ER_n50_g8,ER,50,QAOA-BF,128,2,2,100930,True,12,1,wurtz_lykov_3reg_p1,0.1,62.0,12,16,4.898979485566356,3.0,66.0,4.0,True,6,2,1.3416407864998738,0.21206309750234487,65.0,3.0,2,0.015625,True,3.0,65.0
ER_n50_g8,ER,50,QAOA-NB,128,2,2,100930,False,12,1,wurtz_lykov_3reg_p1,0.1,62.0,12,16,0.0,0.0,66.0,4.0,True,6,2,1.0,0.08025606708851764,63.0,1.0,5,0.0390625,True,1.0,63.0
ER_n50_g8,ER,50,QAOA-BF,128,3,3,100931,True,12,1,wurtz_lykov_3reg_p1,0.1,62.0,12,17,5.196152422706632,3.0,66.0,4.0,True,6,0,1.396424004376894,0.1971424128957665,64.0,2.0,7,0.0546875,True,2.0,64.0
ER_n50_g8,ER,50,QAOA-NB,128,3,3,100931,False,12,1,wurtz_lykov_3reg_p1,0.1,62.0,12,17,0.0,0.0,66.0,4.0,True,6,0,1.0,0.04454689550014951,63.0,1.0,1,0.0078125,True,1.0,63.0
ER_n50_g8,ER,50,QAOA-BF,128,4,4,100932,True,12,1,wurtz_lykov_3reg_p1,0.1,62.0,13,24,6.6332495807108,4.0,63.0,1.0,True,6,1,1.6096301099659793,0.25940839586522807,63.0,1.0,1,0.0078125,True,1.0,63.0
ER_n50_g8,ER,50,QAOA-NB,128,4,4,100932,False,12,1,wurtz_lykov_3reg_p1,0.1,62.0,13,24,0.0,0.0,63.0,1.0,True,6,1,1.0,0.07371285169465482,62.0,0.0,0,0.0,False,0.0,62.0
ER_n50_g8,ER,50,QAOA-BF,128,5,5,100933,True,12,1,wurtz_lykov_3reg_p1,0.1,62.0,12,14,5.0990195135927845,4.0,63.0,1.0,True,6,1,1.495090003192804,0.24974304660252164,63.0,1.0,4,0.03125,True,1.0,63.0
ER_n50_g8,ER,50,QAOA-NB,128,5,5,100933,False,12,1,wurtz_lykov_3reg_p1,0.1,62.0,12,14,0.0,0.0,63.0,1.0,True,6,1,1.0,0.145547323558464,63.0,1.0,3,0.0234375,True,1.0,63.0
ER_n50_g8,ER,50,QAOA-BF,128,6,6,100934,True,12,1,wurtz_lykov_3reg_p1,0.1,62.0,12,18,4.47213595499958,3.0,66.0,4.0,True,6,0,1.3333333333333333,0.25469446133250434,63.0,1.0,3,0.0234375,True,1.0,63.0
ER_n50_g8,ER,50,QAOA-NB,128,6,6,100934,False,12,1,wurtz_lykov_3reg_p1,0.1,62.0,12,18,0.0,0.0,66.0,4.0,True,6,0,1.0,0.20291487720646614,64.0,2.0,3,0.0234375,True,2.0,64.0
ER_n50_g8,ER,50,QAOA-BF,128,7,7,100935,True,12,1,wurtz_lykov_3reg_p1,0.1,62.0,13,18,4.47213595499958,3.0,63.0,1.0,True,6,1,1.3178930553209385,0.35917956927568195,63.0,1.0,3,0.0234375,True,1.0,63.0
ER_n50_g8,ER,50,QAOA-NB,128,7,7,100935,False,12,1,wurtz_lykov_3reg_p1,0.1,62.0,13,18,0.0,0.0,63.0,1.0,True,6,1,1.0,0.23725313525785252,63.0,1.0,1,0.0078125,True,1.0,63.0
ER_n50_g8,ER,50,QAOA-BF,512,0,0,101312,True,12,1,wurtz_lykov_3reg_p1,0.1,62.0,11,12,4.69041575982343,4.0,63.0,1.0,True,6,0,1.4832396974191326,0.2904847129472346,63.0,1.0,10,0.01953125,True,1.0,63.0
ER_n50_g8,ER,50,QAOA-NB,512,0,0,101312,False,12,1,wurtz_lykov_3reg_p1,0.1,62.0,11,12,0.0,0.0,63.0,1.0,True,6,0,1.0,0.31538441809160256,63.0,1.0,4,0.0078125,True,1.0,63.0
ER_n50_g8,ER,50,QAOA-BF,512,1,1,101313,True,12,1,wurtz_lykov_3reg_p1,0.1,62.0,12,21,3.605551275463989,2.0,65.0,3.0,True,6,2,1.1470786693528088,0.23260079259201827,64.0,2.0,11,0.021484375,True,2.0,64.0
ER_n50_g8,ER,50,QAOA-NB,512,1,1,101313,False,12,1,wurtz_lykov_3reg_p1,0.1,62.0,12,21,0.0,0.0,65.0,3.0,True,6,2,1.0,0.16773233041101537,64.0,2.0,6,0.01171875,True,2.0,64.0
ER_n50_g8,ER,50,QAOA-BF,512,2,2,101314,True,12,1,wurtz_lykov_3reg_p1,0.1,62.0,15,23,6.708203932499369,4.0,63.0,1.0,True,6,3,1.6151457061744965,0.24841756535354778,63.0,1.0,11,0.021484375,True,1.0,63.0
ER_n50_g8,ER,50,QAOA-NB,512,2,2,101314,False,12,1,wurtz_lykov_3reg_p1,0.1,62.0,15,23,0.0,0.0,63.0,1.0,True,6,3,1.0,0.08200867615740338,63.0,1.0,11,0.021484375,True,1.0,63.0
ER_n50_g8,ER,50,QAOA-BF,512,3,3,101315,True,12,1,wurtz_lykov_3reg_p1,0.1,62.0,13,25,4.358898943540674,2.0,63.0,1.0,True,6,3,1.2649110640673518,0.3899026749360678,63.0,1.0,12,0.0234375,True,1.0,63.0
ER_n50_g8,ER,50,QAOA-NB,512,3,3,101315,False,12,1,wurtz_lykov_3reg_p1,0.1,62.0,13,25,0.0,0.0,63.0,1.0,True,6,3,1.0,0.18623371439980188,63.0,1.0,4,0.0078125,True,1.0,63.0
ER_n50_g8,ER,50,QAOA-BF,512,4,4,101316,True,12,1,wurtz_lykov_3reg_p1,0.1,62.0,13,23,4.358898943540674,2.0,63.0,1.0,True,6,1,1.2649110640673518,0.38447305046690927,63.0,1.0,11,0.021484375,True,1.0,63.0
ER_n50_g8,ER,50,QAOA-NB,512,4,4,101316,False,12,1,wurtz_lykov_3reg_p1,0.1,62.0,13,23,0.0,0.0,63.0,1.0,True,6,1,1.0,0.21589042791074176,63.0,1.0,6,0.01171875,True,1.0,63.0
ER_n50_g8,ER,50,QAOA-BF,512,5,5,101317,True,12,1,wurtz_lykov_3reg_p1,0.1,62.0,12,18,5.0990195135927845,4.0,63.0,1.0,True,6,1,1.495090003192804,0.36242048806992966,63.0,1.0,20,0.0390625,True,1.0,63.0
ER_n50_g8,ER,50,QAOA-NB,512,5,5,101317,False,12,1,wurtz_lykov_3reg_p1,0.1,62.0,12,18,0.0,0.0,63.0,1.0,True,6,1,1.0,0.3395204789702503,63.0,1.0,7,0.013671875,True,1.0,63.0
ER_n50_g8,ER,50,QAOA-BF,512,6,6,101318,True,12,1,wurtz_lykov_3reg_p1,0.1,62.0,15,20,4.69041575982343,3.0,63.0,1.0,True,6,3,1.2683436648534627,0.2628242923750359,63.0,1.0,11,0.021484375,True,1.0,63.0
ER_n50_g8,ER,50,QAOA-NB,512,6,6,101318,False,12,1,wurtz_lykov_3reg_p1,0.1,62.0,15,20,0.0,0.0,63.0,1.0,True,6,3,1.0,0.15803445628423451,63.0,1.0,11,0.021484375,True,1.0,63.0
ER_n50_g8,ER,50,QAOA-BF,512,7,7,101319,True,12,1,wurtz_lykov_3reg_p1,0.1,62.0,13,12,3.4641016151377544,2.0,67.0,5.0,True,6,0,1.1470786693528088,0.20474312135074416,66.0,4.0,63,0.123046875,True,4.0,66.0
ER_n50_g8,ER,50,QAOA-NB,512,7,7,101319,False,12,1,wurtz_lykov_3reg_p1,0.1,62.0,13,12,0.0,0.0,67.0,5.0,True,6,0,1.0,0.24315167895753942,65.0,3.0,15,0.029296875,True,3.0,65.0
ER_n50_g8,ER,50,QAOA-BF,2048,0,0,102848,True,12,1,wurtz_lykov_3reg_p1,0.1,62.0,13,16,5.0990195135927845,4.0,63.0,1.0,True,6,3,1.4719601443879744,0.2960556185535027,63.0,1.0,40,0.01953125,True,1.0,63.0
ER_n50_g8,ER,50,QAOA-NB,2048,0,0,102848,False,12,1,wurtz_lykov_3reg_p1,0.1,62.0,13,16,0.0,0.0,63.0,1.0,True,6,3,1.0,0.19312968080157747,63.0,1.0,42,0.0205078125,True,1.0,63.0
ER_n50_g8,ER,50,QAOA-BF,2048,1,1,102849,True,12,1,wurtz_lykov_3reg_p1,0.1,62.0,13,12,3.4641016151377544,2.0,67.0,5.0,True,6,1,1.1470786693528088,0.20474312135074416,66.0,4.0,185,0.09033203125,True,4.0,66.0
ER_n50_g8,ER,50,QAOA-NB,2048,1,1,102849,False,12,1,wurtz_lykov_3reg_p1,0.1,62.0,13,12,0.0,0.0,67.0,5.0,True,6,1,1.0,0.24315167895753942,65.0,3.0,74,0.0361328125,True,3.0,65.0
ER_n50_g8,ER,50,QAOA-BF,2048,2,2,102850,True,12,1,wurtz_lykov_3reg_p1,0.1,62.0,13,16,4.898979485566356,4.0,66.0,4.0,True,6,1,1.3954814298487213,0.17820892181886644,66.0,4.0,115,0.05615234375,True,4.0,66.0
ER_n50_g8,ER,50,QAOA-NB,2048,2,2,102850,False,12,1,wurtz_lykov_3reg_p1,0.1,62.0,13,16,0.0,0.0,66.0,4.0,True,6,1,1.0,0.16792157510173497,66.0,4.0,57,0.02783203125,True,4.0,66.0
ER_n50_g8,ER,50,QAOA-BF,2048,3,3,102851,True,12,1,wurtz_lykov_3reg_p1,0.1,62.0,12,17,5.196152422706632,3.0,66.0,4.0,True,6,2,1.396424004376894,0.19714241289576648,66.0,4.0,90,0.0439453125,True,4.0,66.0
ER_n50_g8,ER,50,QAOA-NB,2048,3,3,102851,False,12,1,wurtz_lykov_3reg_p1,0.1,62.0,12,17,0.0,0.0,66.0,4.0,True,6,2,1.0,0.044546895500149536,66.0,4.0,70,0.0341796875,True,4.0,66.0
ER_n50_g8,ER,50,QAOA-BF,2048,4,4,102852,True,12,1,wurtz_lykov_3reg_p1,0.1,62.0,12,23,6.244997998398398,4.0,63.0,1.0,True,6,5,1.6383560438182505,0.24474244889296726,63.0,1.0,10,0.0048828125,True,1.0,63.0
ER_n50_g8,ER,50,QAOA-NB,2048,4,4,102852,False,12,1,wurtz_lykov_3reg_p1,0.1,62.0,12,23,0.0,0.0,63.0,1.0,True,6,5,1.0,0.098362550072133,63.0,1.0,3,0.00146484375,True,1.0,63.0
ER_n50_g8,ER,50,QAOA-BF,2048,5,5,102853,True,12,1,wurtz_lykov_3reg_p1,0.1,62.0,11,26,6.48074069840786,5.0,65.0,3.0,True,6,1,1.6278820596099706,0.18352924795896508,65.0,3.0,36,0.017578125,True,3.0,65.0
ER_n50_g8,ER,50,QAOA-NB,2048,5,5,102853,False,12,1,wurtz_lykov_3reg_p1,0.1,62.0,11,26,0.0,0.0,65.0,3.0,True,6,1,1.0,0.16224304035724726,65.0,3.0,23,0.01123046875,True,3.0,65.0
ER_n50_g8,ER,50,QAOA-BF,2048,6,6,102854,True,12,1,wurtz_lykov_3reg_p1,0.1,62.0,12,17,5.196152422706632,3.0,66.0,4.0,True,6,0,1.396424004376894,0.1971424128957665,66.0,4.0,97,0.04736328125,True,4.0,66.0
ER_n50_g8,ER,50,QAOA-NB,2048,6,6,102854,False,12,1,wurtz_lykov_3reg_p1,0.1,62.0,12,17,0.0,0.0,66.0,4.0,True,6,0,1.0,0.044546895500149536,66.0,4.0,66,0.0322265625,True,4.0,66.0
ER_n50_g8,ER,50,QAOA-BF,2048,7,7,102855,True,12,1,wurtz_lykov_3reg_p1,0.1,62.0,12,24,5.477225575051661,4.0,65.0,3.0,True,6,2,1.4142135623730951,0.17344279922190972,65.0,3.0,36,0.017578125,True,3.0,65.0
ER_n50_g8,ER,50,QAOA-NB,2048,7,7,102855,False,12,1,wurtz_lykov_3reg_p1,0.1,62.0,12,24,0.0,0.0,65.0,3.0,True,6,2,1.0,0.12843614888639066,65.0,3.0,20,0.009765625,True,3.0,65.0
ER_n50_g9,ER,50,LS-only,,,,,,,,,,64.0,,,,,,,,,,,,,,,,,,64.0
ER_n50_g9,ER,50,QAOA-BF,32,0,0,100932,True,12,1,wurtz_lykov_3reg_p1,0.1,64.0,15,21,6.082762530298219,4.0,66.0,2.0,True,6,1,1.5735915849388864,0.24178030199411243,66.0,2.0,2,0.0625,True,2.0,66.0
ER_n50_g9,ER,50,QAOA-NB,32,0,0,100932,False,12,1,wurtz_lykov_3reg_p1,0.1,64.0,15,21,0.0,0.0,66.0,2.0,True,6,1,1.0,0.19060207603650559,64.0,0.0,0,0.0,False,0.0,64.0
ER_n50_g9,ER,50,QAOA-BF,32,1,1,100933,True,12,1,wurtz_lykov_3reg_p1,0.1,64.0,14,17,3.605551275463989,2.0,66.0,2.0,True,6,3,1.1338934190276817,0.26898731545900323,66.0,2.0,1,0.03125,True,2.0,66.0
ER_n50_g9,ER,50,QAOA-NB,32,1,1,100933,False,12,1,wurtz_lykov_3reg_p1,0.1,64.0,14,17,0.0,0.0,66.0,2.0,True,6,3,1.0,0.1935441574349048,66.0,2.0,1,0.03125,True,2.0,66.0
ER_n50_g9,ER,50,QAOA-BF,32,2,2,100934,True,12,1,wurtz_lykov_3reg_p1,0.1,64.0,14,17,3.605551275463989,2.0,66.0,2.0,True,6,2,1.1338934190276817,0.2689873154590031,66.0,2.0,5,0.15625,True,2.0,66.0
ER_n50_g9,ER,50,QAOA-NB,32,2,2,100934,False,12,1,wurtz_lykov_3reg_p1,0.1,64.0,14,17,0.0,0.0,66.0,2.0,True,6,2,1.0,0.19354415743490475,66.0,2.0,6,0.1875,True,2.0,66.0
ER_n50_g9,ER,50,QAOA-BF,32,3,3,100935,True,12,1,wurtz_lykov_3reg_p1,0.1,64.0,14,17,3.605551275463989,2.0,66.0,2.0,True,6,2,1.1338934190276817,0.26898731545900334,64.0,0.0,0,0.0,False,0.0,64.0
ER_n50_g9,ER,50,QAOA-NB,32,3,3,100935,False,12,1,wurtz_lykov_3reg_p1,0.1,64.0,14,17,0.0,0.0,66.0,2.0,True,6,2,1.0,0.19354415743490466,64.0,0.0,0,0.0,False,0.0,64.0
ER_n50_g9,ER,50,QAOA-BF,32,4,4,100936,True,12,1,wurtz_lykov_3reg_p1,0.1,64.0,15,21,6.082762530298219,4.0,66.0,2.0,True,6,4,1.5735915849388864,0.2417803019941125,66.0,2.0,1,0.03125,True,2.0,66.0
ER_n50_g9,ER,50,QAOA-NB,32,4,4,100936,False,12,1,wurtz_lykov_3reg_p1,0.1,64.0,15,21,0.0,0.0,66.0,2.0,True,6,4,1.0,0.19060207603650559,64.0,0.0,0,0.0,False,0.0,64.0
ER_n50_g9,ER,50,QAOA-BF,32,5,5,100937,True,12,1,wurtz_lykov_3reg_p1,0.1,64.0,16,22,5.477225575051661,3.0,64.0,0.0,False,6,0,1.3844373104863459,0.363833360634565,64.0,0.0,0,0.0,False,0.0,64.0
ER_n50_g9,ER,50,QAOA-NB,32,5,5,100937,False,12,1,wurtz_lykov_3reg_p1,0.1,64.0,16,22,0.0,0.0,64.0,0.0,False,6,0,1.0,0.18884371187869892,64.0,0.0,0,0.0,False,0.0,64.0
ER_n50_g9,ER,50,QAOA-BF,32,6,6,100938,True,12,1,wurtz_lykov_3reg_p1,0.1,64.0,12,29,6.4031242374328485,4.0,64.0,0.0,False,6,0,1.6278820596099706,0.3387366705164354,64.0,0.0,0,0.0,False,0.0,64.0
ER_n50_g9,ER,50,QAOA-NB,32,6,6,100938,False,12,1,wurtz_lykov_3reg_p1,0.1,64.0,12,29,0.0,0.0,64.0,0.0,False,6,0,1.0,0.1636326943504867,64.0,0.0,0,0.0,False,0.0,64.0
ER_n50_g9,ER,50,QAOA-BF,32,7,7,100939,True,12,1,wurtz_lykov_3reg_p1,0.1,64.0,13,28,6.164414002968976,4.0,64.0,0.0,False,6,0,1.558387444947959,0.3615572345249864,64.0,0.0,0,0.0,False,0.0,64.0
ER_n50_g9,ER,50,QAOA-NB,32,7,7,100939,False,12,1,wurtz_lykov_3reg_p1,0.1,64.0,13,28,0.0,0.0,64.0,0.0,False,6,0,1.0,0.206431703509886,64.0,0.0,0,0.0,False,0.0,64.0
ER_n50_g9,ER,50,QAOA-BF,128,0,0,101028,True,12,1,wurtz_lykov_3reg_p1,0.1,64.0,12,13,5.385164807134504,4.0,65.0,1.0,True,6,2,1.509230856356236,0.2934426246395228,65.0,1.0,4,0.03125,True,1.0,65.0
ER_n50_g9,ER,50,QAOA-NB,128,0,0,101028,False,12,1,wurtz_lykov_3reg_p1,0.1,64.0,12,13,0.0,0.0,65.0,1.0,True,6,2,1.0,0.17904158865096492,65.0,1.0,5,0.0390625,True,1.0,65.0
ER_n50_g9,ER,50,QAOA-BF,128,1,1,101029,True,12,1,wurtz_lykov_3reg_p1,0.1,64.0,16,24,6.0,3.0,64.0,0.0,False,6,0,1.5374122295716148,0.49479692267668235,64.0,0.0,0,0.0,False,0.0,64.0
ER_n50_g9,ER,50,QAOA-NB,128,1,1,101029,False,12,1,wurtz_lykov_3reg_p1,0.1,64.0,16,24,0.0,0.0,64.0,0.0,False,6,0,1.0,0.21299870997266662,64.0,0.0,0,0.0,False,0.0,64.0
ER_n50_g9,ER,50,QAOA-BF,128,2,2,101030,True,12,1,wurtz_lykov_3reg_p1,0.1,64.0,15,17,4.358898943540674,3.0,64.0,0.0,False,6,0,1.3038404810405297,0.33643709753331347,64.0,0.0,0,0.0,False,0.0,64.0
ER_n50_g9,ER,50,QAOA-NB,128,2,2,101030,False,12,1,wurtz_lykov_3reg_p1,0.1,64.0,15,17,0.0,0.0,64.0,0.0,False,6,0,1.0,0.21711739507642677,64.0,0.0,0,0.0,False,0.0,64.0
ER_n50_g9,ER,50,QAOA-BF,128,3,3,101031,True,12,1,wurtz_lykov_3reg_p1,0.1,64.0,14,17,3.605551275463989,2.0,66.0,2.0,True,6,5,1.1338934190276817,0.26898731545900334,66.0,2.0,6,0.046875,True,2.0,66.0
ER_n50_g9,ER,50,QAOA-NB,128,3,3,101031,False,12,1,wurtz_lykov_3reg_p1,0.1,64.0,14,17,0.0,0.0,66.0,2.0,True,6,5,1.0,0.1935441574349046,66.0,2.0,6,0.046875,True,2.0,66.0
ER_n50_g9,ER,50,QAOA-BF,128,4,4,101032,True,12,1,wurtz_lykov_3reg_p1,0.1,64.0,12,24,6.782329983125268,4.0,64.0,0.0,False,6,0,1.7471781760734562,0.33419206707163185,64.0,0.0,0,0.0,False,0.0,64.0
ER_n50_g9,ER,50,QAOA-NB,128,4,4,101032,False,12,1,wurtz_lykov_3reg_p1,0.1,64.0,12,24,0.0,0.0,64.0,0.0,False,6,0,1.0,0.19382684500668393,64.0,0.0,0,0.0,False,0.0,64.0
ER_n50_g9,ER,50,QAOA-BF,128,5,5,101033,True,12,1,wurtz_lykov_3reg_p1,0.1,64.0,13,30,6.928203230275509,4.0,64.0,0.0,False,6,0,1.7043362064926932,0.49048022425074517,64.0,0.0,0,0.0,False,0.0,64.0
ER_n50_g9,ER,50,QAOA-NB,128,5,5,101033,False,12,1,wurtz_lykov_3reg_p1,0.1,64.0,13,30,0.0,0.0,64.0,0.0,False,6,0,1.0,0.3060628489870494,64.0,0.0,0,0.0,False,0.0,64.0
ER_n50_g9,ER,50,QAOA-BF,128,6,6,101034,True,12,1,wurtz_lykov_3reg_p1,0.1,64.0,12,21,4.358898943540674,2.0,66.0,2.0,True,6,2,1.2773327473170102,0.3285361346064922,66.0,2.0,9,0.0703125,True,2.0,66.0
ER_n50_g9,ER,50,QAOA-NB,128,6,6,101034,False,12,1,wurtz_lykov_3reg_p1,0.1,64.0,12,21,0.0,0.0,66.0,2.0,True,6,2,1.0,0.18648417637964348,66.0,2.0,6,0.046875,True,2.0,66.0
ER_n50_g9,ER,50,QAOA-BF,128,7,7,101035,True,12,1,wurtz_lykov_3reg_p1,0.1,64.0,15,18,4.0,3.0,66.0,2.0,True,6,4,1.2449899597988732,0.22567119370758282,66.0,2.0,7,0.0546875,True,2.0,66.0
ER_n50_g9,ER,50,QAOA-NB,128,7,7,101035,False,12,1,wurtz_lykov_3reg_p1,0.1,64.0,15,18,0.0,0.0,66.0,2.0,True,6,4,1.0,0.1915244999133331,66.0,2.0,7,0.0546875,True,2.0,66.0
ER_n50_g9,ER,50,QAOA-BF,512,0,0,101412,True,12,1,wurtz_lykov_3reg_p1,0.1,64.0,12,21,4.123105625617661,2.0,66.0,2.0,True,6,1,1.2041594578792296,0.3352200541162827,66.0,2.0,42,0.08203125,True,2.0,66.0
ER_n50_g9,ER,50,QAOA-NB,512,0,0,101412,False,12,1,wurtz_lykov_3reg_p1,0.1,64.0,12,21,0.0,0.0,66.0,2.0,True,6,1,1.0,0.1998939429519266,66.0,2.0,11,0.021484375,True,2.0,66.0
ER_n50_g9,ER,50,QAOA-BF,512,1,1,101413,True,12,1,wurtz_lykov_3reg_p1,0.1,64.0,13,23,4.358898943540674,2.0,65.0,1.0,True,6,4,1.2649110640673518,0.2757667807879026,65.0,1.0,3,0.005859375,True,1.0,65.0
ER_n50_g9,ER,50,QAOA-NB,512,1,1,101413,False,12,1,wurtz_lykov_3reg_p1,0.1,64.0,13,23,0.0,0.0,65.0,1.0,True,6,4,1.0,0.10577720144553489,65.0,1.0,1,0.001953125,True,1.0,65.0
ER_n50_g9,ER,50,QAOA-BF,512,2,2,101414,True,12,1,wurtz_lykov_3reg_p1,0.1,64.0,15,21,6.082762530298219,4.0,66.0,2.0,True,6,2,1.5735915849388864,0.24178030199411243,66.0,2.0,27,0.052734375,True,2.0,66.0
ER_n50_g9,ER,50,QAOA-NB,512,2,2,101414,False,12,1,wurtz_lykov_3reg_p1,0.1,64.0,15,21,0.0,0.0,66.0,2.0,True,6,2,1.0,0.19060207603650559,66.0,2.0,5,0.009765625,True,2.0,66.0
ER_n50_g9,ER,50,QAOA-BF,512,3,3,101415,True,12,1,wurtz_lykov_3reg_p1,0.1,64.0,12,13,5.385164807134504,4.0,65.0,1.0,True,6,5,1.509230856356236,0.2934426246395229,65.0,1.0,13,0.025390625,True,1.0,65.0
ER_n50_g9,ER,50,QAOA-NB,512,3,3,101415,False,12,1,wurtz_lykov_3reg_p1,0.1,64.0,12,13,0.0,0.0,65.0,1.0,True,6,5,1.0,0.17904158865096492,65.0,1.0,7,0.013671875,True,1.0,65.0
ER_n50_g9,ER,50,QAOA-BF,512,4,4,101416,True,12,1,wurtz_lykov_3reg_p1,0.1,64.0,14,18,4.0,2.0,66.0,2.0,True,6,0,1.1952286093343936,0.31097101734831056,66.0,2.0,29,0.056640625,True,2.0,66.0
ER_n50_g9,ER,50,QAOA-NB,512,4,4,101416,False,12,1,wurtz_lykov_3reg_p1,0.1,64.0,14,18,0.0,0.0,66.0,2.0,True,6,0,1.0,0.15693572896033992,66.0,2.0,22,0.04296875,True,2.0,66.0
ER_n50_g9,ER,50,QAOA-BF,512,5,5,101417,True,12,1,wurtz_lykov_3reg_p1,0.1,64.0,17,19,5.196152422706632,4.0,65.0,1.0,True,6,2,1.3831281496162493,0.2972167571056903,65.0,1.0,2,0.00390625,True,1.0,65.0
ER_n50_g9,ER,50,QAOA-NB,512,5,5,101417,False,12,1,wurtz_lykov_3reg_p1,0.1,64.0,17,19,0.0,0.0,65.0,1.0,True,6,2,1.0,0.16902161737663773,65.0,1.0,2,0.00390625,True,1.0,65.0
ER_n50_g9,ER,50,QAOA-BF,512,6,6,101418,True,12,1,wurtz_lykov_3reg_p1,0.1,64.0,13,23,6.4031242374328485,4.0,65.0,1.0,True,6,2,1.6431676725154984,0.2357484059725337,65.0,1.0,1,0.001953125,True,1.0,65.0
ER_n50_g9,ER,50,QAOA-NB,512,6,6,101418,False,12,1,wurtz_lykov_3reg_p1,0.1,64.0,13,23,0.0,0.0,65.0,1.0,True,6,2,1.0,0.10683973114080861,64.0,0.0,0,0.0,False,0.0,64.0
ER_n50_g9,ER,50,QAOA-BF,512,7,7,101419,True,12,1,wurtz_lykov_3reg_p1,0.1,64.0,17,24,5.477225575051661,3.0,64.0,0.0,False,6,0,1.319371343004213,0.5580971886242896,64.0,0.0,0,0.0,False,0.0,64.0
ER_n50_g9,ER,50,QAOA-NB,512,7,7,101419,False,12,1,wurtz_lykov_3reg_p1,0.1,64.0,17,24,0.0,0.0,64.0,0.0,False,6,0,1.0,0.2967650233855882,64.0,0.0,0,0.0,False,0.0,64.0
ER_n50_g9,ER,50,QAOA-BF,2048,0,0,102948,True,12,1,wurtz_lykov_3reg_p1,0.1,64.0,15,25,5.5677643628300215,3.0,65.0,1.0,True,6,1,1.4142135623730951,0.33729058740971163,65.0,1.0,3,0.00146484375,True,1.0,65.0
ER_n50_g9,ER,50,QAOA-NB,2048,0,0,102948,False,12,1,wurtz_lykov_3reg_p1,0.1,64.0,15,25,0.0,0.0,65.0,1.0,True,6,1,1.0,0.19551985305045824,65.0,1.0,1,0.00048828125,True,1.0,65.0
ER_n50_g9,ER,50,QAOA-BF,2048,1,1,102949,True,12,1,wurtz_lykov_3reg_p1,0.1,64.0,16,20,4.47213595499958,3.0,64.0,0.0,False,6,0,1.2792042981336627,0.5282292264472005,64.0,0.0,0,0.0,False,0.0,64.0
ER_n50_g9,ER,50,QAOA-NB,2048,1,1,102949,False,12,1,wurtz_lykov_3reg_p1,0.1,64.0,16,20,0.0,0.0,64.0,0.0,False,6,0,1.0,0.3719575976287435,64.0,0.0,0,0.0,False,0.0,64.0
ER_n50_g9,ER,50,QAOA-BF,2048,2,2,102950,True,12,1,wurtz_lykov_3reg_p1,0.1,64.0,15,21,6.082762530298219,4.0,66.0,2.0,True,6,4,1.5735915849388864,0.24178030199411255,66.0,2.0,110,0.0537109375,True,2.0,66.0
ER_n50_g9,ER,50,QAOA-NB,2048,2,2,102950,False,12,1,wurtz_lykov_3reg_p1,0.1,64.0,15,21,0.0,0.0,66.0,2.0,True,6,4,1.0,0.19060207603650559,66.0,2.0,44,0.021484375,True,2.0,66.0
ER_n50_g9,ER,50,QAOA-BF,2048,3,3,102951,True,12,1,wurtz_lykov_3reg_p1,0.1,64.0,14,24,4.898979485566356,3.0,65.0,1.0,True,6,0,1.3451854182690985,0.29476474023575633,65.0,1.0,3,0.00146484375,True,1.0,65.0
ER_n50_g9,ER,50,QAOA-NB,2048,3,3,102951,False,12,1,wurtz_lykov_3reg_p1,0.1,64.0,14,24,0.0,0.0,65.0,1.0,True,6,0,1.0,0.09790191444549515,65.0,1.0,3,0.00146484375,True,1.0,65.0
ER_n50_g9,ER,50,QAOA-BF,2048,4,4,102952,True,12,1,wurtz_lykov_3reg_p1,0.1,64.0,13,23,4.358898943540674,2.0,65.0,1.0,True,6,1,1.2649110640673518,0.27576678078790273,65.0,1.0,8,0.00390625,True,1.0,65.0
ER_n50_g9,ER,50,QAOA-NB,2048,4,4,102952,False,12,1,wurtz_lykov_3reg_p1,0.1,64.0,13,23,0.0,0.0,65.0,1.0,True,6,1,1.0,0.10577720144553489,65.0,1.0,1,0.00048828125,True,1.0,65.0
ER_n50_g9,ER,50,QAOA-BF,2048,5,5,102953,True,12,1,wurtz_lykov_3reg_p1,0.1,64.0,19,23,4.795831523312719,3.0,65.0,1.0,True,6,3,1.296148139681572,0.32195619872907366,65.0,1.0,3,0.00146484375,True,1.0,65.0
ER_n50_g9,ER,50,QAOA-NB,2048,5,5,102953,False,12,1,wurtz_lykov_3reg_p1,0.1,64.0,19,23,0.0,0.0,65.0,1.0,True,6,3,1.0,0.3178591641325068,65.0,1.0,1,0.00048828125,True,1.0,65.0
ER_n50_g9,ER,50,QAOA-BF,2048,6,6,102954,True,12,1,wurtz_lykov_3reg_p1,0.1,64.0,14,24,5.656854249492381,4.0,65.0,1.0,True,6,1,1.4459976109624424,0.34437703120945584,65.0,1.0,3,0.00146484375,True,1.0,65.0
ER_n50_g9,ER,50,QAOA-NB,2048,6,6,102954,False,12,1,wurtz_lykov_3reg_p1,0.1,64.0,14,24,0.0,0.0,65.0,1.0,True,6,1,1.0,0.21562408623300136,65.0,1.0,1,0.00048828125,True,1.0,65.0
ER_n50_g9,ER,50,QAOA-BF,2048,7,7,102955,True,12,1,wurtz_lykov_3reg_p1,0.1,64.0,14,18,4.0,2.0,66.0,2.0,True,6,2,1.1952286093343936,0.31097101734831073,66.0,2.0,127,0.06201171875,True,2.0,66.0
ER_n50_g9,ER,50,QAOA-NB,2048,7,7,102955,False,12,1,wurtz_lykov_3reg_p1,0.1,64.0,14,18,0.0,0.0,66.0,2.0,True,6,2,1.0,0.15693572896033992,66.0,2.0,78,0.0380859375,True,2.0,66.0
ER_n50_g10,ER,50,LS-only,,,,,,,,,,63.0,,,,,,,,,,,,,,,,,,63.0
ER_n50_g10,ER,50,QAOA-BF,32,0,0,101032,True,12,1,wurtz_lykov_3reg_p1,0.1,63.0,12,18,4.0,3.0,66.0,3.0,True,6,2,1.2833778958394957,0.2264206156086925,64.0,1.0,1,0.03125,True,1.0,64.0
ER_n50_g10,ER,50,QAOA-NB,32,0,0,101032,False,12,1,wurtz_lykov_3reg_p1,0.1,63.0,12,18,0.0,0.0,66.0,3.0,True,6,2,1.0,0.16738735492995258,64.0,1.0,1,0.03125,True,1.0,64.0
ER_n50_g10,ER,50,QAOA-BF,32,1,1,101033,True,12,1,wurtz_lykov_3reg_p1,0.1,63.0,15,15,5.385164807134504,3.0,64.0,1.0,True,6,2,1.4142135623730951,0.2650869976321003,63.0,0.0,0,0.0,False,0.0,63.0
ER_n50_g10,ER,50,QAOA-NB,32,1,1,101033,False,12,1,wurtz_lykov_3reg_p1,0.1,63.0,15,15,0.0,0.0,64.0,1.0,True,6,2,1.0,0.21552849211209238,63.0,0.0,0,0.0,False,0.0,63.0
ER_n50_g10,ER,50,QAOA-BF,32,2,2,101034,True,12,1,wurtz_lykov_3reg_p1,0.1,63.0,15,14,4.69041575982343,3.0,66.0,3.0,True,6,2,1.3601470508735443,0.23173586729524215,64.0,1.0,1,0.03125,True,1.0,64.0
ER_n50_g10,ER,50,QAOA-NB,32,2,2,101034,False,12,1,wurtz_lykov_3reg_p1,0.1,63.0,15,14,0.0,0.0,66.0,3.0,True,6,2,1.0,0.14897362671802644,63.0,0.0,0,0.0,False,0.0,63.0
ER_n50_g10,ER,50,QAOA-BF,32,3,3,101035,True,12,1,wurtz_lykov_3reg_p1,0.1,63.0,13,19,5.385164807134504,3.0,64.0,1.0,True,6,5,1.449137674618944,0.21261136116350607,63.0,0.0,0,0.0,False,0.0,63.0
ER_n50_g10,ER,50,QAOA-NB,32,3,3,101035,False,12,1,wurtz_lykov_3reg_p1,0.1,63.0,13,19,0.0,0.0,64.0,1.0,True,6,5,1.0,0.13604305163506752,63.0,0.0,0,0.0,False,0.0,63.0
ER_n50_g10,ER,50,QAOA-BF,32,4,4,101036,True,12,1,wurtz_lykov_3reg_p1,0.1,63.0,13,19,5.385164807134504,3.0,64.0,1.0,True,6,1,1.449137674618944,0.21261136116350599,63.0,0.0,0,0.0,False,0.0,63.0
ER_n50_g10,ER,50,QAOA-NB,32,4,4,101036,False,12,1,wurtz_lykov_3reg_p1,0.1,63.0,13,19,0.0,0.0,64.0,1.0,True,6,1,1.0,0.13604305163506752,63.0,0.0,0,0.0,False,0.0,63.0
ER_n50_g10,ER,50,QAOA-BF,32,5,5,101037,True,12,1,wurtz_lykov_3reg_p1,0.1,63.0,12,22,6.48074069840786,5.0,64.0,1.0,True,6,1,1.6858544608470492,0.20962083042878446,64.0,1.0,1,0.03125,True,1.0,64.0
ER_n50_g10,ER,50,QAOA-NB,32,5,5,101037,False,12,1,wurtz_lykov_3reg_p1,0.1,63.0,12,22,0.0,0.0,64.0,1.0,True,6,1,1.0,0.1431502212546665,63.0,0.0,0,0.0,False,0.0,63.0
ER_n50_g10,ER,50,QAOA-BF,32,6,6,101038,True,12,1,wurtz_lykov_3reg_p1,0.1,63.0,14,13,4.358898943540674,3.0,66.0,3.0,True,6,3,1.3178930553209385,0.20926777586315257,64.0,1.0,1,0.03125,True,1.0,64.0
ER_n50_g10,ER,50,QAOA-NB,32,6,6,101038,False,12,1,wurtz_lykov_3reg_p1,0.1,63.0,14,13,0.0,0.0,66.0,3.0,True,6,3,1.0,0.19193135108709677,64.0,1.0,2,0.0625,True,1.0,64.0
ER_n50_g10,ER,50,QAOA-BF,32,7,7,101039,True,12,1,wurtz_lykov_3reg_p1,0.1,63.0,13,19,5.385164807134504,3.0,64.0,1.0,True,6,0,1.449137674618944,0.21261136116350604,63.0,0.0,0,0.0,False,0.0,63.0
ER_n50_g10,ER,50,QAOA-NB,32,7,7,101039,False,12,1,wurtz_lykov_3reg_p1,0.1,63.0,13,19,0.0,0.0,64.0,1.0,True,6,0,1.0,0.13604305163506752,63.0,0.0,0,0.0,False,0.0,63.0
ER_n50_g10,ER,50,QAOA-BF,128,0,0,101128,True,12,1,wurtz_lykov_3reg_p1,0.1,63.0,13,21,6.708203932499369,4.0,64.0,1.0,True,6,2,1.8470962903655979,0.20033732472912125,63.0,0.0,0,0.0,False,0.0,63.0
ER_n50_g10,ER,50,QAOA-NB,128,0,0,101128,False,12,1,wurtz_lykov_3reg_p1,0.1,63.0,13,21,0.0,0.0,64.0,1.0,True,6,2,1.0,0.1568256264269614,63.0,0.0,0,0.0,False,0.0,63.0
ER_n50_g10,ER,50,QAOA-BF,128,1,1,101129,True,12,1,wurtz_lykov_3reg_p1,0.1,63.0,14,20,6.0,5.0,64.0,1.0,True,6,4,1.5811388300841898,0.22081989658119835,64.0,1.0,6,0.046875,True,1.0,64.0
ER_n50_g10,ER,50,QAOA-NB,128,1,1,101129,False,12,1,wurtz_lykov_3reg_p1,0.1,63.0,14,20,0.0,0.0,64.0,1.0,True,6,4,1.0,0.1849109447320042,64.0,1.0,7,0.0546875,True,1.0,64.0
ER_n50_g10,ER,50,QAOA-BF,128,2,2,101130,True,12,1,wurtz_lykov_3reg_p1,0.1,63.0,12,17,4.358898943540674,3.0,66.0,3.0,True,6,5,1.3503812097939996,0.21512881745171075,64.0,1.0,4,0.03125,True,1.0,64.0
ER_n50_g10,ER,50,QAOA-NB,128,2,2,101130,False,12,1,wurtz_lykov_3reg_p1,0.1,63.0,12,17,0.0,0.0,66.0,3.0,True,6,5,1.0,0.11143660690114893,64.0,1.0,5,0.0390625,True,1.0,64.0
ER_n50_g10,ER,50,QAOA-BF,128,3,3,101131,True,12,1,wurtz_lykov_3reg_p1,0.1,63.0,16,14,4.898979485566356,3.0,64.0,1.0,True,6,1,1.2909944487358056,0.23670154971922383,63.0,0.0,0,0.0,False,0.0,63.0
ER_n50_g10,ER,50,QAOA-NB,128,3,3,101131,False,12,1,wurtz_lykov_3reg_p1,0.1,63.0,16,14,0.0,0.0,64.0,1.0,True,6,1,1.0,0.15712777576189826,64.0,1.0,4,0.03125,True,1.0,64.0
ER_n50_g10,ER,50,QAOA-BF,128,4,4,101132,True,12,1,wurtz_lykov_3reg_p1,0.1,63.0,12,15,4.58257569495584,3.0,66.0,3.0,True,6,0,1.3932610920384718,0.2118194732362186,65.0,2.0,5,0.0390625,True,2.0,65.0
ER_n50_g10,ER,50,QAOA-NB,128,4,4,101132,False,12,1,wurtz_lykov_3reg_p1,0.1,63.0,12,15,0.0,0.0,66.0,3.0,True,6,0,1.0,0.08971223401895616,64.0,1.0,2,0.015625,True,1.0,64.0
ER_n50_g10,ER,50,QAOA-BF,128,5,5,101133,True,12,1,wurtz_lykov_3reg_p1,0.1,63.0,17,17,5.916079783099616,3.0,64.0,1.0,True,6,0,1.5374122295716148,0.22515862630575664,64.0,1.0,5,0.0390625,True,1.0,64.0
ER_n50_g10,ER,50,QAOA-NB,128,5,5,101133,False,12,1,wurtz_lykov_3reg_p1,0.1,63.0,17,17,0.0,0.0,64.0,1.0,True,6,0,1.0,0.10114216645991513,64.0,1.0,3,0.0234375,True,1.0,64.0
ER_n50_g10,ER,50,QAOA-BF,128,6,6,101134,True,12,1,wurtz_lykov_3reg_p1,0.1,63.0,17,12,5.291502622129181,4.0,63.0,0.0,False,6,0,1.4301938838683885,0.4334698362261465,63.0,0.0,0,0.0,False,0.0,63.0
ER_n50_g10,ER,50,QAOA-NB,128,6,6,101134,False,12,1,wurtz_lykov_3reg_p1,0.1,63.0,17,12,0.0,0.0,63.0,0.0,False,6,0,1.0,0.4750642038596849,63.0,0.0,0,0.0,False,0.0,63.0
ER_n50_g10,ER,50,QAOA-BF,128,7,7,101135,True,12,1,wurtz_lykov_3reg_p1,0.1,63.0,14,19,5.196152422706632,3.0,64.0,1.0,True,6,4,1.3972762620115438,0.2547223436437662,64.0,1.0,8,0.0625,True,1.0,64.0
ER_n50_g10,ER,50,QAOA-NB,128,7,7,101135,False,12,1,wurtz_lykov_3reg_p1,0.1,63.0,14,19,0.0,0.0,64.0,1.0,True,6,4,1.0,0.14463759242103158,64.0,1.0,4,0.03125,True,1.0,64.0
ER_n50_g10,ER,50,QAOA-BF,512,0,0,101512,True,12,1,wurtz_lykov_3reg_p1,0.1,63.0,15,20,6.164414002968976,4.0,64.0,1.0,True,6,0,1.5886502207249789,0.22132103356105154,64.0,1.0,16,0.03125,True,1.0,64.0
ER_n50_g10,ER,50,QAOA-NB,512,0,0,101512,False,12,1,wurtz_lykov_3reg_p1,0.1,63.0,15,20,0.0,0.0,64.0,1.0,True,6,0,1.0,0.06119584299302484,64.0,1.0,6,0.01171875,True,1.0,64.0
ER_n50_g10,ER,50,QAOA-BF,512,1,1,101513,True,12,1,wurtz_lykov_3reg_p1,0.1,63.0,14,20,6.48074069840786,4.0,64.0,1.0,True,6,3,1.7167901505579042,0.2848844476694654,63.0,0.0,0,0.0,False,0.0,63.0
ER_n50_g10,ER,50,QAOA-NB,512,1,1,101513,False,12,1,wurtz_lykov_3reg_p1,0.1,63.0,14,20,0.0,0.0,64.0,1.0,True,6,3,1.0,0.13154710732679034,63.0,0.0,0,0.0,False,0.0,63.0
ER_n50_g10,ER,50,QAOA-BF,512,2,2,101514,True,12,1,wurtz_lykov_3reg_p1,0.1,63.0,14,14,4.242640687119285,3.0,64.0,1.0,True,6,1,1.3333333333333333,0.2349494730056644,64.0,1.0,29,0.056640625,True,1.0,64.0
ER_n50_g10,ER,50,QAOA-NB,512,2,2,101514,False,12,1,wurtz_lykov_3reg_p1,0.1,63.0,14,14,0.0,0.0,64.0,1.0,True,6,1,1.0,0.2168360211706848,64.0,1.0,24,0.046875,True,1.0,64.0
ER_n50_g10,ER,50,QAOA-BF,512,3,3,101515,True,12,1,wurtz_lykov_3reg_p1,0.1,63.0,14,20,6.0,5.0,64.0,1.0,True,6,4,1.5811388300841898,0.22081989658119835,64.0,1.0,31,0.060546875,True,1.0,64.0
ER_n50_g10,ER,50,QAOA-NB,512,3,3,101515,False,12,1,wurtz_lykov_3reg_p1,0.1,63.0,14,20,0.0,0.0,64.0,1.0,True,6,4,1.0,0.18491094473200415,64.0,1.0,25,0.048828125,True,1.0,64.0
ER_n50_g10,ER,50,QAOA-BF,512,4,4,101516,True,12,1,wurtz_lykov_3reg_p1,0.1,63.0,13,21,8.306623862918075,6.0,64.0,1.0,True,6,2,1.9760470401187074,0.2458390465564342,64.0,1.0,17,0.033203125,True,1.0,64.0
ER_n50_g10,ER,50,QAOA-NB,512,4,4,101516,False,12,1,wurtz_lykov_3reg_p1,0.1,63.0,13,21,0.0,0.0,64.0,1.0,True,6,2,1.0,0.14278597601096632,64.0,1.0,12,0.0234375,True,1.0,64.0
ER_n50_g10,ER,50,QAOA-BF,512,5,5,101517,True,12,1,wurtz_lykov_3reg_p1,0.1,63.0,14,18,4.47213595499958,3.0,64.0,1.0,True,6,1,1.3038404810405297,0.30588045933924973,64.0,1.0,11,0.021484375,True,1.0,64.0
ER_n50_g10,ER,50,QAOA-NB,512,5,5,101517,False,12,1,wurtz_lykov_3reg_p1,0.1,63.0,14,18,0.0,0.0,64.0,1.0,True,6,1,1.0,0.24257989067381594,64.0,1.0,8,0.015625,True,1.0,64.0
ER_n50_g10,ER,50,QAOA-BF,512,6,6,101518,True,12,1,wurtz_lykov_3reg_p1,0.1,63.0,13,24,8.48528137423857,5.0,63.0,0.0,False,6,0,2.0615528128088303,0.29405391059669844,63.0,0.0,0,0.0,False,0.0,63.0
ER_n50_g10,ER,50,QAOA-NB,512,6,6,101518,False,12,1,wurtz_lykov_3reg_p1,0.1,63.0,13,24,0.0,0.0,63.0,0.0,False,6,0,1.0,0.21712798396973562,63.0,0.0,0,0.0,False,0.0,63.0
ER_n50_g10,ER,50,QAOA-BF,512,7,7,101519,True,12,1,wurtz_lykov_3reg_p1,0.1,63.0,13,19,5.385164807134504,3.0,64.0,1.0,True,6,2,1.449137674618944,0.21261136116350593,63.0,0.0,0,0.0,False,0.0,63.0
ER_n50_g10,ER,50,QAOA-NB,512,7,7,101519,False,12,1,wurtz_lykov_3reg_p1,0.1,63.0,13,19,0.0,0.0,64.0,1.0,True,6,2,1.0,0.1360430516350675,63.0,0.0,0,0.0,False,0.0,63.0
ER_n50_g10,ER,50,QAOA-BF,2048,0,0,103048,True,12,1,wurtz_lykov_3reg_p1,0.1,63.0,12,14,4.0,3.0,66.0,3.0,True,6,3,1.2833778958394957,0.22378247477201804,66.0,3.0,68,0.033203125,True,3.0,66.0
ER_n50_g10,ER,50,QAOA-NB,2048,0,0,103048,False,12,1,wurtz_lykov_3reg_p1,0.1,63.0,12,14,0.0,0.0,66.0,3.0,True,6,3,1.0,0.13013616235196457,64.0,1.0,63,0.03076171875,True,1.0,64.0
ER_n50_g10,ER,50,QAOA-BF,2048,1,1,103049,True,12,1,wurtz_lykov_3reg_p1,0.1,63.0,12,17,4.358898943540674,3.0,66.0,3.0,True,6,5,1.3503812097939996,0.2151288174517107,64.0,1.0,64,0.03125,True,1.0,64.0
ER_n50_g10,ER,50,QAOA-NB,2048,1,1,103049,False,12,1,wurtz_lykov_3reg_p1,0.1,63.0,12,17,0.0,0.0,66.0,3.0,True,6,5,1.0,0.11143660690114897,66.0,3.0,46,0.0224609375,True,3.0,66.0
ER_n50_g10,ER,50,QAOA-BF,2048,2,2,103050,True,12,1,wurtz_lykov_3reg_p1,0.1,63.0,14,19,7.0,5.0,64.0,1.0,True,6,0,1.7748239349298849,0.16352979611265545,64.0,1.0,66,0.0322265625,True,1.0,64.0
ER_n50_g10,ER,50,QAOA-NB,2048,2,2,103050,False,12,1,wurtz_lykov_3reg_p1,0.1,63.0,14,19,0.0,0.0,64.0,1.0,True,6,0,1.0,0.0419965391654233,64.0,1.0,33,0.01611328125,True,1.0,64.0
ER_n50_g10,ER,50,QAOA-BF,2048,3,3,103051,True,12,1,wurtz_lykov_3reg_p1,0.1,63.0,12,16,4.242640687119285,3.0,66.0,3.0,True,6,4,1.2565617248750864,0.19944767170227767,64.0,1.0,84,0.041015625,True,1.0,64.0
ER_n50_g10,ER,50,QAOA-NB,2048,3,3,103051,False,12,1,wurtz_lykov_3reg_p1,0.1,63.0,12,16,0.0,0.0,66.0,3.0,True,6,4,1.0,0.10627362605966666,64.0,1.0,51,0.02490234375,True,1.0,64.0
ER_n50_g10,ER,50,QAOA-BF,2048,4,4,103052,True,12,1,wurtz_lykov_3reg_p1,0.1,63.0,13,17,7.937253933193772,7.0,63.0,0.0,False,6,0,2.1143765594836976,0.28806958195398585,63.0,0.0,0,0.0,False,0.0,63.0
ER_n50_g10,ER,50,QAOA-NB,2048,4,4,103052,False,12,1,wurtz_lykov_3reg_p1,0.1,63.0,13,17,0.0,0.0,63.0,0.0,False,6,0,1.0,0.2370371058050478,63.0,0.0,0,0.0,False,0.0,63.0
ER_n50_g10,ER,50,QAOA-BF,2048,5,5,103053,True,12,1,wurtz_lykov_3reg_p1,0.1,63.0,11,25,7.810249675906654,5.0,64.0,1.0,True,6,0,2.0579830217101063,0.19063367953337199,64.0,1.0,55,0.02685546875,True,1.0,64.0
ER_n50_g10,ER,50,QAOA-NB,2048,5,5,103053,False,12,1,wurtz_lykov_3reg_p1,0.1,63.0,11,25,0.0,0.0,64.0,1.0,True,6,0,1.0,0.14223805167538373,64.0,1.0,55,0.02685546875,True,1.0,64.0
ER_n50_g10,ER,50,QAOA-BF,2048,6,6,103054,True,12,1,wurtz_lykov_3reg_p1,0.1,63.0,12,19,5.196152422706632,3.0,64.0,1.0,True,6,1,1.5146344928922038,0.32458328696691774,64.0,1.0,3,0.00146484375,True,1.0,64.0
ER_n50_g10,ER,50,QAOA-NB,2048,6,6,103054,False,12,1,wurtz_lykov_3reg_p1,0.1,63.0,12,19,0.0,0.0,64.0,1.0,True,6,1,1.0,0.2491089705156852,63.0,0.0,0,0.0,False,0.0,63.0
ER_n50_g10,ER,50,QAOA-BF,2048,7,7,103055,True,12,1,wurtz_lykov_3reg_p1,0.1,63.0,13,19,5.385164807134504,3.0,64.0,1.0,True,6,1,1.449137674618944,0.21261136116350599,64.0,1.0,1,0.00048828125,True,1.0,64.0
ER_n50_g10,ER,50,QAOA-NB,2048,7,7,103055,False,12,1,wurtz_lykov_3reg_p1,0.1,63.0,13,19,0.0,0.0,64.0,1.0,True,6,1,1.0,0.13604305163506752,63.0,0.0,0,0.0,False,0.0,63.0
ER_n50_g11,ER,50,LS-only,,,,,,,,,,59.0,,,,,,,,,,,,,,,,,,59.0
ER_n50_g11,ER,50,QAOA-BF,32,0,0,101132,True,12,1,wurtz_lykov_3reg_p1,0.1,59.0,11,20,8.12403840463596,6.0,59.0,0.0,False,6,0,2.1937410968480306,0.2861410762618047,59.0,0.0,0,0.0,False,0.0,59.0
ER_n50_g11,ER,50,QAOA-NB,32,0,0,101132,False,12,1,wurtz_lykov_3reg_p1,0.1,59.0,11,20,0.0,0.0,59.0,0.0,False,6,0,1.0,0.28924152582051704,59.0,0.0,0,0.0,False,0.0,59.0
ER_n50_g11,ER,50,QAOA-BF,32,1,1,101133,True,12,1,wurtz_lykov_3reg_p1,0.1,59.0,12,8,4.0,3.0,60.0,1.0,True,6,0,1.2833778958394957,0.2779323746380898,59.0,0.0,0,0.0,False,0.0,59.0
ER_n50_g11,ER,50,QAOA-NB,32,1,1,101133,False,12,1,wurtz_lykov_3reg_p1,0.1,59.0,12,8,0.0,0.0,60.0,1.0,True,6,0,1.0,0.2525146077214736,59.0,0.0,0,0.0,False,0.0,59.0
ER_n50_g11,ER,50,QAOA-BF,32,2,2,101134,True,12,1,wurtz_lykov_3reg_p1,0.1,59.0,12,8,4.69041575982343,4.0,60.0,1.0,True,6,2,1.4577379737113252,0.2583040932771491,60.0,1.0,2,0.0625,True,1.0,60.0
ER_n50_g11,ER,50,QAOA-NB,32,2,2,101134,False,12,1,wurtz_lykov_3reg_p1,0.1,59.0,12,8,0.0,0.0,60.0,1.0,True,6,2,1.0,0.27208123621871844,59.0,0.0,0,0.0,False,0.0,59.0
ER_n50_g11,ER,50,QAOA-BF,32,3,3,101135,True,12,1,wurtz_lykov_3reg_p1,0.1,59.0,15,19,7.14142842854285,4.0,59.0,0.0,False,6,0,1.7320508075688772,0.3702375798046937,59.0,0.0,0,0.0,False,0.0,59.0
ER_n50_g11,ER,50,QAOA-NB,32,3,3,101135,False,12,1,wurtz_lykov_3reg_p1,0.1,59.0,15,19,0.0,0.0,59.0,0.0,False,6,0,1.0,0.23758857242665074,59.0,0.0,0,0.0,False,0.0,59.0
ER_n50_g11,ER,50,QAOA-BF,32,4,4,101136,True,12,1,wurtz_lykov_3reg_p1,0.1,59.0,13,9,3.0,2.0,59.0,0.0,False,6,0,1.0760551736979407,0.3019355176774648,59.0,0.0,0,0.0,False,0.0,59.0
ER_n50_g11,ER,50,QAOA-NB,32,4,4,101136,False,12,1,wurtz_lykov_3reg_p1,0.1,59.0,13,9,0.0,0.0,59.0,0.0,False,6,0,1.0,0.1480220643319451,59.0,0.0,0,0.0,False,0.0,59.0
ER_n50_g11,ER,50,QAOA-BF,32,5,5,101137,True,12,1,wurtz_lykov_3reg_p1,0.1,59.0,12,13,7.14142842854285,6.0,60.0,1.0,True,6,2,1.9250668437592438,0.2326690453874865,59.0,0.0,0,0.0,False,0.0,59.0
ER_n50_g11,ER,50,QAOA-NB,32,5,5,101137,False,12,1,wurtz_lykov_3reg_p1,0.1,59.0,12,13,0.0,0.0,60.0,1.0,True,6,2,1.0,0.2525146077214735,59.0,0.0,0,0.0,False,0.0,59.0
ER_n50_g11,ER,50,QAOA-BF,32,6,6,101138,True,12,1,wurtz_lykov_3reg_p1,0.1,59.0,15,18,6.782329983125268,5.0,59.0,0.0,False,6,0,1.7043362064926932,0.3761622446272885,59.0,0.0,0,0.0,False,0.0,59.0
ER_n50_g11,ER,50,QAOA-NB,32,6,6,101138,False,12,1,wurtz_lykov_3reg_p1,0.1,59.0,15,18,0.0,0.0,59.0,0.0,False,6,0,1.0,0.4153452468361318,59.0,0.0,0,0.0,False,0.0,59.0
ER_n50_g11,ER,50,QAOA-BF,32,7,7,101139,True,12,1,wurtz_lykov_3reg_p1,0.1,59.0,10,10,5.477225575051661,5.0,60.0,1.0,True,6,0,1.7541160386140584,0.23763366524954202,60.0,1.0,1,0.03125,True,1.0,60.0
ER_n50_g11,ER,50,QAOA-NB,32,7,7,101139,False,12,1,wurtz_lykov_3reg_p1,0.1,59.0,10,10,0.0,0.0,60.0,1.0,True,6,0,1.0,0.28499496425789056,59.0,0.0,0,0.0,False,0.0,59.0
ER_n50_g11,ER,50,QAOA-BF,128,0,0,101228,True,12,1,wurtz_lykov_3reg_p1,0.1,59.0,12,8,4.69041575982343,4.0,60.0,1.0,True,6,4,1.4577379737113252,0.2583040932771491,60.0,1.0,1,0.0078125,True,1.0,60.0
ER_n50_g11,ER,50,QAOA-NB,128,0,0,101228,False,12,1,wurtz_lykov_3reg_p1,0.1,59.0,12,8,0.0,0.0,60.0,1.0,True,6,4,1.0,0.2720812362187183,60.0,1.0,2,0.015625,True,1.0,60.0
ER_n50_g11,ER,50,QAOA-BF,128,1,1,101229,True,12,1,wurtz_lykov_3reg_p1,0.1,59.0,12,8,4.69041575982343,4.0,60.0,1.0,True,6,4,1.4577379737113252,0.2583040932771491,60.0,1.0,1,0.0078125,True,1.0,60.0
ER_n50_g11,ER,50,QAOA-NB,128,1,1,101229,False,12,1,wurtz_lykov_3reg_p1,0.1,59.0,12,8,0.0,0.0,60.0,1.0,True,6,4,1.0,0.2720812362187183,60.0,1.0,1,0.0078125,True,1.0,60.0
ER_n50_g11,ER,50,QAOA-BF,128,2,2,101230,True,12,1,wurtz_lykov_3reg_p1,0.1,59.0,13,19,8.06225774829855,6.0,59.0,0.0,False,6,0,1.9748417658131499,0.3189057527238274,59.0,0.0,0,0.0,False,0.0,59.0
ER_n50_g11,ER,50,QAOA-NB,128,2,2,101230,False,12,1,wurtz_lykov_3reg_p1,0.1,59.0,13,19,0.0,0.0,59.0,0.0,False,6,0,1.0,0.2980995126358114,59.0,0.0,0,0.0,False,0.0,59.0
ER_n50_g11,ER,50,QAOA-BF,128,3,3,101231,True,12,1,wurtz_lykov_3reg_p1,0.1,59.0,14,22,6.6332495807108,5.0,59.0,0.0,False,6,0,1.5879984667608413,0.3783463357291153,59.0,0.0,0,0.0,False,0.0,59.0
ER_n50_g11,ER,50,QAOA-NB,128,3,3,101231,False,12,1,wurtz_lykov_3reg_p1,0.1,59.0,14,22,0.0,0.0,59.0,0.0,False,6,0,1.0,0.33208306597128423,59.0,0.0,0,0.0,False,0.0,59.0
ER_n50_g11,ER,50,QAOA-BF,128,4,4,101232,True,12,1,wurtz_lykov_3reg_p1,0.1,59.0,15,23,7.14142842854285,5.0,59.0,0.0,False,6,0,1.7320508075688772,0.4359847160845077,59.0,0.0,0,0.0,False,0.0,59.0
ER_n50_g11,ER,50,QAOA-NB,128,4,4,101232,False,12,1,wurtz_lykov_3reg_p1,0.1,59.0,15,23,0.0,0.0,59.0,0.0,False,6,0,1.0,0.41412998504318865,59.0,0.0,0,0.0,False,0.0,59.0
ER_n50_g11,ER,50,QAOA-BF,128,5,5,101233,True,12,1,wurtz_lykov_3reg_p1,0.1,59.0,13,19,7.416198487095663,3.0,59.0,0.0,False,6,0,1.8439088914585775,0.4102185526055259,59.0,0.0,0,0.0,False,0.0,59.0
ER_n50_g11,ER,50,QAOA-NB,128,5,5,101233,False,12,1,wurtz_lykov_3reg_p1,0.1,59.0,13,19,0.0,0.0,59.0,0.0,False,6,0,1.0,0.37425827857384897,59.0,0.0,0,0.0,False,0.0,59.0
ER_n50_g11,ER,50,QAOA-BF,128,6,6,101234,True,12,1,wurtz_lykov_3reg_p1,0.1,59.0,12,8,4.69041575982343,4.0,60.0,1.0,True,6,3,1.4577379737113252,0.2583040932771489,60.0,1.0,1,0.0078125,True,1.0,60.0
ER_n50_g11,ER,50,QAOA-NB,128,6,6,101234,False,12,1,wurtz_lykov_3reg_p1,0.1,59.0,12,8,0.0,0.0,60.0,1.0,True,6,3,1.0,0.27208123621871844,60.0,1.0,3,0.0234375,True,1.0,60.0
ER_n50_g11,ER,50,QAOA-BF,128,7,7,101235,True,12,1,wurtz_lykov_3reg_p1,0.1,59.0,14,16,7.0710678118654755,4.0,59.0,0.0,False,6,0,1.7888543819998317,0.2568209675481871,59.0,0.0,0,0.0,False,0.0,59.0
ER_n50_g11,ER,50,QAOA-NB,128,7,7,101235,False,12,1,wurtz_lykov_3reg_p1,0.1,59.0,14,16,0.0,0.0,59.0,0.0,False,6,0,1.0,0.15487876765222888,59.0,0.0,0,0.0,False,0.0,59.0
ER_n50_g11,ER,50,QAOA-BF,512,0,0,101612,True,12,1,wurtz_lykov_3reg_p1,0.1,59.0,12,9,4.358898943540674,4.0,60.0,1.0,True,6,0,1.3919410907075054,0.2426827523510877,60.0,1.0,3,0.005859375,True,1.0,60.0
ER_n50_g11,ER,50,QAOA-NB,512,0,0,101612,False,12,1,wurtz_lykov_3reg_p1,0.1,59.0,12,9,0.0,0.0,60.0,1.0,True,6,0,1.0,0.27336668757074944,60.0,1.0,4,0.0078125,True,1.0,60.0
ER_n50_g11,ER,50,QAOA-BF,512,1,1,101613,True,12,1,wurtz_lykov_3reg_p1,0.1,59.0,13,9,4.58257569495584,3.0,60.0,1.0,True,6,0,1.3743685418725535,0.27574361594365426,60.0,1.0,2,0.00390625,True,1.0,60.0
ER_n50_g11,ER,50,QAOA-NB,512,1,1,101613,False,12,1,wurtz_lykov_3reg_p1,0.1,59.0,13,9,0.0,0.0,60.0,1.0,True,6,0,1.0,0.29384211170705715,60.0,1.0,4,0.0078125,True,1.0,60.0
ER_n50_g11,ER,50,QAOA-BF,512,2,2,101614,True,12,1,wurtz_lykov_3reg_p1,0.1,59.0,12,9,4.358898943540674,4.0,60.0,1.0,True,6,2,1.3919410907075054,0.2426827523510877,60.0,1.0,4,0.0078125,True,1.0,60.0
ER_n50_g11,ER,50,QAOA-NB,512,2,2,101614,False,12,1,wurtz_lykov_3reg_p1,0.1,59.0,12,9,0.0,0.0,60.0,1.0,True,6,2,1.0,0.27336668757074944,60.0,1.0,1,0.001953125,True,1.0,60.0
ER_n50_g11,ER,50,QAOA-BF,512,3,3,101615,True,12,1,wurtz_lykov_3reg_p1,0.1,59.0,12,16,7.3484692283495345,5.0,59.0,0.0,False,6,0,1.8637822325921867,0.2692479864369758,59.0,0.0,0,0.0,False,0.0,59.0
ER_n50_g11,ER,50,QAOA-NB,512,3,3,101615,False,12,1,wurtz_lykov_3reg_p1,0.1,59.0,12,16,0.0,0.0,59.0,0.0,False,6,0,1.0,0.20774261883254697,59.0,0.0,0,0.0,False,0.0,59.0
ER_n50_g11,ER,50,QAOA-BF,512,4,4,101616,True,12,1,wurtz_lykov_3reg_p1,0.1,59.0,12,8,4.69041575982343,4.0,60.0,1.0,True,6,3,1.4577379737113252,0.2583040932771489,60.0,1.0,2,0.00390625,True,1.0,60.0
ER_n50_g11,ER,50,QAOA-NB,512,4,4,101616,False,12,1,wurtz_lykov_3reg_p1,0.1,59.0,12,8,0.0,0.0,60.0,1.0,True,6,3,1.0,0.27208123621871844,60.0,1.0,4,0.0078125,True,1.0,60.0
ER_n50_g11,ER,50,QAOA-BF,512,5,5,101617,True,12,1,wurtz_lykov_3reg_p1,0.1,59.0,8,9,5.196152422706632,5.0,60.0,1.0,True,6,1,1.7837651700316894,0.16856351387745114,60.0,1.0,2,0.00390625,True,1.0,60.0
ER_n50_g11,ER,50,QAOA-NB,512,5,5,101617,False,12,1,wurtz_lykov_3reg_p1,0.1,59.0,8,9,0.0,0.0,60.0,1.0,True,6,1,1.0,0.2078650432033303,60.0,1.0,2,0.00390625,True,1.0,60.0
ER_n50_g11,ER,50,QAOA-BF,512,6,6,101618,True,12,1,wurtz_lykov_3reg_p1,0.1,59.0,14,19,7.280109889280518,4.0,59.0,0.0,False,6,0,1.877848713148555,0.26209162888134796,59.0,0.0,0,0.0,False,0.0,59.0
ER_n50_g11,ER,50,QAOA-NB,512,6,6,101618,False,12,1,wurtz_lykov_3reg_p1,0.1,59.0,14,19,0.0,0.0,59.0,0.0,False,6,0,1.0,0.2446330724480125,59.0,0.0,0,0.0,False,0.0,59.0
ER_n50_g11,ER,50,QAOA-BF,512,7,7,101619,True,12,1,wurtz_lykov_3reg_p1,0.1,59.0,13,9,4.58257569495584,3.0,60.0,1.0,True,6,5,1.3743685418725535,0.27574361594365426,60.0,1.0,3,0.005859375,True,1.0,60.0
ER_n50_g11,ER,50,QAOA-NB,512,7,7,101619,False,12,1,wurtz_lykov_3reg_p1,0.1,59.0,13,9,0.0,0.0,60.0,1.0,True,6,5,1.0,0.29384211170705715,60.0,1.0,2,0.00390625,True,1.0,60.0
ER_n50_g11,ER,50,QAOA-BF,2048,0,0,103148,True,12,1,wurtz_lykov_3reg_p1,0.1,59.0,12,13,7.14142842854285,6.0,60.0,1.0,True,6,2,1.9250668437592438,0.2326690453874865,60.0,1.0,9,0.00439453125,True,1.0,60.0
ER_n50_g11,ER,50,QAOA-NB,2048,0,0,103148,False,12,1,wurtz_lykov_3reg_p1,0.1,59.0,12,13,0.0,0.0,60.0,1.0,True,6,2,1.0,0.2525146077214736,60.0,1.0,11,0.00537109375,True,1.0,60.0
ER_n50_g11,ER,50,QAOA-BF,2048,1,1,103149,True,12,1,wurtz_lykov_3reg_p1,0.1,59.0,12,9,4.358898943540674,4.0,60.0,1.0,True,6,1,1.3919410907075054,0.2426827523510877,60.0,1.0,13,0.00634765625,True,1.0,60.0
ER_n50_g11,ER,50,QAOA-NB,2048,1,1,103149,False,12,1,wurtz_lykov_3reg_p1,0.1,59.0,12,9,0.0,0.0,60.0,1.0,True,6,1,1.0,0.27336668757074944,60.0,1.0,11,0.00537109375,True,1.0,60.0
ER_n50_g11,ER,50,QAOA-BF,2048,2,2,103150,True,12,1,wurtz_lykov_3reg_p1,0.1,59.0,15,20,7.0710678118654755,4.0,59.0,0.0,False,6,0,1.681096950363583,0.5150161106347819,59.0,0.0,0,0.0,False,0.0,59.0
ER_n50_g11,ER,50,QAOA-NB,2048,2,2,103150,False,12,1,wurtz_lykov_3reg_p1,0.1,59.0,15,20,0.0,0.0,59.0,0.0,False,6,0,1.0,0.2725792909136762,59.0,0.0,0,0.0,False,0.0,59.0
ER_n50_g11,ER,50,QAOA-BF,2048,3,3,103151,True,12,1,wurtz_lykov_3reg_p1,0.1,59.0,13,11,4.795831523312719,3.0,60.0,1.0,True,6,4,1.4552137502179978,0.2713633305499935,60.0,1.0,23,0.01123046875,True,1.0,60.0
ER_n50_g11,ER,50,QAOA-NB,2048,3,3,103151,False,12,1,wurtz_lykov_3reg_p1,0.1,59.0,13,11,0.0,0.0,60.0,1.0,True,6,4,1.0,0.2925347315271671,60.0,1.0,8,0.00390625,True,1.0,60.0
ER_n50_g11,ER,50,QAOA-BF,2048,4,4,103152,True,12,1,wurtz_lykov_3reg_p1,0.1,59.0,13,21,5.744562646538029,4.0,59.0,0.0,False,6,0,1.6449566416599486,0.3660877462787021,59.0,0.0,0,0.0,False,0.0,59.0
ER_n50_g11,ER,50,QAOA-NB,2048,4,4,103152,False,12,1,wurtz_lykov_3reg_p1,0.1,59.0,13,21,0.0,0.0,59.0,0.0,False,6,0,1.0,0.4044887594086091,59.0,0.0,0,0.0,False,0.0,59.0
ER_n50_g11,ER,50,QAOA-BF,2048,5,5,103153,True,12,1,wurtz_lykov_3reg_p1,0.1,59.0,13,16,4.69041575982343,3.0,59.0,0.0,False,6,0,1.2909944487358056,0.26393182523947106,59.0,0.0,0,0.0,False,0.0,59.0
ER_n50_g11,ER,50,QAOA-NB,2048,5,5,103153,False,12,1,wurtz_lykov_3reg_p1,0.1,59.0,13,16,0.0,0.0,59.0,0.0,False,6,0,1.0,0.1840125792911087,59.0,0.0,0,0.0,False,0.0,59.0
ER_n50_g11,ER,50,QAOA-BF,2048,6,6,103154,True,12,1,wurtz_lykov_3reg_p1,0.1,59.0,13,21,8.18535277187245,6.0,59.0,0.0,False,6,0,2.051956704170308,0.2760757600300182,59.0,0.0,0,0.0,False,0.0,59.0
ER_n50_g11,ER,50,QAOA-NB,2048,6,6,103154,False,12,1,wurtz_lykov_3reg_p1,0.1,59.0,13,21,0.0,0.0,59.0,0.0,False,6,0,1.0,0.16584576004413665,59.0,0.0,0,0.0,False,0.0,59.0
ER_n50_g11,ER,50,QAOA-BF,2048,7,7,103155,True,12,1,wurtz_lykov_3reg_p1,0.1,59.0,14,22,7.483314773547883,4.0,59.0,0.0,False,6,0,1.8257418583505538,0.3381272186272885,59.0,0.0,0,0.0,False,0.0,59.0
ER_n50_g11,ER,50,QAOA-NB,2048,7,7,103155,False,12,1,wurtz_lykov_3reg_p1,0.1,59.0,14,22,0.0,0.0,59.0,0.0,False,6,0,1.0,0.2038660232831449,59.0,0.0,0,0.0,False,0.0,59.0
ER_n50_g12,ER,50,LS-only,,,,,,,,,,60.0,,,,,,,,,,,,,,,,,,60.0
ER_n50_g12,ER,50,QAOA-BF,32,0,0,101232,True,12,1,wurtz_lykov_3reg_p1,0.1,60.0,13,19,4.358898943540674,3.0,62.0,2.0,True,6,3,1.3333333333333333,0.25380404868780776,60.0,0.0,0,0.0,False,0.0,60.0
ER_n50_g12,ER,50,QAOA-NB,32,0,0,101232,False,12,1,wurtz_lykov_3reg_p1,0.1,60.0,13,19,0.0,0.0,62.0,2.0,True,6,3,1.0,0.18250453909965803,60.0,0.0,0,0.0,False,0.0,60.0
ER_n50_g12,ER,50,QAOA-BF,32,1,1,101233,True,12,1,wurtz_lykov_3reg_p1,0.1,60.0,11,10,3.1622776601683795,2.0,62.0,2.0,True,6,3,1.1832159566199232,0.27696732584176775,60.0,0.0,0,0.0,False,0.0,60.0
ER_n50_g12,ER,50,QAOA-NB,32,1,1,101233,False,12,1,wurtz_lykov_3reg_p1,0.1,60.0,11,10,0.0,0.0,62.0,2.0,True,6,3,1.0,0.26696582486858655,60.0,0.0,0,0.0,False,0.0,60.0
ER_n50_g12,ER,50,QAOA-BF,32,2,2,101234,True,12,1,wurtz_lykov_3reg_p1,0.1,60.0,15,19,5.5677643628300215,3.0,62.0,2.0,True,6,1,1.4800257398019099,0.2492587706579278,61.0,1.0,1,0.03125,True,1.0,61.0
ER_n50_g12,ER,50,QAOA-NB,32,2,2,101234,False,12,1,wurtz_lykov_3reg_p1,0.1,60.0,15,19,0.0,0.0,62.0,2.0,True,6,1,1.0,0.10053840978023408,60.0,0.0,0,0.0,False,0.0,60.0
ER_n50_g12,ER,50,QAOA-BF,32,3,3,101235,True,12,1,wurtz_lykov_3reg_p1,0.1,60.0,15,19,4.358898943540674,2.0,62.0,2.0,True,6,4,1.243163121016122,0.33115880072837667,60.0,0.0,0,0.0,False,0.0,60.0
ER_n50_g12,ER,50,QAOA-NB,32,3,3,101235,False,12,1,wurtz_lykov_3reg_p1,0.1,60.0,15,19,0.0,0.0,62.0,2.0,True,6,4,1.0,0.28492851043691736,60.0,0.0,0,0.0,False,0.0,60.0
ER_n50_g12,ER,50,QAOA-BF,32,4,4,101236,True,12,1,wurtz_lykov_3reg_p1,0.1,60.0,17,14,3.7416573867739413,2.0,62.0,2.0,True,6,2,1.1135528725660044,0.31255940764821205,60.0,0.0,0,0.0,False,0.0,60.0
ER_n50_g12,ER,50,QAOA-NB,32,4,4,101236,False,12,1,wurtz_lykov_3reg_p1,0.1,60.0,17,14,0.0,0.0,62.0,2.0,True,6,2,1.0,0.17745619927247888,61.0,1.0,1,0.03125,True,1.0,61.0
ER_n50_g12,ER,50,QAOA-BF,32,5,5,101237,True,12,1,wurtz_lykov_3reg_p1,0.1,60.0,14,20,3.1622776601683795,2.0,61.0,1.0,True,6,0,1.1547005383792515,0.2823103543672231,60.0,0.0,0,0.0,False,0.0,60.0
ER_n50_g12,ER,50,QAOA-NB,32,5,5,101237,False,12,1,wurtz_lykov_3reg_p1,0.1,60.0,14,20,0.0,0.0,61.0,1.0,True,6,0,1.0,0.21866760047940056,60.0,0.0,0,0.0,False,0.0,60.0
ER_n50_g12,ER,50,QAOA-BF,32,6,6,101238,True,12,1,wurtz_lykov_3reg_p1,0.1,60.0,12,19,5.196152422706632,3.0,62.0,2.0,True,6,5,1.4327007988227578,0.28747651173541144,60.0,0.0,0,0.0,False,0.0,60.0
ER_n50_g12,ER,50,QAOA-NB,32,6,6,101238,False,12,1,wurtz_lykov_3reg_p1,0.1,60.0,12,19,0.0,0.0,62.0,2.0,True,6,5,1.0,0.19088525586286592,60.0,0.0,0,0.0,False,0.0,60.0
ER_n50_g12,ER,50,QAOA-BF,32,7,7,101239,True,12,1,wurtz_lykov_3reg_p1,0.1,60.0,15,22,4.898979485566356,3.0,61.0,1.0,True,6,0,1.2489995996796797,0.3495677212875093,60.0,0.0,0,0.0,False,0.0,60.0
ER_n50_g12,ER,50,QAOA-NB,32,7,7,101239,False,12,1,wurtz_lykov_3reg_p1,0.1,60.0,15,22,0.0,0.0,61.0,1.0,True,6,0,1.0,0.22021197286467226,60.0,0.0,0,0.0,False,0.0,60.0
ER_n50_g12,ER,50,QAOA-BF,128,0,0,101328,True,12,1,wurtz_lykov_3reg_p1,0.1,60.0,13,21,5.5677643628300215,3.0,63.0,3.0,True,6,4,1.4474937289114918,0.24253775474712921,60.0,0.0,0,0.0,False,0.0,60.0
ER_n50_g12,ER,50,QAOA-NB,128,0,0,101328,False,12,1,wurtz_lykov_3reg_p1,0.1,60.0,13,21,0.0,0.0,63.0,3.0,True,6,4,1.0,0.08217009391228701,60.0,0.0,0,0.0,False,0.0,60.0
ER_n50_g12,ER,50,QAOA-BF,128,1,1,101329,True,12,1,wurtz_lykov_3reg_p1,0.1,60.0,16,16,4.0,2.0,62.0,2.0,True,6,0,1.179535649239177,0.3343374626806181,60.0,0.0,0,0.0,False,0.0,60.0
ER_n50_g12,ER,50,QAOA-NB,128,1,1,101329,False,12,1,wurtz_lykov_3reg_p1,0.1,60.0,16,16,0.0,0.0,62.0,2.0,True,6,0,1.0,0.22311880302848636,61.0,1.0,2,0.015625,True,1.0,61.0
ER_n50_g12,ER,50,QAOA-BF,128,2,2,101330,True,12,1,wurtz_lykov_3reg_p1,0.1,60.0,12,19,5.196152422706632,3.0,62.0,2.0,True,6,2,1.4327007988227578,0.28747651173541144,60.0,0.0,0,0.0,False,0.0,60.0
ER_n50_g12,ER,50,QAOA-NB,128,2,2,101330,False,12,1,wurtz_lykov_3reg_p1,0.1,60.0,12,19,0.0,0.0,62.0,2.0,True,6,2,1.0,0.19088525586286575,60.0,0.0,0,0.0,False,0.0,60.0
ER_n50_g12,ER,50,QAOA-BF,128,3,3,101331,True,12,1,wurtz_lykov_3reg_p1,0.1,60.0,15,17,3.872983346207417,2.0,61.0,1.0,True,6,0,1.1952286093343936,0.3667778626395952,60.0,0.0,0,0.0,False,0.0,60.0
ER_n50_g12,ER,50,QAOA-NB,128,3,3,101331,False,12,1,wurtz_lykov_3reg_p1,0.1,60.0,15,17,0.0,0.0,61.0,1.0,True,6,0,1.0,0.22388896096476463,60.0,0.0,0,0.0,False,0.0,60.0
ER_n50_g12,ER,50,QAOA-BF,128,4,4,101332,True,12,1,wurtz_lykov_3reg_p1,0.1,60.0,16,16,4.0,2.0,62.0,2.0,True,6,0,1.179535649239177,0.3343374626806179,60.0,0.0,0,0.0,False,0.0,60.0
ER_n50_g12,ER,50,QAOA-NB,128,4,4,101332,False,12,1,wurtz_lykov_3reg_p1,0.1,60.0,16,16,0.0,0.0,62.0,2.0,True,6,0,1.0,0.22311880302848625,61.0,1.0,2,0.015625,True,1.0,61.0
ER_n50_g12,ER,50,QAOA-BF,128,5,5,101333,True,12,1,wurtz_lykov_3reg_p1,0.1,60.0,12,19,5.196152422706632,3.0,62.0,2.0,True,6,0,1.4327007988227578,0.28747651173541133,60.0,0.0,0,0.0,False,0.0,60.0
ER_n50_g12,ER,50,QAOA-NB,128,5,5,101333,False,12,1,wurtz_lykov_3reg_p1,0.1,60.0,12,19,0.0,0.0,62.0,2.0,True,6,0,1.0,0.19088525586286567,60.0,0.0,0,0.0,False,0.0,60.0
ER_n50_g12,ER,50,QAOA-BF,128,6,6,101334,True,12,1,wurtz_lykov_3reg_p1,0.1,60.0,15,20,4.898979485566356,3.0,61.0,1.0,True,6,2,1.3314380468978917,0.2898179111183247,61.0,1.0,1,0.0078125,True,1.0,61.0
ER_n50_g12,ER,50,QAOA-NB,128,6,6,101334,False,12,1,wurtz_lykov_3reg_p1,0.1,60.0,15,20,0.0,0.0,61.0,1.0,True,6,2,1.0,0.1835216003218873,60.0,0.0,0,0.0,False,0.0,60.0
ER_n50_g12,ER,50,QAOA-BF,128,7,7,101335,True,12,1,wurtz_lykov_3reg_p1,0.1,60.0,12,19,5.196152422706632,3.0,62.0,2.0,True,6,5,1.4327007988227578,0.28747651173541133,60.0,0.0,0,0.0,False,0.0,60.0
ER_n50_g12,ER,50,QAOA-NB,128,7,7,101335,False,12,1,wurtz_lykov_3reg_p1,0.1,60.0,12,19,0.0,0.0,62.0,2.0,True,6,5,1.0,0.19088525586286575,60.0,0.0,0,0.0,False,0.0,60.0
ER_n50_g12,ER,50,QAOA-BF,512,0,0,101712,True,12,1,wurtz_lykov_3reg_p1,0.1,60.0,12,19,5.196152422706632,3.0,62.0,2.0,True,6,3,1.4327007988227578,0.28747651173541144,61.0,1.0,1,0.001953125,True,1.0,61.0
ER_n50_g12,ER,50,QAOA-NB,512,0,0,101712,False,12,1,wurtz_lykov_3reg_p1,0.1,60.0,12,19,0.0,0.0,62.0,2.0,True,6,3,1.0,0.19088525586286587,60.0,0.0,0,0.0,False,0.0,60.0
ER_n50_g12,ER,50,QAOA-BF,512,1,1,101713,True,12,1,wurtz_lykov_3reg_p1,0.1,60.0,12,19,5.196152422706632,3.0,62.0,2.0,True,6,0,1.4327007988227578,0.28747651173541133,60.0,0.0,0,0.0,False,0.0,60.0
ER_n50_g12,ER,50,QAOA-NB,512,1,1,101713,False,12,1,wurtz_lykov_3reg_p1,0.1,60.0,12,19,0.0,0.0,62.0,2.0,True,6,0,1.0,0.19088525586286587,61.0,1.0,1,0.001953125,True,1.0,61.0
ER_n50_g12,ER,50,QAOA-BF,512,2,2,101714,True,12,1,wurtz_lykov_3reg_p1,0.1,60.0,15,18,4.242640687119285,2.0,62.0,2.0,True,6,3,1.2535663410560174,0.2682218671446157,60.0,0.0,0,0.0,False,0.0,60.0
ER_n50_g12,ER,50,QAOA-NB,512,2,2,101714,False,12,1,wurtz_lykov_3reg_p1,0.1,60.0,15,18,0.0,0.0,62.0,2.0,True,6,3,1.0,0.18298455719765855,61.0,1.0,1,0.001953125,True,1.0,61.0
ER_n50_g12,ER,50,QAOA-BF,512,3,3,101715,True,12,1,wurtz_lykov_3reg_p1,0.1,60.0,14,17,5.916079783099616,4.0,61.0,1.0,True,6,1,1.5652475842498528,0.27785629892372504,61.0,1.0,7,0.013671875,True,1.0,61.0
ER_n50_g12,ER,50,QAOA-NB,512,3,3,101715,False,12,1,wurtz_lykov_3reg_p1,0.1,60.0,14,17,0.0,0.0,61.0,1.0,True,6,1,1.0,0.10324261805238172,60.0,0.0,0,0.0,False,0.0,60.0
ER_n50_g12,ER,50,QAOA-BF,512,4,4,101716,True,12,1,wurtz_lykov_3reg_p1,0.1,60.0,12,26,4.47213595499958,3.0,61.0,1.0,True,6,1,1.3333333333333333,0.31501456628154845,61.0,1.0,2,0.00390625,True,1.0,61.0
ER_n50_g12,ER,50,QAOA-NB,512,4,4,101716,False,12,1,wurtz_lykov_3reg_p1,0.1,60.0,12,26,0.0,0.0,61.0,1.0,True,6,1,1.0,0.19258222895701071,61.0,1.0,2,0.00390625,True,1.0,61.0
ER_n50_g12,ER,50,QAOA-BF,512,5,5,101717,True,12,1,wurtz_lykov_3reg_p1,0.1,60.0,12,7,2.6457513110645907,2.0,61.0,1.0,True,6,1,1.0897247358851685,0.30694140236796813,60.0,0.0,0,0.0,False,0.0,60.0
ER_n50_g12,ER,50,QAOA-NB,512,5,5,101717,False,12,1,wurtz_lykov_3reg_p1,0.1,60.0,12,7,0.0,0.0,61.0,1.0,True,6,1,1.0,0.33536541727971164,60.0,0.0,0,0.0,False,0.0,60.0
ER_n50_g12,ER,50,QAOA-BF,512,6,6,101718,True,12,1,wurtz_lykov_3reg_p1,0.1,60.0,13,23,3.872983346207417,3.0,61.0,1.0,True,6,3,1.2833778958394957,0.25580046703078024,61.0,1.0,1,0.001953125,True,1.0,61.0
ER_n50_g12,ER,50,QAOA-NB,512,6,6,101718,False,12,1,wurtz_lykov_3reg_p1,0.1,60.0,13,23,0.0,0.0,61.0,1.0,True,6,3,1.0,0.1824141012666255,60.0,0.0,0,0.0,False,0.0,60.0
ER_n50_g12,ER,50,QAOA-BF,512,7,7,101719,True,12,1,wurtz_lykov_3reg_p1,0.1,60.0,16,17,5.744562646538029,4.0,62.0,2.0,True,6,2,1.4924050144892729,0.36570002311074046,60.0,0.0,0,0.0,False,0.0,60.0
ER_n50_g12,ER,50,QAOA-NB,512,7,7,101719,False,12,1,wurtz_lykov_3reg_p1,0.1,60.0,16,17,0.0,0.0,62.0,2.0,True,6,2,1.0,0.2224150404873084,60.0,0.0,0,0.0,False,0.0,60.0
ER_n50_g12,ER,50,QAOA-BF,2048,0,0,103248,True,12,1,wurtz_lykov_3reg_p1,0.1,60.0,14,23,5.744562646538029,4.0,62.0,2.0,True,6,4,1.4960264830861913,0.3045008587889115,61.0,1.0,6,0.0029296875,True,1.0,61.0
ER_n50_g12,ER,50,QAOA-NB,2048,0,0,103248,False,12,1,wurtz_lykov_3reg_p1,0.1,60.0,14,23,0.0,0.0,62.0,2.0,True,6,4,1.0,0.23009861251284422,62.0,2.0,3,0.00146484375,True,2.0,62.0
ER_n50_g12,ER,50,QAOA-BF,2048,1,1,103249,True,12,1,wurtz_lykov_3reg_p1,0.1,60.0,15,20,4.0,2.0,61.0,1.0,True,6,0,1.1870513506545997,0.31570801603919146,61.0,1.0,15,0.00732421875,True,1.0,61.0
ER_n50_g12,ER,50,QAOA-NB,2048,1,1,103249,False,12,1,wurtz_lykov_3reg_p1,0.1,60.0,15,20,0.0,0.0,61.0,1.0,True,6,0,1.0,0.16656248546545616,61.0,1.0,8,0.00390625,True,1.0,61.0
ER_n50_g12,ER,50,QAOA-BF,2048,2,2,103250,True,12,1,wurtz_lykov_3reg_p1,0.1,60.0,15,22,5.291502622129181,3.0,62.0,2.0,True,6,1,1.3673204516101207,0.2909263779411893,62.0,2.0,7,0.00341796875,True,2.0,62.0
ER_n50_g12,ER,50,QAOA-NB,2048,2,2,103250,False,12,1,wurtz_lykov_3reg_p1,0.1,60.0,15,22,0.0,0.0,62.0,2.0,True,6,1,1.0,0.12084193767082511,62.0,2.0,4,0.001953125,True,2.0,62.0
ER_n50_g12,ER,50,QAOA-BF,2048,3,3,103251,True,12,1,wurtz_lykov_3reg_p1,0.1,60.0,12,19,5.196152422706632,3.0,62.0,2.0,True,6,0,1.4327007988227578,0.28747651173541144,61.0,1.0,3,0.00146484375,True,1.0,61.0
ER_n50_g12,ER,50,QAOA-NB,2048,3,3,103251,False,12,1,wurtz_lykov_3reg_p1,0.1,60.0,12,19,0.0,0.0,62.0,2.0,True,6,0,1.0,0.19088525586286575,62.0,2.0,2,0.0009765625,True,2.0,62.0
ER_n50_g12,ER,50,QAOA-BF,2048,4,4,103252,True,12,1,wurtz_lykov_3reg_p1,0.1,60.0,15,25,6.082762530298219,4.0,62.0,2.0,True,6,5,1.5735915849388864,0.26157124706160134,62.0,2.0,15,0.00732421875,True,2.0,62.0
ER_n50_g12,ER,50,QAOA-NB,2048,4,4,103252,False,12,1,wurtz_lykov_3reg_p1,0.1,60.0,15,25,0.0,0.0,62.0,2.0,True,6,5,1.0,0.15609450064285765,62.0,2.0,7,0.00341796875,True,2.0,62.0
ER_n50_g12,ER,50,QAOA-BF,2048,5,5,103253,True,12,1,wurtz_lykov_3reg_p1,0.1,60.0,16,25,5.744562646538029,3.0,61.0,1.0,True,6,1,1.4288690166235205,0.3747983423644925,60.0,0.0,0,0.0,False,0.0,60.0
ER_n50_g12,ER,50,QAOA-NB,2048,5,5,103253,False,12,1,wurtz_lykov_3reg_p1,0.1,60.0,16,25,0.0,0.0,61.0,1.0,True,6,1,1.0,0.17238294755802297,60.0,0.0,0,0.0,False,0.0,60.0
ER_n50_g12,ER,50,QAOA-BF,2048,6,6,103254,True,12,1,wurtz_lykov_3reg_p1,0.1,60.0,14,19,4.795831523312719,3.0,62.0,2.0,True,6,0,1.3601470508735443,0.23796900653833525,62.0,2.0,4,0.001953125,True,2.0,62.0
ER_n50_g12,ER,50,QAOA-NB,2048,6,6,103254,False,12,1,wurtz_lykov_3reg_p1,0.1,60.0,14,19,0.0,0.0,62.0,2.0,True,6,0,1.0,0.09704272072310703,62.0,2.0,5,0.00244140625,True,2.0,62.0
ER_n50_g12,ER,50,QAOA-BF,2048,7,7,103255,True,12,1,wurtz_lykov_3reg_p1,0.1,60.0,13,13,3.872983346207417,3.0,61.0,1.0,True,6,3,1.1832159566199232,0.28738753326794236,61.0,1.0,1,0.00048828125,True,1.0,61.0
ER_n50_g12,ER,50,QAOA-NB,2048,7,7,103255,False,12,1,wurtz_lykov_3reg_p1,0.1,60.0,13,13,0.0,0.0,61.0,1.0,True,6,3,1.0,0.19602813224932486,60.0,0.0,0,0.0,False,0.0,60.0
ER_n50_g13,ER,50,LS-only,,,,,,,,,,57.0,,,,,,,,,,,,,,,,,,57.0
ER_n50_g13,ER,50,QAOA-BF,32,0,0,101332,True,12,1,wurtz_lykov_3reg_p1,0.1,57.0,11,26,5.656854249492381,3.0,58.0,1.0,True,6,0,1.466287829861518,0.32606664392378165,57.0,0.0,0,0.0,False,0.0,57.0
ER_n50_g13,ER,50,QAOA-NB,32,0,0,101332,False,12,1,wurtz_lykov_3reg_p1,0.1,57.0,11,26,0.0,0.0,58.0,1.0,True,6,0,1.0,0.17604402706718547,57.0,0.0,0,0.0,False,0.0,57.0
ER_n50_g13,ER,50,QAOA-BF,32,1,1,101333,True,12,1,wurtz_lykov_3reg_p1,0.1,57.0,15,13,3.872983346207417,3.0,59.0,2.0,True,6,2,1.1677484162422844,0.2595912251476348,58.0,1.0,3,0.09375,True,1.0,58.0
ER_n50_g13,ER,50,QAOA-NB,32,1,1,101333,False,12,1,wurtz_lykov_3reg_p1,0.1,57.0,15,13,0.0,0.0,59.0,2.0,True,6,2,1.0,0.20226771012781772,58.0,1.0,1,0.03125,True,1.0,58.0
ER_n50_g13,ER,50,QAOA-BF,32,2,2,101334,True,12,1,wurtz_lykov_3reg_p1,0.1,57.0,18,15,4.58257569495584,2.0,59.0,2.0,True,6,3,1.2747548783981961,0.2515444604249194,57.0,0.0,0,0.0,False,0.0,57.0
ER_n50_g13,ER,50,QAOA-NB,32,2,2,101334,False,12,1,wurtz_lykov_3reg_p1,0.1,57.0,18,15,0.0,0.0,59.0,2.0,True,6,3,1.0,0.13418844571006927,58.0,1.0,3,0.09375,True,1.0,58.0
ER_n50_g13,ER,50,QAOA-BF,32,3,3,101335,True,12,1,wurtz_lykov_3reg_p1,0.1,57.0,15,19,6.082762530298219,4.0,59.0,2.0,True,6,1,1.5036188231122245,0.24042499187128838,57.0,0.0,0,0.0,False,0.0,57.0
ER_n50_g13,ER,50,QAOA-NB,32,3,3,101335,False,12,1,wurtz_lykov_3reg_p1,0.1,57.0,15,19,0.0,0.0,59.0,2.0,True,6,1,1.0,0.13416419378000102,57.0,0.0,0,0.0,False,0.0,57.0
ER_n50_g13,ER,50,QAOA-BF,32,4,4,101336,True,12,1,wurtz_lykov_3reg_p1,0.1,57.0,15,18,5.291502622129181,3.0,59.0,2.0,True,6,5,1.4309504001254019,0.2453620349967888,57.0,0.0,0,0.0,False,0.0,57.0
ER_n50_g13,ER,50,QAOA-NB,32,4,4,101336,False,12,1,wurtz_lykov_3reg_p1,0.1,57.0,15,18,0.0,0.0,59.0,2.0,True,6,5,1.0,0.1597989440833804,57.0,0.0,0,0.0,False,0.0,57.0
ER_n50_g13,ER,50,QAOA-BF,32,5,5,101337,True,12,1,wurtz_lykov_3reg_p1,0.1,57.0,16,18,4.47213595499958,3.0,59.0,2.0,True,6,3,1.2792042981336627,0.2976181050827571,58.0,1.0,3,0.09375,True,1.0,58.0
ER_n50_g13,ER,50,QAOA-NB,32,5,5,101337,False,12,1,wurtz_lykov_3reg_p1,0.1,57.0,16,18,0.0,0.0,59.0,2.0,True,6,3,1.0,0.23547003952554274,58.0,1.0,2,0.0625,True,1.0,58.0
ER_n50_g13,ER,50,QAOA-BF,32,6,6,101338,True,12,1,wurtz_lykov_3reg_p1,0.1,57.0,16,24,7.745966692414834,5.0,58.0,1.0,True,6,0,1.8177865182927715,0.263515231351092,58.0,1.0,2,0.0625,True,1.0,58.0
ER_n50_g13,ER,50,QAOA-NB,32,6,6,101338,False,12,1,wurtz_lykov_3reg_p1,0.1,57.0,16,24,0.0,0.0,58.0,1.0,True,6,0,1.0,0.10104860658727809,57.0,0.0,0,0.0,False,0.0,57.0
ER_n50_g13,ER,50,QAOA-BF,32,7,7,101339,True,12,1,wurtz_lykov_3reg_p1,0.1,57.0,17,16,5.291502622129181,3.0,58.0,1.0,True,6,0,1.3987572123604706,0.2494183575408381,57.0,0.0,0,0.0,False,0.0,57.0
ER_n50_g13,ER,50,QAOA-NB,32,7,7,101339,False,12,1,wurtz_lykov_3reg_p1,0.1,57.0,17,16,0.0,0.0,58.0,1.0,True,6,0,1.0,0.3084339613787313,57.0,0.0,0,0.0,False,0.0,57.0
ER_n50_g13,ER,50,QAOA-BF,128,0,0,101428,True,12,1,wurtz_lykov_3reg_p1,0.1,57.0,12,18,5.830951894845301,4.0,58.0,1.0,True,6,0,1.5559732104309982,0.3339551536084222,57.0,0.0,0,0.0,False,0.0,57.0
ER_n50_g13,ER,50,QAOA-NB,128,0,0,101428,False,12,1,wurtz_lykov_3reg_p1,0.1,57.0,12,18,0.0,0.0,58.0,1.0,True,6,0,1.0,0.1958267933923996,58.0,1.0,3,0.0234375,True,1.0,58.0
ER_n50_g13,ER,50,QAOA-BF,128,1,1,101429,True,12,1,wurtz_lykov_3reg_p1,0.1,57.0,15,23,7.14142842854285,6.0,58.0,1.0,True,6,0,1.816590212458495,0.24416723719146216,58.0,1.0,1,0.0078125,True,1.0,58.0
ER_n50_g13,ER,50,QAOA-NB,128,1,1,101429,False,12,1,wurtz_lykov_3reg_p1,0.1,57.0,15,23,0.0,0.0,58.0,1.0,True,6,0,1.0,0.13750799085633197,57.0,0.0,0,0.0,False,0.0,57.0
ER_n50_g13,ER,50,QAOA-BF,128,2,2,101430,True,12,1,wurtz_lykov_3reg_p1,0.1,57.0,16,24,5.830951894845301,5.0,58.0,1.0,True,6,0,1.4744195615489712,0.27391566001331985,57.0,0.0,0,0.0,False,0.0,57.0
ER_n50_g13,ER,50,QAOA-NB,128,2,2,101430,False,12,1,wurtz_lykov_3reg_p1,0.1,57.0,16,24,0.0,0.0,58.0,1.0,True,6,0,1.0,0.1919542920578298,57.0,0.0,0,0.0,False,0.0,57.0
ER_n50_g13,ER,50,QAOA-BF,128,3,3,101431,True,12,1,wurtz_lykov_3reg_p1,0.1,57.0,14,24,4.0,3.0,58.0,1.0,True,6,0,1.2565617248750864,0.3122914100481787,57.0,0.0,0,0.0,False,0.0,57.0
ER_n50_g13,ER,50,QAOA-NB,128,3,3,101431,False,12,1,wurtz_lykov_3reg_p1,0.1,57.0,14,24,0.0,0.0,58.0,1.0,True,6,0,1.0,0.1896028040270686,57.0,0.0,0,0.0,False,0.0,57.0
ER_n50_g13,ER,50,QAOA-BF,128,4,4,101432,True,12,1,wurtz_lykov_3reg_p1,0.1,57.0,14,17,4.58257569495584,3.0,58.0,1.0,True,6,1,1.2909944487358056,0.25966888176535563,58.0,1.0,3,0.0234375,True,1.0,58.0
ER_n50_g13,ER,50,QAOA-NB,128,4,4,101432,False,12,1,wurtz_lykov_3reg_p1,0.1,57.0,14,17,0.0,0.0,58.0,1.0,True,6,1,1.0,0.19711973847610847,58.0,1.0,1,0.0078125,True,1.0,58.0
ER_n50_g13,ER,50,QAOA-BF,128,5,5,101433,True,12,1,wurtz_lykov_3reg_p1,0.1,57.0,15,18,4.47213595499958,3.0,59.0,2.0,True,6,1,1.2909944487358056,0.26368104345894056,57.0,0.0,0,0.0,False,0.0,57.0
ER_n50_g13,ER,50,QAOA-NB,128,5,5,101433,False,12,1,wurtz_lykov_3reg_p1,0.1,57.0,15,18,0.0,0.0,59.0,2.0,True,6,1,1.0,0.3077938200489053,57.0,0.0,0,0.0,False,0.0,57.0
ER_n50_g13,ER,50,QAOA-BF,128,6,6,101434,True,12,1,wurtz_lykov_3reg_p1,0.1,57.0,15,13,3.872983346207417,3.0,59.0,2.0,True,6,4,1.1677484162422844,0.25959122514763466,59.0,2.0,8,0.0625,True,2.0,59.0
ER_n50_g13,ER,50,QAOA-NB,128,6,6,101434,False,12,1,wurtz_lykov_3reg_p1,0.1,57.0,15,13,0.0,0.0,59.0,2.0,True,6,4,1.0,0.20226771012781763,59.0,2.0,8,0.0625,True,2.0,59.0
ER_n50_g13,ER,50,QAOA-BF,128,7,7,101435,True,12,1,wurtz_lykov_3reg_p1,0.1,57.0,12,20,4.47213595499958,3.0,58.0,1.0,True,6,0,1.3333333333333333,0.3181516000705381,58.0,1.0,1,0.0078125,True,1.0,58.0
ER_n50_g13,ER,50,QAOA-NB,128,7,7,101435,False,12,1,wurtz_lykov_3reg_p1,0.1,57.0,12,20,0.0,0.0,58.0,1.0,True,6,0,1.0,0.14248868579690352,57.0,0.0,0,0.0,False,0.0,57.0
ER_n50_g13,ER,50,QAOA-BF,512,0,0,101812,True,12,1,wurtz_lykov_3reg_p1,0.1,57.0,12,12,4.0,3.0,58.0,1.0,True,6,0,1.2833778958394957,0.2557888633248959,58.0,1.0,12,0.0234375,True,1.0,58.0
ER_n50_g13,ER,50,QAOA-NB,512,0,0,101812,False,12,1,wurtz_lykov_3reg_p1,0.1,57.0,12,12,0.0,0.0,58.0,1.0,True,6,0,1.0,0.20377611881335156,58.0,1.0,7,0.013671875,True,1.0,58.0
ER_n50_g13,ER,50,QAOA-BF,512,1,1,101813,True,12,1,wurtz_lykov_3reg_p1,0.1,57.0,13,18,5.0990195135927845,4.0,59.0,2.0,True,6,2,1.3627702877384937,0.2475908703547224,59.0,2.0,27,0.052734375,True,2.0,59.0
ER_n50_g13,ER,50,QAOA-NB,512,1,1,101813,False,12,1,wurtz_lykov_3reg_p1,0.1,57.0,13,18,0.0,0.0,59.0,2.0,True,6,2,1.0,0.20494161478016826,59.0,2.0,8,0.015625,True,2.0,59.0
ER_n50_g13,ER,50,QAOA-BF,512,2,2,101814,True,12,1,wurtz_lykov_3reg_p1,0.1,57.0,13,14,4.242640687119285,3.0,59.0,2.0,True,6,0,1.2449899597988732,0.2070638604757438,59.0,2.0,43,0.083984375,True,2.0,59.0
ER_n50_g13,ER,50,QAOA-NB,512,2,2,101814,False,12,1,wurtz_lykov_3reg_p1,0.1,57.0,13,14,0.0,0.0,59.0,2.0,True,6,0,1.0,0.14112379143788506,59.0,2.0,15,0.029296875,True,2.0,59.0
ER_n50_g13,ER,50,QAOA-BF,512,3,3,101815,True,12,1,wurtz_lykov_3reg_p1,0.1,57.0,12,14,4.242640687119285,3.0,58.0,1.0,True,6,1,1.3693063937629153,0.36869187650388957,57.0,0.0,0,0.0,False,0.0,57.0
ER_n50_g13,ER,50,QAOA-NB,512,3,3,101815,False,12,1,wurtz_lykov_3reg_p1,0.1,57.0,12,14,0.0,0.0,58.0,1.0,True,6,1,1.0,0.2368682347070936,57.0,0.0,0,0.0,False,0.0,57.0
ER_n50_g13,ER,50,QAOA-BF,512,4,4,101816,True,12,1,wurtz_lykov_3reg_p1,0.1,57.0,11,16,4.0,2.0,59.0,2.0,True,6,1,1.224744871391589,0.2379629147381336,58.0,1.0,20,0.0390625,True,1.0,58.0
ER_n50_g13,ER,50,QAOA-NB,512,4,4,101816,False,12,1,wurtz_lykov_3reg_p1,0.1,57.0,11,16,0.0,0.0,59.0,2.0,True,6,1,1.0,0.25250600066382467,58.0,1.0,16,0.03125,True,1.0,58.0
ER_n50_g13,ER,50,QAOA-BF,512,5,5,101817,True,12,1,wurtz_lykov_3reg_p1,0.1,57.0,12,17,4.358898943540674,3.0,58.0,1.0,True,6,1,1.3503812097939996,0.31429847798321836,58.0,1.0,22,0.04296875,True,1.0,58.0
ER_n50_g13,ER,50,QAOA-NB,512,5,5,101817,False,12,1,wurtz_lykov_3reg_p1,0.1,57.0,12,17,0.0,0.0,58.0,1.0,True,6,1,1.0,0.20377611881335156,58.0,1.0,13,0.025390625,True,1.0,58.0
ER_n50_g13,ER,50,QAOA-BF,512,6,6,101818,True,12,1,wurtz_lykov_3reg_p1,0.1,57.0,15,21,3.872983346207417,2.0,58.0,1.0,True,6,0,1.1952286093343936,0.30778576407418207,58.0,1.0,3,0.005859375,True,1.0,58.0
ER_n50_g13,ER,50,QAOA-NB,512,6,6,101818,False,12,1,wurtz_lykov_3reg_p1,0.1,57.0,15,21,0.0,0.0,58.0,1.0,True,6,0,1.0,0.2426431234349737,58.0,1.0,2,0.00390625,True,1.0,58.0
ER_n50_g13,ER,50,QAOA-BF,512,7,7,101819,True,12,1,wurtz_lykov_3reg_p1,0.1,57.0,15,18,4.47213595499958,3.0,58.0,1.0,True,6,1,1.2909944487358056,0.29025186155988686,57.0,0.0,0,0.0,False,0.0,57.0
ER_n50_g13,ER,50,QAOA-NB,512,7,7,101819,False,12,1,wurtz_lykov_3reg_p1,0.1,57.0,15,18,0.0,0.0,58.0,1.0,True,6,1,1.0,0.2490029149086357,57.0,0.0,0,0.0,False,0.0,57.0
ER_n50_g13,ER,50,QAOA-BF,2048,0,0,103348,True,12,1,wurtz_lykov_3reg_p1,0.1,57.0,15,23,7.14142842854285,6.0,58.0,1.0,True,6,0,1.816590212458495,0.24416723719146227,58.0,1.0,47,0.02294921875,True,1.0,58.0
ER_n50_g13,ER,50,QAOA-NB,2048,0,0,103348,False,12,1,wurtz_lykov_3reg_p1,0.1,57.0,15,23,0.0,0.0,58.0,1.0,True,6,0,1.0,0.13750799085633195,58.0,1.0,9,0.00439453125,True,1.0,58.0
ER_n50_g13,ER,50,QAOA-BF,2048,1,1,103349,True,12,1,wurtz_lykov_3reg_p1,0.1,57.0,15,13,3.872983346207417,3.0,59.0,2.0,True,6,4,1.1677484162422844,0.2595912251476348,59.0,2.0,157,0.07666015625,True,2.0,59.0
ER_n50_g13,ER,50,QAOA-NB,2048,1,1,103349,False,12,1,wurtz_lykov_3reg_p1,0.1,57.0,15,13,0.0,0.0,59.0,2.0,True,6,4,1.0,0.20226771012781772,59.0,2.0,75,0.03662109375,True,2.0,59.0
ER_n50_g13,ER,50,QAOA-BF,2048,2,2,103350,True,12,1,wurtz_lykov_3reg_p1,0.1,57.0,12,16,3.4641016151377544,2.0,59.0,2.0,True,6,3,1.1547005383792515,0.2217548069927658,59.0,2.0,60,0.029296875,True,2.0,59.0
ER_n50_g13,ER,50,QAOA-NB,2048,2,2,103350,False,12,1,wurtz_lykov_3reg_p1,0.1,57.0,12,16,0.0,0.0,59.0,2.0,True,6,3,1.0,0.2262013479386455,58.0,1.0,47,0.02294921875,True,1.0,58.0
ER_n50_g13,ER,50,QAOA-BF,2048,3,3,103351,True,12,1,wurtz_lykov_3reg_p1,0.1,57.0,14,13,3.872983346207417,2.0,59.0,2.0,True,6,0,1.2041594578792296,0.3075862574529395,59.0,2.0,112,0.0546875,True,2.0,59.0
ER_n50_g13,ER,50,QAOA-NB,2048,3,3,103351,False,12,1,wurtz_lykov_3reg_p1,0.1,57.0,14,13,0.0,0.0,59.0,2.0,True,6,0,1.0,0.232613680721695,59.0,2.0,26,0.0126953125,True,2.0,59.0
ER_n50_g13,ER,50,QAOA-BF,2048,4,4,103352,True,12,1,wurtz_lykov_3reg_p1,0.1,57.0,12,13,3.605551275463989,2.0,59.0,2.0,True,6,1,1.1470786693528088,0.24154756382277534,58.0,1.0,79,0.03857421875,True,1.0,58.0
ER_n50_g13,ER,50,QAOA-NB,2048,4,4,103352,False,12,1,wurtz_lykov_3reg_p1,0.1,57.0,12,13,0.0,0.0,59.0,2.0,True,6,1,1.0,0.21508585606675348,59.0,2.0,45,0.02197265625,True,2.0,59.0
ER_n50_g13,ER,50,QAOA-BF,2048,5,5,103353,True,12,1,wurtz_lykov_3reg_p1,0.1,57.0,14,13,3.872983346207417,2.0,59.0,2.0,True,6,1,1.2041594578792296,0.3075862574529395,59.0,2.0,143,0.06982421875,True,2.0,59.0
ER_n50_g13,ER,50,QAOA-NB,2048,5,5,103353,False,12,1,wurtz_lykov_3reg_p1,0.1,57.0,14,13,0.0,0.0,59.0,2.0,True,6,1,1.0,0.23261368072169494,59.0,2.0,28,0.013671875,True,2.0,59.0
ER_n50_g13,ER,50,QAOA-BF,2048,6,6,103354,True,12,1,wurtz_lykov_3reg_p1,0.1,57.0,12,12,4.0,3.0,58.0,1.0,True,6,1,1.2833778958394957,0.2557888633248958,58.0,1.0,63,0.03076171875,True,1.0,58.0
ER_n50_g13,ER,50,QAOA-NB,2048,6,6,103354,False,12,1,wurtz_lykov_3reg_p1,0.1,57.0,12,12,0.0,0.0,58.0,1.0,True,6,1,1.0,0.2037761188133515,58.0,1.0,33,0.01611328125,True,1.0,58.0
ER_n50_g13,ER,50,QAOA-BF,2048,7,7,103355,True,12,1,wurtz_lykov_3reg_p1,0.1,57.0,15,13,3.872983346207417,3.0,59.0,2.0,True,6,2,1.1677484162422844,0.25959122514763466,59.0,2.0,140,0.068359375,True,2.0,59.0
ER_n50_g13,ER,50,QAOA-NB,2048,7,7,103355,False,12,1,wurtz_lykov_3reg_p1,0.1,57.0,15,13,0.0,0.0,59.0,2.0,True,6,2,1.0,0.20226771012781763,59.0,2.0,104,0.05078125,True,2.0,59.0
ER_n50_g14,ER,50,LS-only,,,,,,,,,,73.0,,,,,,,,,,,,,,,,,,73.0
ER_n50_g14,ER,50,QAOA-BF,32,0,0,101432,True,12,1,wurtz_lykov_3reg_p1,0.1,73.0,15,15,5.0,3.0,73.0,0.0,False,6,0,1.318760946791574,0.5344714947293183,73.0,0.0,0,0.0,False,0.0,73.0
ER_n50_g14,ER,50,QAOA-NB,32,0,0,101432,False,12,1,wurtz_lykov_3reg_p1,0.1,73.0,15,15,0.0,0.0,73.0,0.0,False,6,0,1.0,0.26124366503881363,73.0,0.0,0,0.0,False,0.0,73.0
ER_n50_g14,ER,50,QAOA-BF,32,1,1,101433,True,12,1,wurtz_lykov_3reg_p1,0.1,73.0,14,17,6.708203932499369,4.0,73.0,0.0,False,6,0,1.6761634196950514,0.2922761795445578,73.0,0.0,0,0.0,False,0.0,73.0
ER_n50_g14,ER,50,QAOA-NB,32,1,1,101433,False,12,1,wurtz_lykov_3reg_p1,0.1,73.0,14,17,0.0,0.0,73.0,0.0,False,6,0,1.0,0.17215245022898593,73.0,0.0,0,0.0,False,0.0,73.0
ER_n50_g14,ER,50,QAOA-BF,32,2,2,101434,True,12,1,wurtz_lykov_3reg_p1,0.1,73.0,15,18,5.291502622129181,3.0,73.0,0.0,False,6,0,1.4309504001254019,0.32937683094661363,73.0,0.0,0,0.0,False,0.0,73.0
ER_n50_g14,ER,50,QAOA-NB,32,2,2,101434,False,12,1,wurtz_lykov_3reg_p1,0.1,73.0,15,18,0.0,0.0,73.0,0.0,False,6,0,1.0,0.21814016952209872,73.0,0.0,0,0.0,False,0.0,73.0
ER_n50_g14,ER,50,QAOA-BF,32,3,3,101435,True,12,1,wurtz_lykov_3reg_p1,0.1,73.0,10,22,5.477225575051661,3.0,73.0,0.0,False,6,0,1.5339299776947408,0.36158988485879473,73.0,0.0,0,0.0,False,0.0,73.0
ER_n50_g14,ER,50,QAOA-NB,32,3,3,101435,False,12,1,wurtz_lykov_3reg_p1,0.1,73.0,10,22,0.0,0.0,73.0,0.0,False,6,0,1.0,0.20606122505066185,73.0,0.0,0,0.0,False,0.0,73.0
ER_n50_g14,ER,50,QAOA-BF,32,4,4,101436,True,12,1,wurtz_lykov_3reg_p1,0.1,73.0,17,24,7.874007874011811,5.0,73.0,0.0,False,6,0,1.7776388834631178,0.31700211497658165,73.0,0.0,0,0.0,False,0.0,73.0
ER_n50_g14,ER,50,QAOA-NB,32,4,4,101436,False,12,1,wurtz_lykov_3reg_p1,0.1,73.0,17,24,0.0,0.0,73.0,0.0,False,6,0,1.0,0.32473642725046753,73.0,0.0,0,0.0,False,0.0,73.0
ER_n50_g14,ER,50,QAOA-BF,32,5,5,101437,True,12,1,wurtz_lykov_3reg_p1,0.1,73.0,14,20,6.928203230275509,5.0,73.0,0.0,False,6,0,1.6418441381303657,0.39132126153621927,73.0,0.0,0,0.0,False,0.0,73.0
ER_n50_g14,ER,50,QAOA-NB,32,5,5,101437,False,12,1,wurtz_lykov_3reg_p1,0.1,73.0,14,20,0.0,0.0,73.0,0.0,False,6,0,1.0,0.17506317176101252,73.0,0.0,0,0.0,False,0.0,73.0
ER_n50_g14,ER,50,QAOA-BF,32,6,6,101438,True,12,1,wurtz_lykov_3reg_p1,0.1,73.0,15,14,5.477225575051661,4.0,73.0,0.0,False,6,0,1.538967528127731,0.3533159498354204,73.0,0.0,0,0.0,False,0.0,73.0
ER_n50_g14,ER,50,QAOA-NB,32,6,6,101438,False,12,1,wurtz_lykov_3reg_p1,0.1,73.0,15,14,0.0,0.0,73.0,0.0,False,6,0,1.0,0.23904026736857634,73.0,0.0,0,0.0,False,0.0,73.0
ER_n50_g14,ER,50,QAOA-BF,32,7,7,101439,True,12,1,wurtz_lykov_3reg_p1,0.1,73.0,15,15,5.744562646538029,4.0,73.0,0.0,False,6,0,1.4770978917519928,0.36290328234324765,73.0,0.0,0,0.0,False,0.0,73.0
ER_n50_g14,ER,50,QAOA-NB,32,7,7,101439,False,12,1,wurtz_lykov_3reg_p1,0.1,73.0,15,15,0.0,0.0,73.0,0.0,False,6,0,1.0,0.15771932375848413,73.0,0.0,0,0.0,False,0.0,73.0
ER_n50_g14,ER,50,QAOA-BF,128,0,0,101528,True,12,1,wurtz_lykov_3reg_p1,0.1,73.0,14,17,7.810249675906654,7.0,73.0,0.0,False,6,0,1.889822365046136,0.3106521843938264,73.0,0.0,0,0.0,False,0.0,73.0
ER_n50_g14,ER,50,QAOA-NB,128,0,0,101528,False,12,1,wurtz_lykov_3reg_p1,0.1,73.0,14,17,0.0,0.0,73.0,0.0,False,6,0,1.0,0.28909385113544883,73.0,0.0,0,0.0,False,0.0,73.0
ER_n50_g14,ER,50,QAOA-BF,128,1,1,101529,True,12,1,wurtz_lykov_3reg_p1,0.1,73.0,16,18,8.48528137423857,7.0,73.0,0.0,False,6,0,2.047065262876636,0.2786206367511209,73.0,0.0,0,0.0,False,0.0,73.0
ER_n50_g14,ER,50,QAOA-NB,128,1,1,101529,False,12,1,wurtz_lykov_3reg_p1,0.1,73.0,16,18,0.0,0.0,73.0,0.0,False,6,0,1.0,0.2559068892704428,73.0,0.0,0,0.0,False,0.0,73.0
ER_n50_g14,ER,50,QAOA-BF,128,2,2,101530,True,12,1,wurtz_lykov_3reg_p1,0.1,73.0,15,23,7.14142842854285,6.0,73.0,0.0,False,6,0,1.624807680927192,0.321363898588664,73.0,0.0,0,0.0,False,0.0,73.0
ER_n50_g14,ER,50,QAOA-NB,128,2,2,101530,False,12,1,wurtz_lykov_3reg_p1,0.1,73.0,15,23,0.0,0.0,73.0,0.0,False,6,0,1.0,0.2744777153448809,73.0,0.0,0,0.0,False,0.0,73.0
ER_n50_g14,ER,50,QAOA-BF,128,3,3,101531,True,12,1,wurtz_lykov_3reg_p1,0.1,73.0,18,28,6.324555320336759,3.0,73.0,0.0,False,6,0,1.46565621758588,0.30965111932272543,73.0,0.0,0,0.0,False,0.0,73.0
ER_n50_g14,ER,50,QAOA-NB,128,3,3,101531,False,12,1,wurtz_lykov_3reg_p1,0.1,73.0,18,28,0.0,0.0,73.0,0.0,False,6,0,1.0,0.1163242796869055,73.0,0.0,0,0.0,False,0.0,73.0
ER_n50_g14,ER,50,QAOA-BF,128,4,4,101532,True,12,1,wurtz_lykov_3reg_p1,0.1,73.0,18,22,6.324555320336759,5.0,73.0,0.0,False,6,0,1.4935759876113537,0.27217251004361526,73.0,0.0,0,0.0,False,0.0,73.0
ER_n50_g14,ER,50,QAOA-NB,128,4,4,101532,False,12,1,wurtz_lykov_3reg_p1,0.1,73.0,18,22,0.0,0.0,73.0,0.0,False,6,0,1.0,0.21542301321689836,73.0,0.0,0,0.0,False,0.0,73.0
ER_n50_g14,ER,50,QAOA-BF,128,5,5,101533,True,12,1,wurtz_lykov_3reg_p1,0.1,73.0,15,22,6.164414002968976,3.0,73.0,0.0,False,6,0,1.5180078478344428,0.4473769359620302,73.0,0.0,0,0.0,False,0.0,73.0
ER_n50_g14,ER,50,QAOA-NB,128,5,5,101533,False,12,1,wurtz_lykov_3reg_p1,0.1,73.0,15,22,0.0,0.0,73.0,0.0,False,6,0,1.0,0.18699089232279834,73.0,0.0,0,0.0,False,0.0,73.0
ER_n50_g14,ER,50,QAOA-BF,128,6,6,101534,True,12,1,wurtz_lykov_3reg_p1,0.1,73.0,17,25,6.557438524302,4.0,73.0,0.0,False,6,0,1.6151457061744965,0.3561878902359344,73.0,0.0,0,0.0,False,0.0,73.0
ER_n50_g14,ER,50,QAOA-NB,128,6,6,101534,False,12,1,wurtz_lykov_3reg_p1,0.1,73.0,17,25,0.0,0.0,73.0,0.0,False,6,0,1.0,0.36153497067883994,73.0,0.0,0,0.0,False,0.0,73.0
ER_n50_g14,ER,50,QAOA-BF,128,7,7,101535,True,12,1,wurtz_lykov_3reg_p1,0.1,73.0,13,25,4.358898943540674,3.0,73.0,0.0,False,6,0,1.2344267996967353,0.26226671606811885,73.0,0.0,0,0.0,False,0.0,73.0
ER_n50_g14,ER,50,QAOA-NB,128,7,7,101535,False,12,1,wurtz_lykov_3reg_p1,0.1,73.0,13,25,0.0,0.0,73.0,0.0,False,6,0,1.0,0.16453181297515473,73.0,0.0,0,0.0,False,0.0,73.0
ER_n50_g14,ER,50,QAOA-BF,512,0,0,101912,True,12,1,wurtz_lykov_3reg_p1,0.1,73.0,15,25,6.4031242374328485,5.0,73.0,0.0,False,6,0,1.632993161855452,0.2506330545565587,73.0,0.0,0,0.0,False,0.0,73.0
ER_n50_g14,ER,50,QAOA-NB,512,0,0,101912,False,12,1,wurtz_lykov_3reg_p1,0.1,73.0,15,25,0.0,0.0,73.0,0.0,False,6,0,1.0,0.2734385931342598,73.0,0.0,0,0.0,False,0.0,73.0
ER_n50_g14,ER,50,QAOA-BF,512,1,1,101913,True,12,1,wurtz_lykov_3reg_p1,0.1,73.0,15,23,6.855654600401044,5.0,73.0,0.0,False,6,0,1.6072751268321592,0.28172923546115997,73.0,0.0,0,0.0,False,0.0,73.0
ER_n50_g14,ER,50,QAOA-NB,512,1,1,101913,False,12,1,wurtz_lykov_3reg_p1,0.1,73.0,15,23,0.0,0.0,73.0,0.0,False,6,0,1.0,0.16495201439074408,73.0,0.0,0,0.0,False,0.0,73.0
ER_n50_g14,ER,50,QAOA-BF,512,2,2,101914,True,12,1,wurtz_lykov_3reg_p1,0.1,73.0,17,28,6.324555320336759,4.0,73.0,0.0,False,6,0,1.4529663145135578,0.39563791338758536,73.0,0.0,0,0.0,False,0.0,73.0
ER_n50_g14,ER,50,QAOA-NB,512,2,2,101914,False,12,1,wurtz_lykov_3reg_p1,0.1,73.0,17,28,0.0,0.0,73.0,0.0,False,6,0,1.0,0.13146352858560525,73.0,0.0,0,0.0,False,0.0,73.0
ER_n50_g14,ER,50,QAOA-BF,512,3,3,101915,True,12,1,wurtz_lykov_3reg_p1,0.1,73.0,15,17,5.5677643628300215,4.0,73.0,0.0,False,6,0,1.51657508881031,0.38494901700567596,73.0,0.0,0,0.0,False,0.0,73.0
ER_n50_g14,ER,50,QAOA-NB,512,3,3,101915,False,12,1,wurtz_lykov_3reg_p1,0.1,73.0,15,17,0.0,0.0,73.0,0.0,False,6,0,1.0,0.223597366667941,73.0,0.0,0,0.0,False,0.0,73.0
ER_n50_g14,ER,50,QAOA-BF,512,4,4,101916,True,12,1,wurtz_lykov_3reg_p1,0.1,73.0,14,20,7.211102550927978,6.0,73.0,0.0,False,6,0,1.816590212458495,0.28608475094074676,73.0,0.0,0,0.0,False,0.0,73.0
ER_n50_g14,ER,50,QAOA-NB,512,4,4,101916,False,12,1,wurtz_lykov_3reg_p1,0.1,73.0,14,20,0.0,0.0,73.0,0.0,False,6,0,1.0,0.2648180086011979,73.0,0.0,0,0.0,False,0.0,73.0
ER_n50_g14,ER,50,QAOA-BF,512,5,5,101917,True,12,1,wurtz_lykov_3reg_p1,0.1,73.0,15,19,5.5677643628300215,4.0,73.0,0.0,False,6,0,1.4459976109624424,0.4419201498366975,73.0,0.0,0,0.0,False,0.0,73.0
ER_n50_g14,ER,50,QAOA-NB,512,5,5,101917,False,12,1,wurtz_lykov_3reg_p1,0.1,73.0,15,19,0.0,0.0,73.0,0.0,False,6,0,1.0,0.32205522333278314,73.0,0.0,0,0.0,False,0.0,73.0
ER_n50_g14,ER,50,QAOA-BF,512,6,6,101918,True,12,1,wurtz_lykov_3reg_p1,0.1,73.0,14,17,7.810249675906654,7.0,73.0,0.0,False,6,0,1.889822365046136,0.31034292372909755,73.0,0.0,0,0.0,False,0.0,73.0
ER_n50_g14,ER,50,QAOA-NB,512,6,6,101918,False,12,1,wurtz_lykov_3reg_p1,0.1,73.0,14,17,0.0,0.0,73.0,0.0,False,6,0,1.0,0.25226644238428,73.0,0.0,0,0.0,False,0.0,73.0
ER_n50_g14,ER,50,QAOA-BF,512,7,7,101919,True,12,1,wurtz_lykov_3reg_p1,0.1,73.0,15,15,5.0,3.0,73.0,0.0,False,6,0,1.318760946791574,0.5344714947293187,73.0,0.0,0,0.0,False,0.0,73.0
ER_n50_g14,ER,50,QAOA-NB,512,7,7,101919,False,12,1,wurtz_lykov_3reg_p1,0.1,73.0,15,15,0.0,0.0,73.0,0.0,False,6,0,1.0,0.2612436650388135,73.0,0.0,0,0.0,False,0.0,73.0
ER_n50_g14,ER,50,QAOA-BF,2048,0,0,103448,True,12,1,wurtz_lykov_3reg_p1,0.1,73.0,15,22,5.656854249492381,3.0,73.0,0.0,False,6,0,1.4295028019803129,0.4600802475399176,73.0,0.0,0,0.0,False,0.0,73.0
ER_n50_g14,ER,50,QAOA-NB,2048,0,0,103448,False,12,1,wurtz_lykov_3reg_p1,0.1,73.0,15,22,0.0,0.0,73.0,0.0,False,6,0,1.0,0.24171497085452565,73.0,0.0,0,0.0,False,0.0,73.0
ER_n50_g14,ER,50,QAOA-BF,2048,1,1,103449,True,12,1,wurtz_lykov_3reg_p1,0.1,73.0,16,24,7.0710678118654755,5.0,73.0,0.0,False,6,0,1.624807680927192,0.3381897098632461,73.0,0.0,0,0.0,False,0.0,73.0
ER_n50_g14,ER,50,QAOA-NB,2048,1,1,103449,False,12,1,wurtz_lykov_3reg_p1,0.1,73.0,16,24,0.0,0.0,73.0,0.0,False,6,0,1.0,0.2875280169542178,73.0,0.0,0,0.0,False,0.0,73.0
ER_n50_g14,ER,50,QAOA-BF,2048,2,2,103450,True,12,1,wurtz_lykov_3reg_p1,0.1,73.0,14,17,7.810249675906654,7.0,73.0,0.0,False,6,0,1.889822365046136,0.31034292372909744,73.0,0.0,0,0.0,False,0.0,73.0
ER_n50_g14,ER,50,QAOA-NB,2048,2,2,103450,False,12,1,wurtz_lykov_3reg_p1,0.1,73.0,14,17,0.0,0.0,73.0,0.0,False,6,0,1.0,0.25226644238427987,73.0,0.0,0,0.0,False,0.0,73.0
ER_n50_g14,ER,50,QAOA-BF,2048,3,3,103451,True,12,1,wurtz_lykov_3reg_p1,0.1,73.0,14,17,7.810249675906654,7.0,73.0,0.0,False,6,0,1.889822365046136,0.31034292372909755,73.0,0.0,0,0.0,False,0.0,73.0
ER_n50_g14,ER,50,QAOA-NB,2048,3,3,103451,False,12,1,wurtz_lykov_3reg_p1,0.1,73.0,14,17,0.0,0.0,73.0,0.0,False,6,0,1.0,0.25226644238428,73.0,0.0,0,0.0,False,0.0,73.0
ER_n50_g14,ER,50,QAOA-BF,2048,4,4,103452,True,12,1,wurtz_lykov_3reg_p1,0.1,73.0,14,19,6.4031242374328485,4.0,73.0,0.0,False,6,0,1.618347187425374,0.33686862138731816,73.0,0.0,0,0.0,False,0.0,73.0
ER_n50_g14,ER,50,QAOA-NB,2048,4,4,103452,False,12,1,wurtz_lykov_3reg_p1,0.1,73.0,14,19,0.0,0.0,73.0,0.0,False,6,0,1.0,0.1561595843719728,73.0,0.0,0,0.0,False,0.0,73.0
ER_n50_g14,ER,50,QAOA-BF,2048,5,5,103453,True,12,1,wurtz_lykov_3reg_p1,0.1,73.0,16,18,8.48528137423857,7.0,73.0,0.0,False,6,0,2.047065262876636,0.2786206367511209,73.0,0.0,0,0.0,False,0.0,73.0
ER_n50_g14,ER,50,QAOA-NB,2048,5,5,103453,False,12,1,wurtz_lykov_3reg_p1,0.1,73.0,16,18,0.0,0.0,73.0,0.0,False,6,0,1.0,0.2559068892704428,73.0,0.0,0,0.0,False,0.0,73.0
ER_n50_g14,ER,50,QAOA-BF,2048,6,6,103454,True,12,1,wurtz_lykov_3reg_p1,0.1,73.0,13,17,7.810249675906654,7.0,73.0,0.0,False,6,0,1.9235384061671346,0.27720075931434207,73.0,0.0,0,0.0,False,0.0,73.0
ER_n50_g14,ER,50,QAOA-NB,2048,6,6,103454,False,12,1,wurtz_lykov_3reg_p1,0.1,73.0,13,17,0.0,0.0,73.0,0.0,False,6,0,1.0,0.23917972871965237,73.0,0.0,0,0.0,False,0.0,73.0
ER_n50_g14,ER,50,QAOA-BF,2048,7,7,103455,True,12,1,wurtz_lykov_3reg_p1,0.1,73.0,12,20,5.291502622129181,3.0,73.0,0.0,False,6,0,1.4907119849998598,0.32975131931997237,73.0,0.0,0,0.0,False,0.0,73.0
ER_n50_g14,ER,50,QAOA-NB,2048,7,7,103455,False,12,1,wurtz_lykov_3reg_p1,0.1,73.0,12,20,0.0,0.0,73.0,0.0,False,6,0,1.0,0.1924582949953535,73.0,0.0,0,0.0,False,0.0,73.0
ER_n50_g15,ER,50,LS-only,,,,,,,,,,58.0,,,,,,,,,,,,,,,,,,58.0
ER_n50_g15,ER,50,QAOA-BF,32,0,0,101532,True,12,1,wurtz_lykov_3reg_p1,0.1,58.0,11,12,4.47213595499958,3.0,60.0,2.0,True,6,4,1.4375905768565218,0.2954582676092654,58.0,0.0,0,0.0,False,0.0,58.0
ER_n50_g15,ER,50,QAOA-NB,32,0,0,101532,False,12,1,wurtz_lykov_3reg_p1,0.1,58.0,11,12,0.0,0.0,60.0,2.0,True,6,4,1.0,0.19979424196992285,58.0,0.0,0,0.0,False,0.0,58.0
ER_n50_g15,ER,50,QAOA-BF,32,1,1,101533,True,12,1,wurtz_lykov_3reg_p1,0.1,58.0,12,10,4.0,3.0,61.0,3.0,True,6,2,1.2833778958394957,0.2836529075154279,59.0,1.0,2,0.0625,True,1.0,59.0
ER_n50_g15,ER,50,QAOA-NB,32,1,1,101533,False,12,1,wurtz_lykov_3reg_p1,0.1,58.0,12,10,0.0,0.0,61.0,3.0,True,6,2,1.0,0.18688424996314623,59.0,1.0,1,0.03125,True,1.0,59.0
ER_n50_g15,ER,50,QAOA-BF,32,2,2,101534,True,12,1,wurtz_lykov_3reg_p1,0.1,58.0,13,18,6.0,4.0,59.0,1.0,True,6,3,1.5652475842498528,0.24721365345350343,58.0,0.0,0,0.0,False,0.0,58.0
ER_n50_g15,ER,50,QAOA-NB,32,2,2,101534,False,12,1,wurtz_lykov_3reg_p1,0.1,58.0,13,18,0.0,0.0,59.0,1.0,True,6,3,1.0,0.15960647560322855,58.0,0.0,0,0.0,False,0.0,58.0
ER_n50_g15,ER,50,QAOA-BF,32,3,3,101535,True,12,1,wurtz_lykov_3reg_p1,0.1,58.0,12,11,5.385164807134504,5.0,60.0,2.0,True,6,1,1.5529857391110689,0.20649168822579886,59.0,1.0,1,0.03125,True,1.0,59.0
ER_n50_g15,ER,50,QAOA-NB,32,3,3,101535,False,12,1,wurtz_lykov_3reg_p1,0.1,58.0,12,11,0.0,0.0,60.0,2.0,True,6,1,1.0,0.284179663795987,59.0,1.0,2,0.0625,True,1.0,59.0
ER_n50_g15,ER,50,QAOA-BF,32,4,4,101536,True,12,1,wurtz_lykov_3reg_p1,0.1,58.0,12,10,4.0,3.0,61.0,3.0,True,6,5,1.2833778958394957,0.2836529075154279,59.0,1.0,1,0.03125,True,1.0,59.0
ER_n50_g15,ER,50,QAOA-NB,32,4,4,101536,False,12,1,wurtz_lykov_3reg_p1,0.1,58.0,12,10,0.0,0.0,61.0,3.0,True,6,5,1.0,0.18688424996314623,58.0,0.0,0,0.0,False,0.0,58.0
ER_n50_g15,ER,50,QAOA-BF,32,5,5,101537,True,12,1,wurtz_lykov_3reg_p1,0.1,58.0,12,20,6.324555320336759,5.0,59.0,1.0,True,6,0,1.7489492643904123,0.2044848608465489,58.0,0.0,0,0.0,False,0.0,58.0
ER_n50_g15,ER,50,QAOA-NB,32,5,5,101537,False,12,1,wurtz_lykov_3reg_p1,0.1,58.0,12,20,0.0,0.0,59.0,1.0,True,6,0,1.0,0.11944416778880694,58.0,0.0,0,0.0,False,0.0,58.0
ER_n50_g15,ER,50,QAOA-BF,32,6,6,101538,True,12,1,wurtz_lykov_3reg_p1,0.1,58.0,15,11,5.744562646538029,4.0,59.0,1.0,True,6,0,1.632993161855452,0.18098498252637,58.0,0.0,0,0.0,False,0.0,58.0
ER_n50_g15,ER,50,QAOA-NB,32,6,6,101538,False,12,1,wurtz_lykov_3reg_p1,0.1,58.0,15,11,0.0,0.0,59.0,1.0,True,6,0,1.0,0.22435458968252164,58.0,0.0,0,0.0,False,0.0,58.0
ER_n50_g15,ER,50,QAOA-BF,32,7,7,101539,True,12,1,wurtz_lykov_3reg_p1,0.1,58.0,12,17,8.888194417315589,7.0,60.0,2.0,True,6,4,2.1884866196096624,0.19844931410353514,59.0,1.0,3,0.09375,True,1.0,59.0
ER_n50_g15,ER,50,QAOA-NB,32,7,7,101539,False,12,1,wurtz_lykov_3reg_p1,0.1,58.0,12,17,0.0,0.0,60.0,2.0,True,6,4,1.0,0.2708050522549423,59.0,1.0,1,0.03125,True,1.0,59.0
ER_n50_g15,ER,50,QAOA-BF,128,0,0,101628,True,12,1,wurtz_lykov_3reg_p1,0.1,58.0,13,19,7.0,6.0,59.0,1.0,True,6,0,1.7182493859684491,0.27530707661851056,59.0,1.0,3,0.0234375,True,1.0,59.0
ER_n50_g15,ER,50,QAOA-NB,128,0,0,101628,False,12,1,wurtz_lykov_3reg_p1,0.1,58.0,13,19,0.0,0.0,59.0,1.0,True,6,0,1.0,0.2346069906613334,59.0,1.0,3,0.0234375,True,1.0,59.0
ER_n50_g15,ER,50,QAOA-BF,128,1,1,101629,True,12,1,wurtz_lykov_3reg_p1,0.1,58.0,12,16,6.164414002968976,5.0,58.0,0.0,False,6,0,1.6666666666666667,0.3721289018091177,58.0,0.0,0,0.0,False,0.0,58.0
ER_n50_g15,ER,50,QAOA-NB,128,1,1,101629,False,12,1,wurtz_lykov_3reg_p1,0.1,58.0,12,16,0.0,0.0,58.0,0.0,False,6,0,1.0,0.29419035362803136,58.0,0.0,0,0.0,False,0.0,58.0
ER_n50_g15,ER,50,QAOA-BF,128,2,2,101630,True,12,1,wurtz_lykov_3reg_p1,0.1,58.0,13,20,6.164414002968976,5.0,58.0,0.0,False,6,0,1.6383560438182505,0.22428864219328226,58.0,0.0,0,0.0,False,0.0,58.0
ER_n50_g15,ER,50,QAOA-NB,128,2,2,101630,False,12,1,wurtz_lykov_3reg_p1,0.1,58.0,13,20,0.0,0.0,58.0,0.0,False,6,0,1.0,0.2296903748044975,58.0,0.0,0,0.0,False,0.0,58.0
ER_n50_g15,ER,50,QAOA-BF,128,3,3,101631,True,12,1,wurtz_lykov_3reg_p1,0.1,58.0,14,15,7.810249675906654,6.0,60.0,2.0,True,6,0,1.9867985355975657,0.233936665475498,59.0,1.0,3,0.0234375,True,1.0,59.0
ER_n50_g15,ER,50,QAOA-NB,128,3,3,101631,False,12,1,wurtz_lykov_3reg_p1,0.1,58.0,14,15,0.0,0.0,60.0,2.0,True,6,0,1.0,0.28096289093557303,59.0,1.0,4,0.03125,True,1.0,59.0
ER_n50_g15,ER,50,QAOA-BF,128,4,4,101632,True,12,1,wurtz_lykov_3reg_p1,0.1,58.0,12,9,3.605551275463989,3.0,60.0,2.0,True,6,1,1.212678125181665,0.258983198715997,59.0,1.0,6,0.046875,True,1.0,59.0
ER_n50_g15,ER,50,QAOA-NB,128,4,4,101632,False,12,1,wurtz_lykov_3reg_p1,0.1,58.0,12,9,0.0,0.0,60.0,2.0,True,6,1,1.0,0.301162057539439,59.0,1.0,4,0.03125,True,1.0,59.0
ER_n50_g15,ER,50,QAOA-BF,128,5,5,101633,True,12,1,wurtz_lykov_3reg_p1,0.1,58.0,12,7,2.23606797749979,1.0,60.0,2.0,True,6,5,1.0,0.2968905482621005,59.0,1.0,7,0.0546875,True,1.0,59.0
ER_n50_g15,ER,50,QAOA-NB,128,5,5,101633,False,12,1,wurtz_lykov_3reg_p1,0.1,58.0,12,7,0.0,0.0,60.0,2.0,True,6,5,1.0,0.28545596026379366,59.0,1.0,3,0.0234375,True,1.0,59.0
ER_n50_g15,ER,50,QAOA-BF,128,6,6,101634,True,12,1,wurtz_lykov_3reg_p1,0.1,58.0,12,9,3.605551275463989,3.0,60.0,2.0,True,6,2,1.212678125181665,0.258983198715997,59.0,1.0,5,0.0390625,True,1.0,59.0
ER_n50_g15,ER,50,QAOA-NB,128,6,6,101634,False,12,1,wurtz_lykov_3reg_p1,0.1,58.0,12,9,0.0,0.0,60.0,2.0,True,6,2,1.0,0.301162057539439,59.0,1.0,3,0.0234375,True,1.0,59.0
ER_n50_g15,ER,50,QAOA-BF,128,7,7,101635,True,12,1,wurtz_lykov_3reg_p1,0.1,58.0,12,16,6.164414002968976,5.0,58.0,0.0,False,6,0,1.6666666666666667,0.37231010960210087,58.0,0.0,0,0.0,False,0.0,58.0
ER_n50_g15,ER,50,QAOA-NB,128,7,7,101635,False,12,1,wurtz_lykov_3reg_p1,0.1,58.0,12,16,0.0,0.0,58.0,0.0,False,6,0,1.0,0.29489017562932796,58.0,0.0,0,0.0,False,0.0,58.0
ER_n50_g15,ER,50,QAOA-BF,512,0,0,102012,True,12,1,wurtz_lykov_3reg_p1,0.1,58.0,15,12,5.830951894845301,4.0,59.0,1.0,True,6,3,1.6059101370939324,0.19472283545217167,58.0,0.0,0,0.0,False,0.0,58.0
ER_n50_g15,ER,50,QAOA-NB,512,0,0,102012,False,12,1,wurtz_lykov_3reg_p1,0.1,58.0,15,12,0.0,0.0,59.0,1.0,True,6,3,1.0,0.2583569132110216,58.0,0.0,0,0.0,False,0.0,58.0
ER_n50_g15,ER,50,QAOA-BF,512,1,1,102013,True,12,1,wurtz_lykov_3reg_p1,0.1,58.0,12,22,8.0,7.0,59.0,1.0,True,6,0,2.1143765594836976,0.1766650628124578,59.0,1.0,1,0.001953125,True,1.0,59.0
ER_n50_g15,ER,50,QAOA-NB,512,1,1,102013,False,12,1,wurtz_lykov_3reg_p1,0.1,58.0,12,22,0.0,0.0,59.0,1.0,True,6,0,1.0,0.11944416778880698,58.0,0.0,0,0.0,False,0.0,58.0
ER_n50_g15,ER,50,QAOA-BF,512,2,2,102014,True,12,1,wurtz_lykov_3reg_p1,0.1,58.0,12,20,9.055385138137417,7.0,59.0,1.0,True,6,1,2.224268064117415,0.1878300750530596,59.0,1.0,13,0.025390625,True,1.0,59.0
ER_n50_g15,ER,50,QAOA-NB,512,2,2,102014,False,12,1,wurtz_lykov_3reg_p1,0.1,58.0,12,20,0.0,0.0,59.0,1.0,True,6,1,1.0,0.15697558132491354,59.0,1.0,4,0.0078125,True,1.0,59.0
ER_n50_g15,ER,50,QAOA-BF,512,3,3,102015,True,12,1,wurtz_lykov_3reg_p1,0.1,58.0,13,22,7.3484692283495345,5.0,58.0,0.0,False,6,0,1.7861904127153383,0.3091405064880497,58.0,0.0,0,0.0,False,0.0,58.0
ER_n50_g15,ER,50,QAOA-NB,512,3,3,102015,False,12,1,wurtz_lykov_3reg_p1,0.1,58.0,13,22,0.0,0.0,58.0,0.0,False,6,0,1.0,0.17119456615915926,58.0,0.0,0,0.0,False,0.0,58.0
ER_n50_g15,ER,50,QAOA-BF,512,4,4,102016,True,12,1,wurtz_lykov_3reg_p1,0.1,58.0,16,12,5.0990195135927845,4.0,59.0,1.0,True,6,2,1.4867838833500564,0.19082070941470633,58.0,0.0,0,0.0,False,0.0,58.0
ER_n50_g15,ER,50,QAOA-NB,512,4,4,102016,False,12,1,wurtz_lykov_3reg_p1,0.1,58.0,16,12,0.0,0.0,59.0,1.0,True,6,2,1.0,0.25622841457332374,58.0,0.0,0,0.0,False,0.0,58.0
ER_n50_g15,ER,50,QAOA-BF,512,5,5,102017,True,12,1,wurtz_lykov_3reg_p1,0.1,58.0,14,19,7.280109889280518,5.0,59.0,1.0,True,6,1,1.7451230745865878,0.2982447999789449,59.0,1.0,13,0.025390625,True,1.0,59.0
ER_n50_g15,ER,50,QAOA-NB,512,5,5,102017,False,12,1,wurtz_lykov_3reg_p1,0.1,58.0,14,19,0.0,0.0,59.0,1.0,True,6,1,1.0,0.25915656646183943,59.0,1.0,16,0.03125,True,1.0,59.0
ER_n50_g15,ER,50,QAOA-BF,512,6,6,102018,True,12,1,wurtz_lykov_3reg_p1,0.1,58.0,14,15,7.810249675906654,6.0,60.0,2.0,True,6,5,1.9867985355975657,0.23393666547549788,59.0,1.0,15,0.029296875,True,1.0,59.0
ER_n50_g15,ER,50,QAOA-NB,512,6,6,102018,False,12,1,wurtz_lykov_3reg_p1,0.1,58.0,14,15,0.0,0.0,60.0,2.0,True,6,5,1.0,0.2809628909355729,60.0,2.0,16,0.03125,True,2.0,60.0
ER_n50_g15,ER,50,QAOA-BF,512,7,7,102019,True,12,1,wurtz_lykov_3reg_p1,0.1,58.0,15,12,5.291502622129181,4.0,59.0,1.0,True,6,1,1.466287829861518,0.194423268000982,58.0,0.0,0,0.0,False,0.0,58.0
ER_n50_g15,ER,50,QAOA-NB,512,7,7,102019,False,12,1,wurtz_lykov_3reg_p1,0.1,58.0,15,12,0.0,0.0,59.0,1.0,True,6,1,1.0,0.20647699258363986,58.0,0.0,0,0.0,False,0.0,58.0
ER_n50_g15,ER,50,QAOA-BF,2048,0,0,103548,True,12,1,wurtz_lykov_3reg_p1,0.1,58.0,11,11,3.605551275463989,3.0,59.0,1.0,True,6,1,1.224744871391589,0.31048759543697446,58.0,0.0,0,0.0,False,0.0,58.0
ER_n50_g15,ER,50,QAOA-NB,2048,0,0,103548,False,12,1,wurtz_lykov_3reg_p1,0.1,58.0,11,11,0.0,0.0,59.0,1.0,True,6,1,1.0,0.23133366003728947,58.0,0.0,0,0.0,False,0.0,58.0
ER_n50_g15,ER,50,QAOA-BF,2048,1,1,103549,True,12,1,wurtz_lykov_3reg_p1,0.1,58.0,12,8,2.0,1.0,61.0,3.0,True,6,3,1.0,0.2731670575331147,60.0,2.0,97,0.04736328125,True,2.0,60.0
ER_n50_g15,ER,50,QAOA-NB,2048,1,1,103549,False,12,1,wurtz_lykov_3reg_p1,0.1,58.0,12,8,0.0,0.0,61.0,3.0,True,6,3,1.0,0.28545596026379366,60.0,2.0,70,0.0341796875,True,2.0,60.0
ER_n50_g15,ER,50,QAOA-BF,2048,2,2,103550,True,12,1,wurtz_lykov_3reg_p1,0.1,58.0,12,10,4.0,3.0,61.0,3.0,True,6,5,1.2833778958394957,0.2836529075154279,60.0,2.0,62,0.0302734375,True,2.0,60.0
ER_n50_g15,ER,50,QAOA-NB,2048,2,2,103550,False,12,1,wurtz_lykov_3reg_p1,0.1,58.0,12,10,0.0,0.0,61.0,3.0,True,6,5,1.0,0.1868842499631463,60.0,2.0,32,0.015625,True,2.0,60.0
ER_n50_g15,ER,50,QAOA-BF,2048,3,3,103551,True,12,1,wurtz_lykov_3reg_p1,0.1,58.0,14,20,6.6332495807108,4.0,59.0,1.0,True,6,1,1.6618979396776332,0.2860803567068711,59.0,1.0,63,0.03076171875,True,1.0,59.0
ER_n50_g15,ER,50,QAOA-NB,2048,3,3,103551,False,12,1,wurtz_lykov_3reg_p1,0.1,58.0,14,20,0.0,0.0,59.0,1.0,True,6,1,1.0,0.20221892661032156,59.0,1.0,34,0.0166015625,True,1.0,59.0
ER_n50_g15,ER,50,QAOA-BF,2048,4,4,103552,True,12,1,wurtz_lykov_3reg_p1,0.1,58.0,14,15,7.810249675906654,6.0,60.0,2.0,True,6,5,1.9867985355975657,0.23393666547549788,60.0,2.0,62,0.0302734375,True,2.0,60.0
ER_n50_g15,ER,50,QAOA-NB,2048,4,4,103552,False,12,1,wurtz_lykov_3reg_p1,0.1,58.0,14,15,0.0,0.0,60.0,2.0,True,6,5,1.0,0.28096289093557303,60.0,2.0,58,0.0283203125,True,2.0,60.0
ER_n50_g15,ER,50,QAOA-BF,2048,5,5,103553,True,12,1,wurtz_lykov_3reg_p1,0.1,58.0,14,15,7.810249675906654,6.0,60.0,2.0,True,6,2,1.9867985355975657,0.23393666547549805,60.0,2.0,59,0.02880859375,True,2.0,60.0
ER_n50_g15,ER,50,QAOA-NB,2048,5,5,103553,False,12,1,wurtz_lykov_3reg_p1,0.1,58.0,14,15,0.0,0.0,60.0,2.0,True,6,2,1.0,0.2809628909355732,60.0,2.0,52,0.025390625,True,2.0,60.0
ER_n50_g15,ER,50,QAOA-BF,2048,6,6,103554,True,12,1,wurtz_lykov_3reg_p1,0.1,58.0,12,20,8.831760866327848,7.0,59.0,1.0,True,6,3,2.449489742783178,0.18333010546296472,59.0,1.0,11,0.00537109375,True,1.0,59.0
ER_n50_g15,ER,50,QAOA-NB,2048,6,6,103554,False,12,1,wurtz_lykov_3reg_p1,0.1,58.0,12,20,0.0,0.0,59.0,1.0,True,6,3,1.0,0.17861400287855494,59.0,1.0,11,0.00537109375,True,1.0,59.0
ER_n50_g15,ER,50,QAOA-BF,2048,7,7,103555,True,12,1,wurtz_lykov_3reg_p1,0.1,58.0,14,15,5.5677643628300215,3.0,58.0,0.0,False,6,0,1.4638501094227998,0.20945572743655957,58.0,0.0,0,0.0,False,0.0,58.0
ER_n50_g15,ER,50,QAOA-NB,2048,7,7,103555,False,12,1,wurtz_lykov_3reg_p1,0.1,58.0,14,15,0.0,0.0,58.0,0.0,False,6,0,1.0,0.11957195261112263,58.0,0.0,0,0.0,False,0.0,58.0
ER_n50_g16,ER,50,LS-only,,,,,,,,,,65.0,,,,,,,,,,,,,,,,,,65.0
ER_n50_g16,ER,50,QAOA-BF,32,0,0,101632,True,12,1,wurtz_lykov_3reg_p1,0.1,65.0,17,27,7.416198487095663,4.0,66.0,1.0,True,6,2,1.7693034738587656,0.22311145230185847,66.0,1.0,1,0.03125,True,1.0,66.0
ER_n50_g16,ER,50,QAOA-NB,32,0,0,101632,False,12,1,wurtz_lykov_3reg_p1,0.1,65.0,17,27,0.0,0.0,66.0,1.0,True,6,2,1.0,0.10750216377797753,65.0,0.0,0,0.0,False,0.0,65.0
ER_n50_g16,ER,50,QAOA-BF,32,1,1,101633,True,12,1,wurtz_lykov_3reg_p1,0.1,65.0,17,28,8.602325267042627,5.0,65.0,0.0,False,6,0,1.8708286933869707,0.3648866319905705,65.0,0.0,0,0.0,False,0.0,65.0
ER_n50_g16,ER,50,QAOA-NB,32,1,1,101633,False,12,1,wurtz_lykov_3reg_p1,0.1,65.0,17,28,0.0,0.0,65.0,0.0,False,6,0,1.0,0.18828669476711762,65.0,0.0,0,0.0,False,0.0,65.0
ER_n50_g16,ER,50,QAOA-BF,32,2,2,101634,True,12,1,wurtz_lykov_3reg_p1,0.1,65.0,14,16,4.0,2.0,68.0,3.0,True,6,5,1.1952286093343936,0.2151315935900621,68.0,3.0,3,0.09375,True,3.0,68.0
ER_n50_g16,ER,50,QAOA-NB,32,2,2,101634,False,12,1,wurtz_lykov_3reg_p1,0.1,65.0,14,16,0.0,0.0,68.0,3.0,True,6,5,1.0,0.12614709297869905,67.0,2.0,2,0.0625,True,2.0,67.0
ER_n50_g16,ER,50,QAOA-BF,32,3,3,101635,True,12,1,wurtz_lykov_3reg_p1,0.1,65.0,13,20,5.656854249492381,3.0,65.0,0.0,False,6,0,1.4301938838683885,0.4565153581495018,65.0,0.0,0,0.0,False,0.0,65.0
ER_n50_g16,ER,50,QAOA-NB,32,3,3,101635,False,12,1,wurtz_lykov_3reg_p1,0.1,65.0,13,20,0.0,0.0,65.0,0.0,False,6,0,1.0,0.2085644157403536,65.0,0.0,0,0.0,False,0.0,65.0
ER_n50_g16,ER,50,QAOA-BF,32,4,4,101636,True,12,1,wurtz_lykov_3reg_p1,0.1,65.0,16,18,6.324555320336759,4.0,68.0,3.0,True,6,0,1.5603789952109879,0.17821880352369004,66.0,1.0,1,0.03125,True,1.0,66.0
ER_n50_g16,ER,50,QAOA-NB,32,4,4,101636,False,12,1,wurtz_lykov_3reg_p1,0.1,65.0,16,18,0.0,0.0,68.0,3.0,True,6,0,1.0,0.13235706151375043,66.0,1.0,1,0.03125,True,1.0,66.0
ER_n50_g16,ER,50,QAOA-BF,32,5,5,101637,True,12,1,wurtz_lykov_3reg_p1,0.1,65.0,14,22,6.0,5.0,68.0,3.0,True,6,5,1.5811388300841898,0.17505690934562235,67.0,2.0,1,0.03125,True,2.0,67.0
ER_n50_g16,ER,50,QAOA-NB,32,5,5,101637,False,12,1,wurtz_lykov_3reg_p1,0.1,65.0,14,22,0.0,0.0,68.0,3.0,True,6,5,1.0,0.14039746855424862,67.0,2.0,2,0.0625,True,2.0,67.0
ER_n50_g16,ER,50,QAOA-BF,32,6,6,101638,True,12,1,wurtz_lykov_3reg_p1,0.1,65.0,13,20,7.3484692283495345,5.0,68.0,3.0,True,6,2,1.7451230745865878,0.21652920006534412,68.0,3.0,3,0.09375,True,3.0,68.0
ER_n50_g16,ER,50,QAOA-NB,32,6,6,101638,False,12,1,wurtz_lykov_3reg_p1,0.1,65.0,13,20,0.0,0.0,68.0,3.0,True,6,2,1.0,0.10696290992003804,66.0,1.0,1,0.03125,True,1.0,66.0
ER_n50_g16,ER,50,QAOA-BF,32,7,7,101639,True,12,1,wurtz_lykov_3reg_p1,0.1,65.0,16,25,7.681145747868608,5.0,69.0,4.0,True,6,2,1.7320508075688772,0.19910732851756224,66.0,1.0,1,0.03125,True,1.0,66.0
ER_n50_g16,ER,50,QAOA-NB,32,7,7,101639,False,12,1,wurtz_lykov_3reg_p1,0.1,65.0,16,25,0.0,0.0,69.0,4.0,True,6,2,1.0,0.1251467077102492,66.0,1.0,1,0.03125,True,1.0,66.0
ER_n50_g16,ER,50,QAOA-BF,128,0,0,101728,True,12,1,wurtz_lykov_3reg_p1,0.1,65.0,15,33,8.306623862918075,5.0,66.0,1.0,True,6,5,1.8708286933869707,0.32634709302857917,65.0,0.0,0,0.0,False,0.0,65.0
ER_n50_g16,ER,50,QAOA-NB,128,0,0,101728,False,12,1,wurtz_lykov_3reg_p1,0.1,65.0,15,33,0.0,0.0,66.0,1.0,True,6,5,1.0,0.16579321681077938,65.0,0.0,0,0.0,False,0.0,65.0
ER_n50_g16,ER,50,QAOA-BF,128,1,1,101729,True,12,1,wurtz_lykov_3reg_p1,0.1,65.0,17,23,6.4031242374328485,3.0,65.0,0.0,False,6,0,1.5879984667608413,0.3640898842333006,65.0,0.0,0,0.0,False,0.0,65.0
ER_n50_g16,ER,50,QAOA-NB,128,1,1,101729,False,12,1,wurtz_lykov_3reg_p1,0.1,65.0,17,23,0.0,0.0,65.0,0.0,False,6,0,1.0,0.21836182371129179,65.0,0.0,0,0.0,False,0.0,65.0
ER_n50_g16,ER,50,QAOA-BF,128,2,2,101730,True,12,1,wurtz_lykov_3reg_p1,0.1,65.0,14,18,4.69041575982343,3.0,68.0,3.0,True,6,3,1.3764944032233706,0.202566966429041,68.0,3.0,11,0.0859375,True,3.0,68.0
ER_n50_g16,ER,50,QAOA-NB,128,2,2,101730,False,12,1,wurtz_lykov_3reg_p1,0.1,65.0,14,18,0.0,0.0,68.0,3.0,True,6,3,1.0,0.08078474470965832,67.0,2.0,5,0.0390625,True,2.0,67.0
ER_n50_g16,ER,50,QAOA-BF,128,3,3,101731,True,12,1,wurtz_lykov_3reg_p1,0.1,65.0,14,21,6.082762530298219,3.0,68.0,3.0,True,6,1,1.558387444947959,0.2510942091792215,68.0,3.0,7,0.0546875,True,3.0,68.0
ER_n50_g16,ER,50,QAOA-NB,128,3,3,101731,False,12,1,wurtz_lykov_3reg_p1,0.1,65.0,14,21,0.0,0.0,68.0,3.0,True,6,1,1.0,0.10353983437012294,67.0,2.0,7,0.0546875,True,2.0,67.0
ER_n50_g16,ER,50,QAOA-BF,128,4,4,101732,True,12,1,wurtz_lykov_3reg_p1,0.1,65.0,15,22,4.47213595499958,4.0,66.0,1.0,True,6,0,1.3228756555322954,0.24163908101653978,65.0,0.0,0,0.0,False,0.0,65.0
ER_n50_g16,ER,50,QAOA-NB,128,4,4,101732,False,12,1,wurtz_lykov_3reg_p1,0.1,65.0,15,22,0.0,0.0,66.0,1.0,True,6,0,1.0,0.2357296972419451,65.0,0.0,0,0.0,False,0.0,65.0
ER_n50_g16,ER,50,QAOA-BF,128,5,5,101733,True,12,1,wurtz_lykov_3reg_p1,0.1,65.0,15,21,5.5677643628300215,3.0,65.0,0.0,False,6,0,1.4142135623730951,0.38854077263230996,65.0,0.0,0,0.0,False,0.0,65.0
ER_n50_g16,ER,50,QAOA-NB,128,5,5,101733,False,12,1,wurtz_lykov_3reg_p1,0.1,65.0,15,21,0.0,0.0,65.0,0.0,False,6,0,1.0,0.20087733561464252,65.0,0.0,0,0.0,False,0.0,65.0
ER_n50_g16,ER,50,QAOA-BF,128,6,6,101734,True,12,1,wurtz_lykov_3reg_p1,0.1,65.0,14,14,4.0,2.0,68.0,3.0,True,6,1,1.1952286093343936,0.18428284268020093,67.0,2.0,4,0.03125,True,2.0,67.0
ER_n50_g16,ER,50,QAOA-NB,128,6,6,101734,False,12,1,wurtz_lykov_3reg_p1,0.1,65.0,14,14,0.0,0.0,68.0,3.0,True,6,1,1.0,0.07790788888998597,68.0,3.0,4,0.03125,True,3.0,68.0
ER_n50_g16,ER,50,QAOA-BF,128,7,7,101735,True,12,1,wurtz_lykov_3reg_p1,0.1,65.0,16,30,7.211102550927978,4.0,66.0,1.0,True,6,5,1.7580981459830651,0.23951704888073622,65.0,0.0,0,0.0,False,0.0,65.0
ER_n50_g16,ER,50,QAOA-NB,128,7,7,101735,False,12,1,wurtz_lykov_3reg_p1,0.1,65.0,16,30,0.0,0.0,66.0,1.0,True,6,5,1.0,0.09480698111095677,65.0,0.0,0,0.0,False,0.0,65.0
ER_n50_g16,ER,50,QAOA-BF,512,0,0,102112,True,12,1,wurtz_lykov_3reg_p1,0.1,65.0,15,32,8.12403840463596,5.0,66.0,1.0,True,6,2,1.8371173070873836,0.31280127571401006,66.0,1.0,4,0.0078125,True,1.0,66.0
ER_n50_g16,ER,50,QAOA-NB,512,0,0,102112,False,12,1,wurtz_lykov_3reg_p1,0.1,65.0,15,32,0.0,0.0,66.0,1.0,True,6,2,1.0,0.14974928381351368,66.0,1.0,3,0.005859375,True,1.0,66.0
ER_n50_g16,ER,50,QAOA-BF,512,1,1,102113,True,12,1,wurtz_lykov_3reg_p1,0.1,65.0,11,18,6.48074069840786,4.0,68.0,3.0,True,6,2,1.6278820596099706,0.19515403728921019,67.0,2.0,17,0.033203125,True,2.0,67.0
ER_n50_g16,ER,50,QAOA-NB,512,1,1,102113,False,12,1,wurtz_lykov_3reg_p1,0.1,65.0,11,18,0.0,0.0,68.0,3.0,True,6,2,1.0,0.10619910154820061,68.0,3.0,11,0.021484375,True,3.0,68.0
ER_n50_g16,ER,50,QAOA-BF,512,2,2,102114,True,12,1,wurtz_lykov_3reg_p1,0.1,65.0,13,20,7.3484692283495345,5.0,68.0,3.0,True,6,1,1.7451230745865878,0.21652920006534418,68.0,3.0,16,0.03125,True,3.0,68.0
ER_n50_g16,ER,50,QAOA-NB,512,2,2,102114,False,12,1,wurtz_lykov_3reg_p1,0.1,65.0,13,20,0.0,0.0,68.0,3.0,True,6,1,1.0,0.10696290992003807,67.0,2.0,6,0.01171875,True,2.0,67.0
ER_n50_g16,ER,50,QAOA-BF,512,3,3,102115,True,12,1,wurtz_lykov_3reg_p1,0.1,65.0,13,19,6.082762530298219,4.0,68.0,3.0,True,6,1,1.5430334996209192,0.24503618472435898,68.0,3.0,28,0.0546875,True,3.0,68.0
ER_n50_g16,ER,50,QAOA-NB,512,3,3,102115,False,12,1,wurtz_lykov_3reg_p1,0.1,65.0,13,19,0.0,0.0,68.0,3.0,True,6,1,1.0,0.14933328166902188,67.0,2.0,9,0.017578125,True,2.0,67.0
ER_n50_g16,ER,50,QAOA-BF,512,4,4,102116,True,12,1,wurtz_lykov_3reg_p1,0.1,65.0,15,20,6.928203230275509,4.0,68.0,3.0,True,6,4,1.6550318531021113,0.24973789350110834,68.0,3.0,22,0.04296875,True,3.0,68.0
ER_n50_g16,ER,50,QAOA-NB,512,4,4,102116,False,12,1,wurtz_lykov_3reg_p1,0.1,65.0,15,20,0.0,0.0,68.0,3.0,True,6,4,1.0,0.14349723562186628,68.0,3.0,12,0.0234375,True,3.0,68.0
ER_n50_g16,ER,50,QAOA-BF,512,5,5,102117,True,12,1,wurtz_lykov_3reg_p1,0.1,65.0,13,25,7.810249675906654,5.0,68.0,3.0,True,6,1,1.9235384061671346,0.18053414424101452,68.0,3.0,25,0.048828125,True,3.0,68.0
ER_n50_g16,ER,50,QAOA-NB,512,5,5,102117,False,12,1,wurtz_lykov_3reg_p1,0.1,65.0,13,25,0.0,0.0,68.0,3.0,True,6,1,1.0,0.16243120292193441,68.0,3.0,13,0.025390625,True,3.0,68.0
ER_n50_g16,ER,50,QAOA-BF,512,6,6,102118,True,12,1,wurtz_lykov_3reg_p1,0.1,65.0,16,19,6.708203932499369,4.0,67.0,2.0,True,6,1,1.5620499351813308,0.2524130568554046,67.0,2.0,27,0.052734375,True,2.0,67.0
ER_n50_g16,ER,50,QAOA-NB,512,6,6,102118,False,12,1,wurtz_lykov_3reg_p1,0.1,65.0,16,19,0.0,0.0,67.0,2.0,True,6,1,1.0,0.1409326973532938,67.0,2.0,13,0.025390625,True,2.0,67.0
ER_n50_g16,ER,50,QAOA-BF,512,7,7,102119,True,12,1,wurtz_lykov_3reg_p1,0.1,65.0,12,24,5.656854249492381,4.0,68.0,3.0,True,6,0,1.4832396974191326,0.24303557768072323,68.0,3.0,19,0.037109375,True,3.0,68.0
ER_n50_g16,ER,50,QAOA-NB,512,7,7,102119,False,12,1,wurtz_lykov_3reg_p1,0.1,65.0,12,24,0.0,0.0,68.0,3.0,True,6,0,1.0,0.12721832084951837,67.0,2.0,10,0.01953125,True,2.0,67.0
ER_n50_g16,ER,50,QAOA-BF,2048,0,0,103648,True,12,1,wurtz_lykov_3reg_p1,0.1,65.0,14,14,4.0,2.0,68.0,3.0,True,6,1,1.1952286093343936,0.1842828426802008,68.0,3.0,96,0.046875,True,3.0,68.0
ER_n50_g16,ER,50,QAOA-NB,2048,0,0,103648,False,12,1,wurtz_lykov_3reg_p1,0.1,65.0,14,14,0.0,0.0,68.0,3.0,True,6,1,1.0,0.077907888889986,68.0,3.0,52,0.025390625,True,3.0,68.0
ER_n50_g16,ER,50,QAOA-BF,2048,1,1,103649,True,12,1,wurtz_lykov_3reg_p1,0.1,65.0,14,14,4.0,2.0,68.0,3.0,True,6,0,1.1952286093343936,0.18428284268020084,68.0,3.0,91,0.04443359375,True,3.0,68.0
ER_n50_g16,ER,50,QAOA-NB,2048,1,1,103649,False,12,1,wurtz_lykov_3reg_p1,0.1,65.0,14,14,0.0,0.0,68.0,3.0,True,6,0,1.0,0.07790788888998594,68.0,3.0,48,0.0234375,True,3.0,68.0
ER_n50_g16,ER,50,QAOA-BF,2048,2,2,103650,True,12,1,wurtz_lykov_3reg_p1,0.1,65.0,16,25,7.0,5.0,65.0,0.0,False,6,0,1.7188791273808215,0.21488702881398483,65.0,0.0,0,0.0,False,0.0,65.0
ER_n50_g16,ER,50,QAOA-NB,2048,2,2,103650,False,12,1,wurtz_lykov_3reg_p1,0.1,65.0,16,25,0.0,0.0,65.0,0.0,False,6,0,1.0,0.0664985224655281,65.0,0.0,0,0.0,False,0.0,65.0
ER_n50_g16,ER,50,QAOA-BF,2048,3,3,103651,True,12,1,wurtz_lykov_3reg_p1,0.1,65.0,15,19,7.54983443527075,5.0,68.0,3.0,True,6,2,1.8090680674665818,0.1746035378881228,68.0,3.0,98,0.0478515625,True,3.0,68.0
ER_n50_g16,ER,50,QAOA-NB,2048,3,3,103651,False,12,1,wurtz_lykov_3reg_p1,0.1,65.0,15,19,0.0,0.0,68.0,3.0,True,6,2,1.0,0.05972326775966693,68.0,3.0,41,0.02001953125,True,3.0,68.0
ER_n50_g16,ER,50,QAOA-BF,2048,4,4,103652,True,12,1,wurtz_lykov_3reg_p1,0.1,65.0,15,30,7.3484692283495345,5.0,66.0,1.0,True,6,5,1.7320508075688772,0.31388248945905534,66.0,1.0,20,0.009765625,True,1.0,66.0
ER_n50_g16,ER,50,QAOA-NB,2048,4,4,103652,False,12,1,wurtz_lykov_3reg_p1,0.1,65.0,15,30,0.0,0.0,66.0,1.0,True,6,5,1.0,0.19254337658972207,66.0,1.0,4,0.001953125,True,1.0,66.0
ER_n50_g16,ER,50,QAOA-BF,2048,5,5,103653,True,12,1,wurtz_lykov_3reg_p1,0.1,65.0,11,30,7.745966692414834,5.0,68.0,3.0,True,6,1,1.986062547968831,0.21318812364698814,68.0,3.0,58,0.0283203125,True,3.0,68.0
ER_n50_g16,ER,50,QAOA-NB,2048,5,5,103653,False,12,1,wurtz_lykov_3reg_p1,0.1,65.0,11,30,0.0,0.0,68.0,3.0,True,6,1,1.0,0.10158015859762197,68.0,3.0,25,0.01220703125,True,3.0,68.0
ER_n50_g16,ER,50,QAOA-BF,2048,6,6,103654,True,12,1,wurtz_lykov_3reg_p1,0.1,65.0,13,23,8.06225774829855,5.0,68.0,3.0,True,6,0,1.9748417658131499,0.22049268504517386,68.0,3.0,75,0.03662109375,True,3.0,68.0
ER_n50_g16,ER,50,QAOA-NB,2048,6,6,103654,False,12,1,wurtz_lykov_3reg_p1,0.1,65.0,13,23,0.0,0.0,68.0,3.0,True,6,0,1.0,0.12953743454194466,68.0,3.0,34,0.0166015625,True,3.0,68.0
ER_n50_g16,ER,50,QAOA-BF,2048,7,7,103655,True,12,1,wurtz_lykov_3reg_p1,0.1,65.0,14,13,3.605551275463989,2.0,68.0,3.0,True,6,2,1.1338934190276817,0.19686921115343062,68.0,3.0,123,0.06005859375,True,3.0,68.0
ER_n50_g16,ER,50,QAOA-NB,2048,7,7,103655,False,12,1,wurtz_lykov_3reg_p1,0.1,65.0,14,13,0.0,0.0,68.0,3.0,True,6,2,1.0,0.12342334341603345,68.0,3.0,38,0.0185546875,True,3.0,68.0
ER_n50_g17,ER,50,LS-only,,,,,,,,,,52.0,,,,,,,,,,,,,,,,,,52.0
ER_n50_g17,ER,50,QAOA-BF,32,0,0,101732,True,12,1,wurtz_lykov_3reg_p1,0.1,52.0,12,13,3.3166247903554,2.0,54.0,2.0,True,6,2,1.1631599960755994,0.1804997210387848,54.0,2.0,2,0.0625,True,2.0,54.0
ER_n50_g17,ER,50,QAOA-NB,32,0,0,101732,False,12,1,wurtz_lykov_3reg_p1,0.1,52.0,12,13,0.0,0.0,54.0,2.0,True,6,2,1.0,0.11370505194371792,54.0,2.0,1,0.03125,True,2.0,54.0
ER_n50_g17,ER,50,QAOA-BF,32,1,1,101733,True,12,1,wurtz_lykov_3reg_p1,0.1,52.0,14,17,5.744562646538029,3.0,53.0,1.0,True,6,1,1.5329709716755893,0.23181173562659668,52.0,0.0,0,0.0,False,0.0,52.0
ER_n50_g17,ER,50,QAOA-NB,32,1,1,101733,False,12,1,wurtz_lykov_3reg_p1,0.1,52.0,14,17,0.0,0.0,53.0,1.0,True,6,1,1.0,0.12197694833238652,52.0,0.0,0,0.0,False,0.0,52.0
ER_n50_g17,ER,50,QAOA-BF,32,2,2,101734,True,12,1,wurtz_lykov_3reg_p1,0.1,52.0,11,19,5.916079783099616,3.0,53.0,1.0,True,6,0,1.5559732104309982,0.2110429585853656,52.0,0.0,0,0.0,False,0.0,52.0
ER_n50_g17,ER,50,QAOA-NB,32,2,2,101734,False,12,1,wurtz_lykov_3reg_p1,0.1,52.0,11,19,0.0,0.0,53.0,1.0,True,6,0,1.0,0.09783803691054692,52.0,0.0,0,0.0,False,0.0,52.0
ER_n50_g17,ER,50,QAOA-BF,32,3,3,101735,True,12,1,wurtz_lykov_3reg_p1,0.1,52.0,14,12,3.4641016151377544,2.0,53.0,1.0,True,6,0,1.140175425099138,0.286368449937601,52.0,0.0,0,0.0,False,0.0,52.0
ER_n50_g17,ER,50,QAOA-NB,32,3,3,101735,False,12,1,wurtz_lykov_3reg_p1,0.1,52.0,14,12,0.0,0.0,53.0,1.0,True,6,0,1.0,0.2571456905803669,52.0,0.0,0,0.0,False,0.0,52.0
ER_n50_g17,ER,50,QAOA-BF,32,4,4,101736,True,12,1,wurtz_lykov_3reg_p1,0.1,52.0,11,11,3.605551275463989,3.0,54.0,2.0,True,6,1,1.224744871391589,0.29461894043256087,54.0,2.0,1,0.03125,True,2.0,54.0
ER_n50_g17,ER,50,QAOA-NB,32,4,4,101736,False,12,1,wurtz_lykov_3reg_p1,0.1,52.0,11,11,0.0,0.0,54.0,2.0,True,6,1,1.0,0.23217250254984578,54.0,2.0,1,0.03125,True,2.0,54.0
ER_n50_g17,ER,50,QAOA-BF,32,5,5,101737,True,12,1,wurtz_lykov_3reg_p1,0.1,52.0,12,12,4.242640687119285,3.0,53.0,1.0,True,6,0,1.2565617248750864,0.27255088778520536,52.0,0.0,0,0.0,False,0.0,52.0
ER_n50_g17,ER,50,QAOA-NB,32,5,5,101737,False,12,1,wurtz_lykov_3reg_p1,0.1,52.0,12,12,0.0,0.0,53.0,1.0,True,6,0,1.0,0.3367294265562378,52.0,0.0,0,0.0,False,0.0,52.0
ER_n50_g17,ER,50,QAOA-BF,32,6,6,101738,True,12,1,wurtz_lykov_3reg_p1,0.1,52.0,12,10,4.898979485566356,3.0,54.0,2.0,True,6,0,1.4552137502179978,0.22325956060914687,53.0,1.0,3,0.09375,True,1.0,53.0
ER_n50_g17,ER,50,QAOA-NB,32,6,6,101738,False,12,1,wurtz_lykov_3reg_p1,0.1,52.0,12,10,0.0,0.0,54.0,2.0,True,6,0,1.0,0.24801705121666698,52.0,0.0,0,0.0,False,0.0,52.0
ER_n50_g17,ER,50,QAOA-BF,32,7,7,101739,True,12,1,wurtz_lykov_3reg_p1,0.1,52.0,12,10,4.898979485566356,3.0,54.0,2.0,True,6,1,1.4552137502179978,0.22325956060914673,54.0,2.0,7,0.21875,True,2.0,54.0
ER_n50_g17,ER,50,QAOA-NB,32,7,7,101739,False,12,1,wurtz_lykov_3reg_p1,0.1,52.0,12,10,0.0,0.0,54.0,2.0,True,6,1,1.0,0.24801705121666698,54.0,2.0,4,0.125,True,2.0,54.0
ER_n50_g17,ER,50,QAOA-BF,128,0,0,101828,True,12,1,wurtz_lykov_3reg_p1,0.1,52.0,12,18,5.656854249492381,3.0,53.0,1.0,True,6,2,1.4832396974191326,0.31529224282457935,53.0,1.0,4,0.03125,True,1.0,53.0
ER_n50_g17,ER,50,QAOA-NB,128,0,0,101828,False,12,1,wurtz_lykov_3reg_p1,0.1,52.0,12,18,0.0,0.0,53.0,1.0,True,6,2,1.0,0.23646099659344727,52.0,0.0,0,0.0,False,0.0,52.0
ER_n50_g17,ER,50,QAOA-BF,128,1,1,101829,True,12,1,wurtz_lykov_3reg_p1,0.1,52.0,11,20,6.164414002968976,3.0,53.0,1.0,True,6,1,1.6059101370939324,0.3045429694871341,53.0,1.0,3,0.0234375,True,1.0,53.0
ER_n50_g17,ER,50,QAOA-NB,128,1,1,101829,False,12,1,wurtz_lykov_3reg_p1,0.1,52.0,11,20,0.0,0.0,53.0,1.0,True,6,1,1.0,0.20538235857157078,53.0,1.0,1,0.0078125,True,1.0,53.0
ER_n50_g17,ER,50,QAOA-BF,128,2,2,101830,True,12,1,wurtz_lykov_3reg_p1,0.1,52.0,14,13,5.5677643628300215,4.0,53.0,1.0,True,6,1,1.538967528127731,0.32689948441477257,52.0,0.0,0,0.0,False,0.0,52.0
ER_n50_g17,ER,50,QAOA-NB,128,2,2,101830,False,12,1,wurtz_lykov_3reg_p1,0.1,52.0,14,13,0.0,0.0,53.0,1.0,True,6,1,1.0,0.32620003793855934,52.0,0.0,0,0.0,False,0.0,52.0
ER_n50_g17,ER,50,QAOA-BF,128,3,3,101831,True,12,1,wurtz_lykov_3reg_p1,0.1,52.0,13,11,3.605551275463989,2.0,53.0,1.0,True,6,0,1.140175425099138,0.24094335386663396,53.0,1.0,6,0.046875,True,1.0,53.0
ER_n50_g17,ER,50,QAOA-NB,128,3,3,101831,False,12,1,wurtz_lykov_3reg_p1,0.1,52.0,13,11,0.0,0.0,53.0,1.0,True,6,0,1.0,0.16698033094789402,53.0,1.0,3,0.0234375,True,1.0,53.0
ER_n50_g17,ER,50,QAOA-BF,128,4,4,101832,True,12,1,wurtz_lykov_3reg_p1,0.1,52.0,11,13,4.123105625617661,3.0,54.0,2.0,True,6,4,1.2833778958394957,0.21075792784833228,54.0,2.0,5,0.0390625,True,2.0,54.0
ER_n50_g17,ER,50,QAOA-NB,128,4,4,101832,False,12,1,wurtz_lykov_3reg_p1,0.1,52.0,11,13,0.0,0.0,54.0,2.0,True,6,4,1.0,0.16500757989963646,54.0,2.0,4,0.03125,True,2.0,54.0
ER_n50_g17,ER,50,QAOA-BF,128,5,5,101833,True,12,1,wurtz_lykov_3reg_p1,0.1,52.0,12,10,4.898979485566356,3.0,54.0,2.0,True,6,0,1.4552137502179978,0.22325956060914692,54.0,2.0,5,0.0390625,True,2.0,54.0
ER_n50_g17,ER,50,QAOA-NB,128,5,5,101833,False,12,1,wurtz_lykov_3reg_p1,0.1,52.0,12,10,0.0,0.0,54.0,2.0,True,6,0,1.0,0.2480170512166668,54.0,2.0,1,0.0078125,True,2.0,54.0
ER_n50_g17,ER,50,QAOA-BF,128,6,6,101834,True,12,1,wurtz_lykov_3reg_p1,0.1,52.0,11,16,3.7416573867739413,2.0,54.0,2.0,True,6,4,1.1470786693528088,0.23404291258614307,54.0,2.0,6,0.046875,True,2.0,54.0
ER_n50_g17,ER,50,QAOA-NB,128,6,6,101834,False,12,1,wurtz_lykov_3reg_p1,0.1,52.0,11,16,0.0,0.0,54.0,2.0,True,6,4,1.0,0.12216913546268075,54.0,2.0,5,0.0390625,True,2.0,54.0
ER_n50_g17,ER,50,QAOA-BF,128,7,7,101835,True,12,1,wurtz_lykov_3reg_p1,0.1,52.0,13,11,4.358898943540674,3.0,54.0,2.0,True,6,2,1.3333333333333333,0.2726852772191035,53.0,1.0,1,0.0078125,True,1.0,53.0
ER_n50_g17,ER,50,QAOA-NB,128,7,7,101835,False,12,1,wurtz_lykov_3reg_p1,0.1,52.0,13,11,0.0,0.0,54.0,2.0,True,6,2,1.0,0.3914541074317832,52.0,0.0,0,0.0,False,0.0,52.0
ER_n50_g17,ER,50,QAOA-BF,512,0,0,102212,True,12,1,wurtz_lykov_3reg_p1,0.1,52.0,12,22,4.0,2.0,53.0,1.0,True,6,1,1.2139539573337679,0.3206242537936499,52.0,0.0,0,0.0,False,0.0,52.0
ER_n50_g17,ER,50,QAOA-NB,512,0,0,102212,False,12,1,wurtz_lykov_3reg_p1,0.1,52.0,12,22,0.0,0.0,53.0,1.0,True,6,1,1.0,0.1502757622945961,52.0,0.0,0,0.0,False,0.0,52.0
ER_n50_g17,ER,50,QAOA-BF,512,1,1,102213,True,12,1,wurtz_lykov_3reg_p1,0.1,52.0,15,14,4.47213595499958,2.0,53.0,1.0,True,6,0,1.2335879094879225,0.3204918348396453,53.0,1.0,21,0.041015625,True,1.0,53.0
ER_n50_g17,ER,50,QAOA-NB,512,1,1,102213,False,12,1,wurtz_lykov_3reg_p1,0.1,52.0,15,14,0.0,0.0,53.0,1.0,True,6,0,1.0,0.2339842449041288,53.0,1.0,10,0.01953125,True,1.0,53.0
ER_n50_g17,ER,50,QAOA-BF,512,2,2,102214,True,12,1,wurtz_lykov_3reg_p1,0.1,52.0,12,10,4.898979485566356,3.0,54.0,2.0,True,6,2,1.4552137502179978,0.22325956060914692,54.0,2.0,21,0.041015625,True,2.0,54.0
ER_n50_g17,ER,50,QAOA-NB,512,2,2,102214,False,12,1,wurtz_lykov_3reg_p1,0.1,52.0,12,10,0.0,0.0,54.0,2.0,True,6,2,1.0,0.2480170512166668,54.0,2.0,11,0.021484375,True,2.0,54.0
ER_n50_g17,ER,50,QAOA-BF,512,3,3,102215,True,12,1,wurtz_lykov_3reg_p1,0.1,52.0,13,14,6.324555320336759,5.0,53.0,1.0,True,6,0,1.7159383568311668,0.26687127847993525,53.0,1.0,9,0.017578125,True,1.0,53.0
ER_n50_g17,ER,50,QAOA-NB,512,3,3,102215,False,12,1,wurtz_lykov_3reg_p1,0.1,52.0,13,14,0.0,0.0,53.0,1.0,True,6,0,1.0,0.19477283921906915,53.0,1.0,6,0.01171875,True,1.0,53.0
ER_n50_g17,ER,50,QAOA-BF,512,4,4,102216,True,12,1,wurtz_lykov_3reg_p1,0.1,52.0,12,13,3.3166247903554,2.0,54.0,2.0,True,6,1,1.1631599960755994,0.18798909457000354,54.0,2.0,23,0.044921875,True,2.0,54.0
ER_n50_g17,ER,50,QAOA-NB,512,4,4,102216,False,12,1,wurtz_lykov_3reg_p1,0.1,52.0,12,13,0.0,0.0,54.0,2.0,True,6,1,1.0,0.08684346760536828,54.0,2.0,17,0.033203125,True,2.0,54.0
ER_n50_g17,ER,50,QAOA-BF,512,5,5,102217,True,12,1,wurtz_lykov_3reg_p1,0.1,52.0,11,12,3.7416573867739413,3.0,54.0,2.0,True,6,3,1.212678125181665,0.32344078373164603,54.0,2.0,30,0.05859375,True,2.0,54.0
ER_n50_g17,ER,50,QAOA-NB,512,5,5,102217,False,12,1,wurtz_lykov_3reg_p1,0.1,52.0,11,12,0.0,0.0,54.0,2.0,True,6,3,1.0,0.23217250254984578,54.0,2.0,17,0.033203125,True,2.0,54.0
ER_n50_g17,ER,50,QAOA-BF,512,6,6,102218,True,12,1,wurtz_lykov_3reg_p1,0.1,52.0,13,22,4.0,2.0,53.0,1.0,True,6,2,1.2041594578792296,0.3207946480045672,52.0,0.0,0,0.0,False,0.0,52.0
ER_n50_g17,ER,50,QAOA-NB,512,6,6,102218,False,12,1,wurtz_lykov_3reg_p1,0.1,52.0,13,22,0.0,0.0,53.0,1.0,True,6,2,1.0,0.16984969869490665,53.0,1.0,2,0.00390625,True,1.0,53.0
ER_n50_g17,ER,50,QAOA-BF,512,7,7,102219,True,12,1,wurtz_lykov_3reg_p1,0.1,52.0,13,15,5.744562646538029,5.0,53.0,1.0,True,6,2,1.5559732104309982,0.19618534492910034,53.0,1.0,15,0.029296875,True,1.0,53.0
ER_n50_g17,ER,50,QAOA-NB,512,7,7,102219,False,12,1,wurtz_lykov_3reg_p1,0.1,52.0,13,15,0.0,0.0,53.0,1.0,True,6,2,1.0,0.08490950015043748,53.0,1.0,7,0.013671875,True,1.0,53.0
ER_n50_g17,ER,50,QAOA-BF,2048,0,0,103748,True,12,1,wurtz_lykov_3reg_p1,0.1,52.0,11,13,4.123105625617661,3.0,54.0,2.0,True,6,0,1.2833778958394957,0.21075792784833228,54.0,2.0,106,0.0517578125,True,2.0,54.0
ER_n50_g17,ER,50,QAOA-NB,2048,0,0,103748,False,12,1,wurtz_lykov_3reg_p1,0.1,52.0,11,13,0.0,0.0,54.0,2.0,True,6,0,1.0,0.16500757989963646,54.0,2.0,88,0.04296875,True,2.0,54.0
ER_n50_g17,ER,50,QAOA-BF,2048,1,1,103749,True,12,1,wurtz_lykov_3reg_p1,0.1,52.0,13,13,5.744562646538029,5.0,53.0,1.0,True,6,1,1.5559732104309982,0.224452861165103,53.0,1.0,44,0.021484375,True,1.0,53.0
ER_n50_g17,ER,50,QAOA-NB,2048,1,1,103749,False,12,1,wurtz_lykov_3reg_p1,0.1,52.0,13,13,0.0,0.0,53.0,1.0,True,6,1,1.0,0.12861186341769282,53.0,1.0,16,0.0078125,True,1.0,53.0
ER_n50_g17,ER,50,QAOA-BF,2048,2,2,103750,True,12,1,wurtz_lykov_3reg_p1,0.1,52.0,12,16,3.4641016151377544,2.0,54.0,2.0,True,6,0,1.1547005383792515,0.22815945282059133,54.0,2.0,121,0.05908203125,True,2.0,54.0
ER_n50_g17,ER,50,QAOA-NB,2048,2,2,103750,False,12,1,wurtz_lykov_3reg_p1,0.1,52.0,12,16,0.0,0.0,54.0,2.0,True,6,0,1.0,0.15124277317558887,54.0,2.0,58,0.0283203125,True,2.0,54.0
ER_n50_g17,ER,50,QAOA-BF,2048,3,3,103751,True,12,1,wurtz_lykov_3reg_p1,0.1,52.0,12,17,4.358898943540674,3.0,53.0,1.0,True,6,0,1.3503812097939996,0.22252474901378,53.0,1.0,62,0.0302734375,True,1.0,53.0
ER_n50_g17,ER,50,QAOA-NB,2048,3,3,103751,False,12,1,wurtz_lykov_3reg_p1,0.1,52.0,12,17,0.0,0.0,53.0,1.0,True,6,0,1.0,0.11585830714767542,53.0,1.0,42,0.0205078125,True,1.0,53.0
ER_n50_g17,ER,50,QAOA-BF,2048,4,4,103752,True,12,1,wurtz_lykov_3reg_p1,0.1,52.0,13,18,6.0,5.0,53.0,1.0,True,6,0,1.6059101370939324,0.2072600538666041,53.0,1.0,49,0.02392578125,True,1.0,53.0
ER_n50_g17,ER,50,QAOA-NB,2048,4,4,103752,False,12,1,wurtz_lykov_3reg_p1,0.1,52.0,13,18,0.0,0.0,53.0,1.0,True,6,0,1.0,0.10330335018672025,53.0,1.0,24,0.01171875,True,1.0,53.0
ER_n50_g17,ER,50,QAOA-BF,2048,5,5,103753,True,12,1,wurtz_lykov_3reg_p1,0.1,52.0,11,16,3.7416573867739413,2.0,54.0,2.0,True,6,0,1.1470786693528088,0.27452426728189205,54.0,2.0,130,0.0634765625,True,2.0,54.0
ER_n50_g17,ER,50,QAOA-NB,2048,5,5,103753,False,12,1,wurtz_lykov_3reg_p1,0.1,52.0,11,16,0.0,0.0,54.0,2.0,True,6,0,1.0,0.1972309608358464,54.0,2.0,51,0.02490234375,True,2.0,54.0
ER_n50_g17,ER,50,QAOA-BF,2048,6,6,103754,True,12,1,wurtz_lykov_3reg_p1,0.1,52.0,10,15,3.605551275463989,2.0,54.0,2.0,True,6,4,1.1631599960755994,0.21710738157111406,54.0,2.0,114,0.0556640625,True,2.0,54.0
ER_n50_g17,ER,50,QAOA-NB,2048,6,6,103754,False,12,1,wurtz_lykov_3reg_p1,0.1,52.0,10,15,0.0,0.0,54.0,2.0,True,6,4,1.0,0.19336302354166363,54.0,2.0,67,0.03271484375,True,2.0,54.0
ER_n50_g17,ER,50,QAOA-BF,2048,7,7,103755,True,12,1,wurtz_lykov_3reg_p1,0.1,52.0,11,14,4.0,3.0,54.0,2.0,True,6,2,1.299038105676658,0.25534021019630737,54.0,2.0,92,0.044921875,True,2.0,54.0
ER_n50_g17,ER,50,QAOA-NB,2048,7,7,103755,False,12,1,wurtz_lykov_3reg_p1,0.1,52.0,11,14,0.0,0.0,54.0,2.0,True,6,2,1.0,0.23107800943686388,54.0,2.0,83,0.04052734375,True,2.0,54.0
ER_n50_g18,ER,50,LS-only,,,,,,,,,,65.0,,,,,,,,,,,,,,,,,,65.0
ER_n50_g18,ER,50,QAOA-BF,32,0,0,101832,True,12,1,wurtz_lykov_3reg_p1,0.1,65.0,11,20,5.0990195135927845,3.0,66.0,1.0,True,6,1,1.475286612233465,0.34929976716102795,65.0,0.0,0,0.0,False,0.0,65.0
ER_n50_g18,ER,50,QAOA-NB,32,0,0,101832,False,12,1,wurtz_lykov_3reg_p1,0.1,65.0,11,20,0.0,0.0,66.0,1.0,True,6,1,1.0,0.24994370458545212,65.0,0.0,0,0.0,False,0.0,65.0
ER_n50_g18,ER,50,QAOA-BF,32,1,1,101833,True,12,1,wurtz_lykov_3reg_p1,0.1,65.0,13,25,5.196152422706632,3.0,66.0,1.0,True,6,0,1.4142135623730951,0.2860910837598931,66.0,1.0,2,0.0625,True,1.0,66.0
ER_n50_g18,ER,50,QAOA-NB,32,1,1,101833,False,12,1,wurtz_lykov_3reg_p1,0.1,65.0,13,25,0.0,0.0,66.0,1.0,True,6,0,1.0,0.14743138665007963,66.0,1.0,1,0.03125,True,1.0,66.0
ER_n50_g18,ER,50,QAOA-BF,32,2,2,101834,True,12,1,wurtz_lykov_3reg_p1,0.1,65.0,11,20,5.291502622129181,4.0,66.0,1.0,True,6,1,1.5612494995995996,0.2633625838855207,65.0,0.0,0,0.0,False,0.0,65.0
ER_n50_g18,ER,50,QAOA-NB,32,2,2,101834,False,12,1,wurtz_lykov_3reg_p1,0.1,65.0,11,20,0.0,0.0,66.0,1.0,True,6,1,1.0,0.23531490535156122,65.0,0.0,0,0.0,False,0.0,65.0
ER_n50_g18,ER,50,QAOA-BF,32,3,3,101835,True,12,1,wurtz_lykov_3reg_p1,0.1,65.0,14,23,5.0,3.0,67.0,2.0,True,6,1,1.3314380468978917,0.3331325081856947,65.0,0.0,0,0.0,False,0.0,65.0
ER_n50_g18,ER,50,QAOA-NB,32,3,3,101835,False,12,1,wurtz_lykov_3reg_p1,0.1,65.0,14,23,0.0,0.0,67.0,2.0,True,6,1,1.0,0.20509167072692971,65.0,0.0,0,0.0,False,0.0,65.0
ER_n50_g18,ER,50,QAOA-BF,32,4,4,101836,True,12,1,wurtz_lykov_3reg_p1,0.1,65.0,12,20,5.0990195135927845,4.0,67.0,2.0,True,6,1,1.495090003192804,0.22535781832804325,65.0,0.0,0,0.0,False,0.0,65.0
ER_n50_g18,ER,50,QAOA-NB,32,4,4,101836,False,12,1,wurtz_lykov_3reg_p1,0.1,65.0,12,20,0.0,0.0,67.0,2.0,True,6,1,1.0,0.14297015302161312,65.0,0.0,0,0.0,False,0.0,65.0
ER_n50_g18,ER,50,QAOA-BF,32,5,5,101837,True,12,1,wurtz_lykov_3reg_p1,0.1,65.0,14,20,5.0990195135927845,3.0,67.0,2.0,True,6,2,1.3801311186847085,0.2356011344837272,66.0,1.0,1,0.03125,True,1.0,66.0
ER_n50_g18,ER,50,QAOA-NB,32,5,5,101837,False,12,1,wurtz_lykov_3reg_p1,0.1,65.0,14,20,0.0,0.0,67.0,2.0,True,6,2,1.0,0.12322592306485554,66.0,1.0,1,0.03125,True,1.0,66.0
ER_n50_g18,ER,50,QAOA-BF,32,6,6,101838,True,12,1,wurtz_lykov_3reg_p1,0.1,65.0,15,20,4.69041575982343,3.0,67.0,2.0,True,6,1,1.2683436648534627,0.3281243268686197,66.0,1.0,1,0.03125,True,1.0,66.0
ER_n50_g18,ER,50,QAOA-NB,32,6,6,101838,False,12,1,wurtz_lykov_3reg_p1,0.1,65.0,15,20,0.0,0.0,67.0,2.0,True,6,1,1.0,0.2060321531178569,66.0,1.0,1,0.03125,True,1.0,66.0
ER_n50_g18,ER,50,QAOA-BF,32,7,7,101839,True,12,1,wurtz_lykov_3reg_p1,0.1,65.0,15,22,6.0,3.0,67.0,2.0,True,6,1,1.4890907643081486,0.32668743857221616,65.0,0.0,0,0.0,False,0.0,65.0
ER_n50_g18,ER,50,QAOA-NB,32,7,7,101839,False,12,1,wurtz_lykov_3reg_p1,0.1,65.0,15,22,0.0,0.0,67.0,2.0,True,6,1,1.0,0.17022532964515807,65.0,0.0,0,0.0,False,0.0,65.0
ER_n50_g18,ER,50,QAOA-BF,128,0,0,101928,True,12,1,wurtz_lykov_3reg_p1,0.1,65.0,12,16,5.0990195135927845,4.0,68.0,3.0,True,6,5,1.495090003192804,0.21832380577484076,67.0,2.0,3,0.0234375,True,2.0,67.0
ER_n50_g18,ER,50,QAOA-NB,128,0,0,101928,False,12,1,wurtz_lykov_3reg_p1,0.1,65.0,12,16,0.0,0.0,68.0,3.0,True,6,5,1.0,0.16886778820974105,66.0,1.0,3,0.0234375,True,1.0,66.0
ER_n50_g18,ER,50,QAOA-BF,128,1,1,101929,True,12,1,wurtz_lykov_3reg_p1,0.1,65.0,11,22,4.898979485566356,4.0,67.0,2.0,True,6,3,1.5811388300841898,0.21548894269377766,66.0,1.0,2,0.015625,True,1.0,66.0
ER_n50_g18,ER,50,QAOA-NB,128,1,1,101929,False,12,1,wurtz_lykov_3reg_p1,0.1,65.0,11,22,0.0,0.0,67.0,2.0,True,6,3,1.0,0.13787582400813378,66.0,1.0,2,0.015625,True,1.0,66.0
ER_n50_g18,ER,50,QAOA-BF,128,2,2,101930,True,12,1,wurtz_lykov_3reg_p1,0.1,65.0,13,23,6.244997998398398,4.0,67.0,2.0,True,6,0,1.6543403837370223,0.23703699805217307,66.0,1.0,3,0.0234375,True,1.0,66.0
ER_n50_g18,ER,50,QAOA-NB,128,2,2,101930,False,12,1,wurtz_lykov_3reg_p1,0.1,65.0,13,23,0.0,0.0,67.0,2.0,True,6,0,1.0,0.15117141310149484,67.0,2.0,2,0.015625,True,2.0,67.0
ER_n50_g18,ER,50,QAOA-BF,128,3,3,101931,True,12,1,wurtz_lykov_3reg_p1,0.1,65.0,11,17,5.5677643628300215,4.0,66.0,1.0,True,6,1,1.5275252316519468,0.23545868272151801,65.0,0.0,0,0.0,False,0.0,65.0
ER_n50_g18,ER,50,QAOA-NB,128,3,3,101931,False,12,1,wurtz_lykov_3reg_p1,0.1,65.0,11,17,0.0,0.0,66.0,1.0,True,6,1,1.0,0.12249482871625025,65.0,0.0,0,0.0,False,0.0,65.0
ER_n50_g18,ER,50,QAOA-BF,128,4,4,101932,True,12,1,wurtz_lykov_3reg_p1,0.1,65.0,11,20,5.0990195135927845,3.0,66.0,1.0,True,6,1,1.475286612233465,0.3492997671610277,66.0,1.0,1,0.0078125,True,1.0,66.0
ER_n50_g18,ER,50,QAOA-NB,128,4,4,101932,False,12,1,wurtz_lykov_3reg_p1,0.1,65.0,11,20,0.0,0.0,66.0,1.0,True,6,1,1.0,0.24994370458545212,66.0,1.0,1,0.0078125,True,1.0,66.0
ER_n50_g18,ER,50,QAOA-BF,128,5,5,101933,True,12,1,wurtz_lykov_3reg_p1,0.1,65.0,15,20,4.47213595499958,2.0,67.0,2.0,True,6,1,1.2335879094879225,0.30324894828998306,65.0,0.0,0,0.0,False,0.0,65.0
ER_n50_g18,ER,50,QAOA-NB,128,5,5,101933,False,12,1,wurtz_lykov_3reg_p1,0.1,65.0,15,20,0.0,0.0,67.0,2.0,True,6,1,1.0,0.3337455038667978,65.0,0.0,0,0.0,False,0.0,65.0
ER_n50_g18,ER,50,QAOA-BF,128,6,6,101934,True,12,1,wurtz_lykov_3reg_p1,0.1,65.0,12,16,5.0990195135927845,4.0,68.0,3.0,True,6,2,1.495090003192804,0.21832380577484076,67.0,2.0,4,0.03125,True,2.0,67.0
ER_n50_g18,ER,50,QAOA-NB,128,6,6,101934,False,12,1,wurtz_lykov_3reg_p1,0.1,65.0,12,16,0.0,0.0,68.0,3.0,True,6,2,1.0,0.16886778820974113,67.0,2.0,4,0.03125,True,2.0,67.0
ER_n50_g18,ER,50,QAOA-BF,128,7,7,101935,True,12,1,wurtz_lykov_3reg_p1,0.1,65.0,15,20,6.0,3.0,67.0,2.0,True,6,4,1.4890907643081486,0.3546903874506554,67.0,2.0,8,0.0625,True,2.0,67.0
ER_n50_g18,ER,50,QAOA-NB,128,7,7,101935,False,12,1,wurtz_lykov_3reg_p1,0.1,65.0,15,20,0.0,0.0,67.0,2.0,True,6,4,1.0,0.23747195380646027,67.0,2.0,1,0.0078125,True,2.0,67.0
ER_n50_g18,ER,50,QAOA-BF,512,0,0,102312,True,12,1,wurtz_lykov_3reg_p1,0.1,65.0,13,26,6.164414002968976,3.0,67.0,2.0,True,6,5,1.558387444947959,0.2690701996279675,67.0,2.0,18,0.03515625,True,2.0,67.0
ER_n50_g18,ER,50,QAOA-NB,512,0,0,102312,False,12,1,wurtz_lykov_3reg_p1,0.1,65.0,13,26,0.0,0.0,67.0,2.0,True,6,5,1.0,0.10696290992003818,67.0,2.0,9,0.017578125,True,2.0,67.0
ER_n50_g18,ER,50,QAOA-BF,512,1,1,102313,True,12,1,wurtz_lykov_3reg_p1,0.1,65.0,12,26,5.477225575051661,3.0,68.0,3.0,True,6,5,1.5718104959867516,0.24147080831424494,68.0,3.0,30,0.05859375,True,3.0,68.0
ER_n50_g18,ER,50,QAOA-NB,512,1,1,102313,False,12,1,wurtz_lykov_3reg_p1,0.1,65.0,12,26,0.0,0.0,68.0,3.0,True,6,5,1.0,0.14420090827943094,67.0,2.0,13,0.025390625,True,2.0,67.0
ER_n50_g18,ER,50,QAOA-BF,512,2,2,102314,True,12,1,wurtz_lykov_3reg_p1,0.1,65.0,13,18,4.242640687119285,3.0,67.0,2.0,True,6,2,1.2449899597988732,0.26693582823434736,66.0,1.0,12,0.0234375,True,1.0,66.0
ER_n50_g18,ER,50,QAOA-NB,512,2,2,102314,False,12,1,wurtz_lykov_3reg_p1,0.1,65.0,13,18,0.0,0.0,67.0,2.0,True,6,2,1.0,0.18734224764843227,66.0,1.0,15,0.029296875,True,1.0,66.0
ER_n50_g18,ER,50,QAOA-BF,512,3,3,102315,True,12,1,wurtz_lykov_3reg_p1,0.1,65.0,13,22,5.830951894845301,3.0,67.0,2.0,True,6,5,1.5329709716755893,0.2824908687649275,67.0,2.0,16,0.03125,True,2.0,67.0
ER_n50_g18,ER,50,QAOA-NB,512,3,3,102315,False,12,1,wurtz_lykov_3reg_p1,0.1,65.0,13,22,0.0,0.0,67.0,2.0,True,6,5,1.0,0.15099352973153934,67.0,2.0,15,0.029296875,True,2.0,67.0
ER_n50_g18,ER,50,QAOA-BF,512,4,4,102316,True,12,1,wurtz_lykov_3reg_p1,0.1,65.0,13,21,4.795831523312719,4.0,67.0,2.0,True,6,1,1.4142135623730951,0.2551733629141503,65.0,0.0,0,0.0,False,0.0,65.0
ER_n50_g18,ER,50,QAOA-NB,512,4,4,102316,False,12,1,wurtz_lykov_3reg_p1,0.1,65.0,13,21,0.0,0.0,67.0,2.0,True,6,1,1.0,0.18912198046205952,65.0,0.0,0,0.0,False,0.0,65.0
ER_n50_g18,ER,50,QAOA-BF,512,5,5,102317,True,12,1,wurtz_lykov_3reg_p1,0.1,65.0,14,25,6.082762530298219,3.0,65.0,0.0,False,6,0,1.4890907643081486,0.3150537148351332,65.0,0.0,0,0.0,False,0.0,65.0
ER_n50_g18,ER,50,QAOA-NB,512,5,5,102317,False,12,1,wurtz_lykov_3reg_p1,0.1,65.0,14,25,0.0,0.0,65.0,0.0,False,6,0,1.0,0.10118039923180043,65.0,0.0,0,0.0,False,0.0,65.0
ER_n50_g18,ER,50,QAOA-BF,512,6,6,102318,True,12,1,wurtz_lykov_3reg_p1,0.1,65.0,11,19,5.385164807134504,4.0,66.0,1.0,True,6,1,1.5811388300841898,0.20406218465411732,66.0,1.0,17,0.033203125,True,1.0,66.0
ER_n50_g18,ER,50,QAOA-NB,512,6,6,102318,False,12,1,wurtz_lykov_3reg_p1,0.1,65.0,11,19,0.0,0.0,66.0,1.0,True,6,1,1.0,0.08250427505618704,66.0,1.0,6,0.01171875,True,1.0,66.0
ER_n50_g18,ER,50,QAOA-BF,512,7,7,102319,True,12,1,wurtz_lykov_3reg_p1,0.1,65.0,15,20,4.69041575982343,3.0,67.0,2.0,True,6,5,1.2683436648534627,0.3281243268686197,67.0,2.0,12,0.0234375,True,2.0,67.0
ER_n50_g18,ER,50,QAOA-NB,512,7,7,102319,False,12,1,wurtz_lykov_3reg_p1,0.1,65.0,15,20,0.0,0.0,67.0,2.0,True,6,5,1.0,0.20603215311785697,67.0,2.0,7,0.013671875,True,2.0,67.0
ER_n50_g18,ER,50,QAOA-BF,2048,0,0,103848,True,12,1,wurtz_lykov_3reg_p1,0.1,65.0,11,19,5.0,4.0,67.0,2.0,True,6,3,1.5491933384829668,0.18335340410028808,66.0,1.0,49,0.02392578125,True,1.0,66.0
ER_n50_g18,ER,50,QAOA-NB,2048,0,0,103848,False,12,1,wurtz_lykov_3reg_p1,0.1,65.0,11,19,0.0,0.0,67.0,2.0,True,6,3,1.0,0.08250427505618704,66.0,1.0,32,0.015625,True,1.0,66.0
ER_n50_g18,ER,50,QAOA-BF,2048,1,1,103849,True,12,1,wurtz_lykov_3reg_p1,0.1,65.0,12,17,6.244997998398398,4.0,66.0,1.0,True,6,0,1.6383560438182505,0.31110002275011245,66.0,1.0,5,0.00244140625,True,1.0,66.0
ER_n50_g18,ER,50,QAOA-NB,2048,1,1,103849,False,12,1,wurtz_lykov_3reg_p1,0.1,65.0,12,17,0.0,0.0,66.0,1.0,True,6,0,1.0,0.17353412764198461,65.0,0.0,0,0.0,False,0.0,65.0
ER_n50_g18,ER,50,QAOA-BF,2048,2,2,103850,True,12,1,wurtz_lykov_3reg_p1,0.1,65.0,14,23,6.855654600401044,4.0,67.0,2.0,True,6,1,1.6285496348111341,0.33161726254431056,67.0,2.0,70,0.0341796875,True,2.0,67.0
ER_n50_g18,ER,50,QAOA-NB,2048,2,2,103850,False,12,1,wurtz_lykov_3reg_p1,0.1,65.0,14,23,0.0,0.0,67.0,2.0,True,6,1,1.0,0.15128712471250724,67.0,2.0,17,0.00830078125,True,2.0,67.0
ER_n50_g18,ER,50,QAOA-BF,2048,3,3,103851,True,12,1,wurtz_lykov_3reg_p1,0.1,65.0,11,19,5.0,4.0,67.0,2.0,True,6,1,1.5491933384829668,0.18335340410028805,66.0,1.0,35,0.01708984375,True,1.0,66.0
ER_n50_g18,ER,50,QAOA-NB,2048,3,3,103851,False,12,1,wurtz_lykov_3reg_p1,0.1,65.0,11,19,0.0,0.0,67.0,2.0,True,6,1,1.0,0.08250427505618702,66.0,1.0,23,0.01123046875,True,1.0,66.0
ER_n50_g18,ER,50,QAOA-BF,2048,4,4,103852,True,12,1,wurtz_lykov_3reg_p1,0.1,65.0,12,22,6.324555320336759,4.0,66.0,1.0,True,6,0,1.61245154965971,0.26773847626006925,66.0,1.0,51,0.02490234375,True,1.0,66.0
ER_n50_g18,ER,50,QAOA-NB,2048,4,4,103852,False,12,1,wurtz_lykov_3reg_p1,0.1,65.0,12,22,0.0,0.0,66.0,1.0,True,6,0,1.0,0.12080130086037373,66.0,1.0,51,0.02490234375,True,1.0,66.0
ER_n50_g18,ER,50,QAOA-BF,2048,5,5,103853,True,12,1,wurtz_lykov_3reg_p1,0.1,65.0,12,24,6.6332495807108,4.0,66.0,1.0,True,6,3,1.7167901505579042,0.31578892421806076,66.0,1.0,1,0.00048828125,True,1.0,66.0
ER_n50_g18,ER,50,QAOA-NB,2048,5,5,103853,False,12,1,wurtz_lykov_3reg_p1,0.1,65.0,12,24,0.0,0.0,66.0,1.0,True,6,3,1.0,0.16632745601957163,65.0,0.0,0,0.0,False,0.0,65.0
ER_n50_g18,ER,50,QAOA-BF,2048,6,6,103854,True,12,1,wurtz_lykov_3reg_p1,0.1,65.0,11,17,5.916079783099616,4.0,66.0,1.0,True,6,2,1.6449566416599486,0.2396770455570356,66.0,1.0,39,0.01904296875,True,1.0,66.0
ER_n50_g18,ER,50,QAOA-NB,2048,6,6,103854,False,12,1,wurtz_lykov_3reg_p1,0.1,65.0,11,17,0.0,0.0,66.0,1.0,True,6,2,1.0,0.13787582400813372,66.0,1.0,24,0.01171875,True,1.0,66.0
ER_n50_g18,ER,50,QAOA-BF,2048,7,7,103855,True,12,1,wurtz_lykov_3reg_p1,0.1,65.0,13,22,4.242640687119285,3.0,66.0,1.0,True,6,2,1.2449899597988732,0.4040648887627921,66.0,1.0,65,0.03173828125,True,1.0,66.0
ER_n50_g18,ER,50,QAOA-NB,2048,7,7,103855,False,12,1,wurtz_lykov_3reg_p1,0.1,65.0,13,22,0.0,0.0,66.0,1.0,True,6,2,1.0,0.20990063246676946,66.0,1.0,61,0.02978515625,True,1.0,66.0
ER_n50_g19,ER,50,LS-only,,,,,,,,,,54.0,,,,,,,,,,,,,,,,,,54.0
ER_n50_g19,ER,50,QAOA-BF,32,0,0,101932,True,12,1,wurtz_lykov_3reg_p1,0.1,54.0,13,16,3.1622776601683795,2.0,57.0,3.0,True,6,2,1.0723805294763609,0.24114278839398806,54.0,0.0,0,0.0,False,0.0,54.0
ER_n50_g19,ER,50,QAOA-NB,32,0,0,101932,False,12,1,wurtz_lykov_3reg_p1,0.1,54.0,13,16,0.0,0.0,57.0,3.0,True,6,2,1.0,0.22911819365345082,54.0,0.0,0,0.0,False,0.0,54.0
ER_n50_g19,ER,50,QAOA-BF,32,1,1,101933,True,12,1,wurtz_lykov_3reg_p1,0.1,54.0,13,12,3.4641016151377544,2.0,56.0,2.0,True,6,0,1.1470786693528088,0.2265384578536515,54.0,0.0,0,0.0,False,0.0,54.0
ER_n50_g19,ER,50,QAOA-NB,32,1,1,101933,False,12,1,wurtz_lykov_3reg_p1,0.1,54.0,13,12,0.0,0.0,56.0,2.0,True,6,0,1.0,0.09395170021449357,55.0,1.0,1,0.03125,True,1.0,55.0
ER_n50_g19,ER,50,QAOA-BF,32,2,2,101934,True,12,1,wurtz_lykov_3reg_p1,0.1,54.0,12,14,3.4641016151377544,2.0,57.0,3.0,True,6,4,1.1547005383792515,0.2335453759554727,54.0,0.0,0,0.0,False,0.0,54.0
ER_n50_g19,ER,50,QAOA-NB,32,2,2,101934,False,12,1,wurtz_lykov_3reg_p1,0.1,54.0,12,14,0.0,0.0,57.0,3.0,True,6,4,1.0,0.1649630177193035,54.0,0.0,0,0.0,False,0.0,54.0
ER_n50_g19,ER,50,QAOA-BF,32,3,3,101935,True,12,1,wurtz_lykov_3reg_p1,0.1,54.0,13,14,4.0,3.0,57.0,3.0,True,6,1,1.2692955176439846,0.16842483725051538,56.0,2.0,2,0.0625,True,2.0,56.0
ER_n50_g19,ER,50,QAOA-NB,32,3,3,101935,False,12,1,wurtz_lykov_3reg_p1,0.1,54.0,13,14,0.0,0.0,57.0,3.0,True,6,1,1.0,0.1735194762968589,56.0,2.0,2,0.0625,True,2.0,56.0
ER_n50_g19,ER,50,QAOA-BF,32,4,4,101936,True,12,1,wurtz_lykov_3reg_p1,0.1,54.0,12,14,2.8284271247461903,2.0,57.0,3.0,True,6,2,1.0846522890932808,0.2490826253464079,57.0,3.0,2,0.0625,True,3.0,57.0
ER_n50_g19,ER,50,QAOA-NB,32,4,4,101936,False,12,1,wurtz_lykov_3reg_p1,0.1,54.0,12,14,0.0,0.0,57.0,3.0,True,6,2,1.0,0.22375562119008524,54.0,0.0,0,0.0,False,0.0,54.0
ER_n50_g19,ER,50,QAOA-BF,32,5,5,101937,True,12,1,wurtz_lykov_3reg_p1,0.1,54.0,13,16,4.0,2.0,56.0,2.0,True,6,2,1.2041594578792296,0.2721474518825743,56.0,2.0,2,0.0625,True,2.0,56.0
ER_n50_g19,ER,50,QAOA-NB,32,5,5,101937,False,12,1,wurtz_lykov_3reg_p1,0.1,54.0,13,16,0.0,0.0,56.0,2.0,True,6,2,1.0,0.137876589427548,55.0,1.0,1,0.03125,True,1.0,55.0
ER_n50_g19,ER,50,QAOA-BF,32,6,6,101938,True,12,1,wurtz_lykov_3reg_p1,0.1,54.0,13,17,3.3166247903554,2.0,57.0,3.0,True,6,5,1.1547005383792515,0.23342166882046264,56.0,2.0,6,0.1875,True,2.0,56.0
ER_n50_g19,ER,50,QAOA-NB,32,6,6,101938,False,12,1,wurtz_lykov_3reg_p1,0.1,54.0,13,17,0.0,0.0,57.0,3.0,True,6,5,1.0,0.17163558255280972,56.0,2.0,3,0.09375,True,2.0,56.0
ER_n50_g19,ER,50,QAOA-BF,32,7,7,101939,True,12,1,wurtz_lykov_3reg_p1,0.1,54.0,13,16,3.4641016151377544,2.0,57.0,3.0,True,6,5,1.1470786693528088,0.22656680467559387,56.0,2.0,4,0.125,True,2.0,56.0
ER_n50_g19,ER,50,QAOA-NB,32,7,7,101939,False,12,1,wurtz_lykov_3reg_p1,0.1,54.0,13,16,0.0,0.0,57.0,3.0,True,6,5,1.0,0.17832315538382248,54.0,0.0,0,0.0,False,0.0,54.0
ER_n50_g19,ER,50,QAOA-BF,128,0,0,102028,True,12,1,wurtz_lykov_3reg_p1,0.1,54.0,13,13,3.3166247903554,2.0,56.0,2.0,True,6,1,1.1547005383792515,0.2033839873902668,55.0,1.0,2,0.015625,True,1.0,55.0
ER_n50_g19,ER,50,QAOA-NB,128,0,0,102028,False,12,1,wurtz_lykov_3reg_p1,0.1,54.0,13,13,0.0,0.0,56.0,2.0,True,6,1,1.0,0.11331776077199396,54.0,0.0,0,0.0,False,0.0,54.0
ER_n50_g19,ER,50,QAOA-BF,128,1,1,102029,True,12,1,wurtz_lykov_3reg_p1,0.1,54.0,13,15,4.123105625617661,3.0,56.0,2.0,True,6,0,1.2565617248750864,0.203623853904102,56.0,2.0,11,0.0859375,True,2.0,56.0
ER_n50_g19,ER,50,QAOA-NB,128,1,1,102029,False,12,1,wurtz_lykov_3reg_p1,0.1,54.0,13,15,0.0,0.0,56.0,2.0,True,6,0,1.0,0.15695442439625595,56.0,2.0,8,0.0625,True,2.0,56.0
ER_n50_g19,ER,50,QAOA-BF,128,2,2,102030,True,12,1,wurtz_lykov_3reg_p1,0.1,54.0,13,14,2.8284271247461903,2.0,56.0,2.0,True,6,3,1.0801234497346435,0.18652111439966645,56.0,2.0,8,0.0625,True,2.0,56.0
ER_n50_g19,ER,50,QAOA-NB,128,2,2,102030,False,12,1,wurtz_lykov_3reg_p1,0.1,54.0,13,14,0.0,0.0,56.0,2.0,True,6,3,1.0,0.0959398551637803,56.0,2.0,7,0.0546875,True,2.0,56.0
ER_n50_g19,ER,50,QAOA-BF,128,3,3,102031,True,12,1,wurtz_lykov_3reg_p1,0.1,54.0,12,14,3.4641016151377544,2.0,57.0,3.0,True,6,5,1.1547005383792515,0.2335453759554727,55.0,1.0,2,0.015625,True,1.0,55.0
ER_n50_g19,ER,50,QAOA-NB,128,3,3,102031,False,12,1,wurtz_lykov_3reg_p1,0.1,54.0,12,14,0.0,0.0,57.0,3.0,True,6,5,1.0,0.16496301771930344,55.0,1.0,1,0.0078125,True,1.0,55.0
ER_n50_g19,ER,50,QAOA-BF,128,4,4,102032,True,12,1,wurtz_lykov_3reg_p1,0.1,54.0,12,16,3.7416573867739413,2.0,57.0,3.0,True,6,1,1.140175425099138,0.2776327505139152,55.0,1.0,1,0.0078125,True,1.0,55.0
ER_n50_g19,ER,50,QAOA-NB,128,4,4,102032,False,12,1,wurtz_lykov_3reg_p1,0.1,54.0,12,16,0.0,0.0,57.0,3.0,True,6,1,1.0,0.2589474564819147,55.0,1.0,1,0.0078125,True,1.0,55.0
ER_n50_g19,ER,50,QAOA-BF,128,5,5,102033,True,12,1,wurtz_lykov_3reg_p1,0.1,54.0,13,16,4.47213595499958,3.0,57.0,3.0,True,6,0,1.3178930553209385,0.21100813005550542,56.0,2.0,9,0.0703125,True,2.0,56.0
ER_n50_g19,ER,50,QAOA-NB,128,5,5,102033,False,12,1,wurtz_lykov_3reg_p1,0.1,54.0,13,16,0.0,0.0,57.0,3.0,True,6,0,1.0,0.10502554482257821,56.0,2.0,5,0.0390625,True,2.0,56.0
ER_n50_g19,ER,50,QAOA-BF,128,6,6,102034,True,12,1,wurtz_lykov_3reg_p1,0.1,54.0,13,17,4.358898943540674,3.0,56.0,2.0,True,6,0,1.3333333333333333,0.1702524895946475,56.0,2.0,13,0.1015625,True,2.0,56.0
ER_n50_g19,ER,50,QAOA-NB,128,6,6,102034,False,12,1,wurtz_lykov_3reg_p1,0.1,54.0,13,17,0.0,0.0,56.0,2.0,True,6,0,1.0,0.12738656800257106,56.0,2.0,9,0.0703125,True,2.0,56.0
ER_n50_g19,ER,50,QAOA-BF,128,7,7,102035,True,12,1,wurtz_lykov_3reg_p1,0.1,54.0,13,17,4.358898943540674,2.0,57.0,3.0,True,6,0,1.2649110640673518,0.23352525324082274,56.0,2.0,6,0.046875,True,2.0,56.0
ER_n50_g19,ER,50,QAOA-NB,128,7,7,102035,False,12,1,wurtz_lykov_3reg_p1,0.1,54.0,13,17,0.0,0.0,57.0,3.0,True,6,0,1.0,0.1334992439274895,56.0,2.0,3,0.0234375,True,2.0,56.0
ER_n50_g19,ER,50,QAOA-BF,512,0,0,102412,True,12,1,wurtz_lykov_3reg_p1,0.1,54.0,12,16,4.0,2.0,56.0,2.0,True,6,0,1.2139539573337679,0.26534197197397874,56.0,2.0,33,0.064453125,True,2.0,56.0
ER_n50_g19,ER,50,QAOA-NB,512,0,0,102412,False,12,1,wurtz_lykov_3reg_p1,0.1,54.0,12,16,0.0,0.0,56.0,2.0,True,6,0,1.0,0.15341171580328236,56.0,2.0,2,0.00390625,True,2.0,56.0
ER_n50_g19,ER,50,QAOA-BF,512,1,1,102413,True,12,1,wurtz_lykov_3reg_p1,0.1,54.0,12,12,2.8284271247461903,2.0,57.0,3.0,True,6,0,1.0846522890932808,0.2690692043355388,56.0,2.0,8,0.015625,True,2.0,56.0
ER_n50_g19,ER,50,QAOA-NB,512,1,1,102413,False,12,1,wurtz_lykov_3reg_p1,0.1,54.0,12,12,0.0,0.0,57.0,3.0,True,6,0,1.0,0.18448881863283537,55.0,1.0,3,0.005859375,True,1.0,55.0
ER_n50_g19,ER,50,QAOA-BF,512,2,2,102414,True,12,1,wurtz_lykov_3reg_p1,0.1,54.0,13,13,3.3166247903554,2.0,56.0,2.0,True,6,1,1.1547005383792515,0.2033839873902668,56.0,2.0,3,0.005859375,True,2.0,56.0
ER_n50_g19,ER,50,QAOA-NB,512,2,2,102414,False,12,1,wurtz_lykov_3reg_p1,0.1,54.0,13,13,0.0,0.0,56.0,2.0,True,6,1,1.0,0.11331776077199396,55.0,1.0,3,0.005859375,True,1.0,55.0
ER_n50_g19,ER,50,QAOA-BF,512,3,3,102415,True,12,1,wurtz_lykov_3reg_p1,0.1,54.0,13,18,3.7416573867739413,2.0,56.0,2.0,True,6,0,1.224744871391589,0.27106768301950207,56.0,2.0,27,0.052734375,True,2.0,56.0
ER_n50_g19,ER,50,QAOA-NB,512,3,3,102415,False,12,1,wurtz_lykov_3reg_p1,0.1,54.0,13,18,0.0,0.0,56.0,2.0,True,6,0,1.0,0.2253528807001191,56.0,2.0,4,0.0078125,True,2.0,56.0
ER_n50_g19,ER,50,QAOA-BF,512,4,4,102416,True,12,1,wurtz_lykov_3reg_p1,0.1,54.0,12,16,3.4641016151377544,2.0,57.0,3.0,True,6,2,1.1547005383792515,0.27735499841654004,55.0,1.0,3,0.005859375,True,1.0,55.0
ER_n50_g19,ER,50,QAOA-NB,512,4,4,102416,False,12,1,wurtz_lykov_3reg_p1,0.1,54.0,12,16,0.0,0.0,57.0,3.0,True,6,2,1.0,0.2605567244351974,55.0,1.0,3,0.005859375,True,1.0,55.0
ER_n50_g19,ER,50,QAOA-BF,512,5,5,102417,True,12,1,wurtz_lykov_3reg_p1,0.1,54.0,13,16,3.1622776601683795,2.0,57.0,3.0,True,6,0,1.0723805294763609,0.24114278839398795,57.0,3.0,15,0.029296875,True,3.0,57.0
ER_n50_g19,ER,50,QAOA-NB,512,5,5,102417,False,12,1,wurtz_lykov_3reg_p1,0.1,54.0,13,16,0.0,0.0,57.0,3.0,True,6,0,1.0,0.2291181936534508,56.0,2.0,6,0.01171875,True,2.0,56.0
ER_n50_g19,ER,50,QAOA-BF,512,6,6,102418,True,12,1,wurtz_lykov_3reg_p1,0.1,54.0,13,16,3.1622776601683795,2.0,57.0,3.0,True,6,3,1.0723805294763609,0.2411427883939879,56.0,2.0,17,0.033203125,True,2.0,56.0
ER_n50_g19,ER,50,QAOA-NB,512,6,6,102418,False,12,1,wurtz_lykov_3reg_p1,0.1,54.0,13,16,0.0,0.0,57.0,3.0,True,6,3,1.0,0.22911819365345082,56.0,2.0,9,0.017578125,True,2.0,56.0
ER_n50_g19,ER,50,QAOA-BF,512,7,7,102419,True,12,1,wurtz_lykov_3reg_p1,0.1,54.0,13,19,5.916079783099616,4.0,56.0,2.0,True,6,1,1.5894388284780525,0.2154188261319092,55.0,1.0,6,0.01171875,True,1.0,55.0
ER_n50_g19,ER,50,QAOA-NB,512,7,7,102419,False,12,1,wurtz_lykov_3reg_p1,0.1,54.0,13,19,0.0,0.0,56.0,2.0,True,6,1,1.0,0.08971117692676328,56.0,2.0,3,0.005859375,True,2.0,56.0
ER_n50_g19,ER,50,QAOA-BF,2048,0,0,103948,True,12,1,wurtz_lykov_3reg_p1,0.1,54.0,12,14,2.8284271247461903,2.0,56.0,2.0,True,6,0,1.0846522890932808,0.24051441304529178,56.0,2.0,22,0.0107421875,True,2.0,56.0
ER_n50_g19,ER,50,QAOA-NB,2048,0,0,103948,False,12,1,wurtz_lykov_3reg_p1,0.1,54.0,12,14,0.0,0.0,56.0,2.0,True,6,0,1.0,0.1855753542452128,56.0,2.0,21,0.01025390625,True,2.0,56.0
ER_n50_g19,ER,50,QAOA-BF,2048,1,1,103949,True,12,1,wurtz_lykov_3reg_p1,0.1,54.0,13,16,3.1622776601683795,2.0,57.0,3.0,True,6,1,1.0723805294763609,0.24114278839398795,57.0,3.0,63,0.03076171875,True,3.0,57.0
ER_n50_g19,ER,50,QAOA-NB,2048,1,1,103949,False,12,1,wurtz_lykov_3reg_p1,0.1,54.0,13,16,0.0,0.0,57.0,3.0,True,6,1,1.0,0.22911819365345068,56.0,2.0,35,0.01708984375,True,2.0,56.0
ER_n50_g19,ER,50,QAOA-BF,2048,2,2,103950,True,12,1,wurtz_lykov_3reg_p1,0.1,54.0,14,16,4.242640687119285,2.0,57.0,3.0,True,6,2,1.2649110640673518,0.2888490413583529,56.0,2.0,145,0.07080078125,True,2.0,56.0
ER_n50_g19,ER,50,QAOA-NB,2048,2,2,103950,False,12,1,wurtz_lykov_3reg_p1,0.1,54.0,14,16,0.0,0.0,57.0,3.0,True,6,2,1.0,0.2132348723726639,57.0,3.0,64,0.03125,True,3.0,57.0
ER_n50_g19,ER,50,QAOA-BF,2048,3,3,103951,True,12,1,wurtz_lykov_3reg_p1,0.1,54.0,13,12,2.449489742783178,2.0,56.0,2.0,True,6,0,1.0897247358851685,0.2077890173089185,56.0,2.0,127,0.06201171875,True,2.0,56.0
ER_n50_g19,ER,50,QAOA-NB,2048,3,3,103951,False,12,1,wurtz_lykov_3reg_p1,0.1,54.0,13,12,0.0,0.0,56.0,2.0,True,6,0,1.0,0.13707146916596605,56.0,2.0,99,0.04833984375,True,2.0,56.0
ER_n50_g19,ER,50,QAOA-BF,2048,4,4,103952,True,12,1,wurtz_lykov_3reg_p1,0.1,54.0,13,15,3.3166247903554,2.0,58.0,4.0,True,6,1,1.1547005383792515,0.20784828859154045,57.0,3.0,173,0.08447265625,True,3.0,57.0
ER_n50_g19,ER,50,QAOA-NB,2048,4,4,103952,False,12,1,wurtz_lykov_3reg_p1,0.1,54.0,13,15,0.0,0.0,58.0,4.0,True,6,1,1.0,0.17005939277226323,56.0,2.0,89,0.04345703125,True,2.0,56.0
ER_n50_g19,ER,50,QAOA-BF,2048,5,5,103953,True,12,1,wurtz_lykov_3reg_p1,0.1,54.0,13,11,3.872983346207417,3.0,57.0,3.0,True,6,0,1.1832159566199232,0.25649362165810397,57.0,3.0,43,0.02099609375,True,3.0,57.0
ER_n50_g19,ER,50,QAOA-NB,2048,5,5,103953,False,12,1,wurtz_lykov_3reg_p1,0.1,54.0,13,11,0.0,0.0,57.0,3.0,True,6,0,1.0,0.20604357361145062,56.0,2.0,7,0.00341796875,True,2.0,56.0
ER_n50_g19,ER,50,QAOA-BF,2048,6,6,103954,True,12,1,wurtz_lykov_3reg_p1,0.1,54.0,14,14,4.242640687119285,3.0,57.0,3.0,True,6,0,1.3333333333333333,0.2448927040444514,57.0,3.0,147,0.07177734375,True,3.0,57.0
ER_n50_g19,ER,50,QAOA-NB,2048,6,6,103954,False,12,1,wurtz_lykov_3reg_p1,0.1,54.0,14,14,0.0,0.0,57.0,3.0,True,6,0,1.0,0.18703925666943624,57.0,3.0,70,0.0341796875,True,3.0,57.0
ER_n50_g19,ER,50,QAOA-BF,2048,7,7,103955,True,12,1,wurtz_lykov_3reg_p1,0.1,54.0,13,13,3.0,2.0,57.0,3.0,True,6,1,1.0760551736979407,0.2684758545261878,56.0,2.0,26,0.0126953125,True,2.0,56.0
ER_n50_g19,ER,50,QAOA-NB,2048,7,7,103955,False,12,1,wurtz_lykov_3reg_p1,0.1,54.0,13,13,0.0,0.0,57.0,3.0,True,6,1,1.0,0.30141540666153976,56.0,2.0,9,0.00439453125,True,2.0,56.0
